player_name,month_date,win_rate_pct,best_surface
Adrian Mannarino,2015-03-01,62.5,Grass
Adrian Mannarino,2015-04-01,55.0,Grass
Adrian Mannarino,2015-05-01,47.0,Grass
Adrian Mannarino,2015-06-01,48.1,Grass
Adrian Mannarino,2015-07-01,46.3,Grass
Adrian Mannarino,2015-08-01,50.0,Grass
Adrian Mannarino,2015-09-01,49.0,Grass
Adrian Mannarino,2015-10-01,45.0,Grass
Adrian Mannarino,2015-11-01,40.0,Grass
Adrian Mannarino,2016-01-01,32.5,Grass
Adrian Mannarino,2016-02-01,39.4,Grass
Adrian Mannarino,2016-03-01,46.7,Grass
Adrian Mannarino,2016-04-01,48.3,Grass
Adrian Mannarino,2016-05-01,55.0,Grass
Adrian Mannarino,2016-06-01,54.5,Grass
Adrian Mannarino,2016-07-01,60.0,Grass
Adrian Mannarino,2016-08-01,54.0,Grass
Adrian Mannarino,2016-09-01,45.0,Grass
Adrian Mannarino,2016-10-01,41.7,Grass
Adrian Mannarino,2017-01-01,32.5,Grass
Adrian Mannarino,2017-02-01,23.0,Grass
Adrian Mannarino,2017-03-01,31.7,Grass
Adrian Mannarino,2017-04-01,40.0,Grass
Adrian Mannarino,2017-05-01,35.0,Grass
Adrian Mannarino,2017-06-01,47.5,Grass
Adrian Mannarino,2017-07-01,55.0,Grass
Adrian Mannarino,2017-08-01,65.5,Grass
Adrian Mannarino,2017-09-01,60.0,Grass
Adrian Mannarino,2017-10-01,64.3,Grass
Adrian Mannarino,2018-01-01,62.5,Grass
Adrian Mannarino,2018-02-01,58.1,Grass
Adrian Mannarino,2018-03-01,55.0,Grass
Adrian Mannarino,2018-04-01,50.0,Grass
Adrian Mannarino,2018-05-01,40.0,Grass
Adrian Mannarino,2018-06-01,37.5,Grass
Adrian Mannarino,2018-07-01,46.9,Grass
Adrian Mannarino,2018-08-01,53.8,Grass
Adrian Mannarino,2018-09-01,52.5,Grass
Adrian Mannarino,2018-10-01,44.0,Grass
Adrian Mannarino,2018-12-01,35.0,Grass
Adrian Mannarino,2019-01-01,32.5,Grass
Adrian Mannarino,2019-02-01,32.5,Grass
Adrian Mannarino,2019-03-01,41.3,Grass
Adrian Mannarino,2019-04-01,35.0,Grass
Adrian Mannarino,2019-05-01,32.0,Grass
Adrian Mannarino,2019-06-01,48.6,Grass
Adrian Mannarino,2019-07-01,51.2,Grass
Adrian Mannarino,2019-08-01,57.9,Grass
Adrian Mannarino,2019-09-01,58.1,Grass
Adrian Mannarino,2019-10-01,61.3,Grass
Adrian Mannarino,2020-01-01,51.7,Grass
Adrian Mannarino,2020-02-01,47.5,Grass
Adrian Mannarino,2020-08-01,40.0,Grass
Adrian Mannarino,2020-09-01,30.0,Grass
Adrian Mannarino,2020-10-01,34.4,Grass
Adrian Mannarino,2020-11-01,52.1,Grass
Adrian Mannarino,2021-01-01,50.0,Grass
Adrian Mannarino,2021-02-01,60.7,Grass
Adrian Mannarino,2021-03-01,55.0,Grass
Adrian Mannarino,2021-04-01,47.5,Grass
Adrian Mannarino,2021-05-01,34.0,Grass
Adrian Mannarino,2021-06-01,28.1,Grass
Adrian Mannarino,2021-08-01,30.0,Grass
Adrian Mannarino,2021-09-01,30.0,Grass
Adrian Mannarino,2021-10-01,32.0,Grass
Adrian Mannarino,2021-11-01,42.0,Grass
Adrian Mannarino,2022-01-01,41.7,Grass
Adrian Mannarino,2022-02-01,52.1,Grass
Adrian Mannarino,2022-03-01,53.3,Grass
Adrian Mannarino,2022-04-01,50.0,Grass
Adrian Mannarino,2022-05-01,53.3,Grass
Adrian Mannarino,2022-06-01,49.3,Grass
Adrian Mannarino,2022-07-01,42.5,Grass
Adrian Mannarino,2022-08-01,53.6,Grass
Adrian Mannarino,2022-09-01,60.0,Grass
Adrian Mannarino,2022-10-01,60.0,Grass
Adrian Mannarino,2023-01-01,53.0,Grass
Adrian Mannarino,2023-02-01,47.5,Grass
Adrian Mannarino,2023-03-01,52.9,Grass
Adrian Mannarino,2023-04-01,55.0,Grass
Adrian Mannarino,2023-05-01,56.3,Grass
Adrian Mannarino,2023-06-01,55.0,Grass
Adrian Mannarino,2023-07-01,59.3,Grass
Adrian Mannarino,2023-08-01,66.9,Grass
Adrian Mannarino,2023-09-01,72.9,Grass
Adrian Mannarino,2023-10-01,73.3,Grass
Adrian Mannarino,2023-11-01,71.2,Grass
Adrian Mannarino,2024-01-01,66.3,Grass
Adrian Mannarino,2024-02-01,58.3,Grass
Adrian Mannarino,2024-03-01,58.3,Grass
Adrian Mannarino,2024-04-01,50.0,Grass
Adrian Mannarino,2024-05-01,41.7,Grass
Adrian Mannarino,2024-06-01,38.8,Grass
Adrian Mannarino,2024-07-01,25.0,Grass
Adrian Mannarino,2024-08-01,13.0,Grass
Adrian Mannarino,2024-09-01,21.0,Grass
Adrian Mannarino,2024-10-01,29.3,Grass
Adrian Mannarino,2024-11-01,35.0,Grass
Adrian Mannarino,2025-01-01,35.0,Grass
Adrian Mannarino,2025-02-01,35.0,Grass
Adrian Mannarino,2025-03-01,37.5,Grass
Adrian Mannarino,2025-06-01,37.0,Grass
Adrian Mannarino,2025-07-01,36.7,Grass
Adrian Mannarino,2025-08-01,46.9,Grass
Adrian Mannarino,2025-09-01,56.7,Grass
Adrian Mannarino,2025-10-01,57.5,Grass
Adrian Mannarino,2025-11-01,55.0,Grass
Albert Ramos,2015-05-01,42.5,Clay
Albert Ramos,2015-06-01,41.7,Clay
Albert Ramos,2015-07-01,41.3,Clay
Albert Ramos,2015-08-01,35.0,Clay
Albert Ramos,2015-10-01,38.0,Clay
Albert Ramos,2016-01-01,35.0,Clay
Albert Ramos,2016-02-01,39.4,Clay
Albert Ramos,2016-03-01,45.0,Clay
Albert Ramos,2016-04-01,45.7,Clay
Albert Ramos,2016-05-01,50.0,Clay
Albert Ramos,2016-06-01,56.3,Clay
Albert Ramos,2016-07-01,65.0,Clay
Albert Ramos,2016-08-01,61.0,Clay
Albert Ramos,2016-09-01,56.7,Clay
Albert Ramos,2016-10-01,49.4,Clay
Albert Ramos,2017-01-01,48.8,Clay
Albert Ramos,2017-02-01,53.2,Clay
Albert Ramos,2017-03-01,58.3,Clay
Albert Ramos,2017-04-01,63.5,Clay
Albert Ramos,2017-05-01,58.6,Clay
Albert Ramos,2017-06-01,60.0,Clay
Albert Ramos,2017-07-01,55.7,Clay
Albert Ramos,2017-08-01,43.3,Clay
Albert Ramos,2017-09-01,45.0,Clay
Albert Ramos,2017-10-01,43.9,Clay
Albert Ramos,2018-01-01,40.0,Clay
Albert Ramos,2018-02-01,50.9,Clay
Albert Ramos,2018-03-01,50.0,Clay
Albert Ramos,2018-04-01,53.6,Clay
Albert Ramos,2018-05-01,47.8,Clay
Albert Ramos,2018-07-01,41.7,Clay
Albert Ramos,2018-08-01,35.0,Clay
Albert Ramos,2018-09-01,37.5,Clay
Albert Ramos,2018-10-01,33.0,Clay
Albert Ramos,2018-12-01,30.0,Clay
Albert Ramos,2019-01-01,22.5,Clay
Albert Ramos,2019-02-01,36.5,Clay
Albert Ramos,2019-03-01,46.7,Clay
Albert Ramos,2019-04-01,53.3,Clay
Albert Ramos,2019-05-01,54.3,Clay
Albert Ramos,2019-07-01,58.0,Clay
Albert Ramos,2019-08-01,67.5,Clay
Albert Ramos,2019-09-01,71.0,Clay
Albert Ramos,2019-10-01,66.7,Clay
Albert Ramos,2020-01-01,61.3,Clay
Albert Ramos,2020-02-01,50.6,Clay
Albert Ramos,2020-08-01,45.0,Clay
Albert Ramos,2020-09-01,40.0,Clay
Albert Ramos,2020-10-01,40.0,Clay
Albert Ramos,2020-11-01,35.0,Clay
Albert Ramos,2021-02-01,37.5,Clay
Albert Ramos,2021-03-01,47.0,Clay
Albert Ramos,2021-04-01,60.4,Clay
Albert Ramos,2021-05-01,65.0,Clay
Albert Ramos,2021-06-01,51.7,Clay
Albert Ramos,2021-07-01,50.0,Clay
Albert Ramos,2021-08-01,41.7,Clay
Albert Ramos,2021-10-01,32.0,Clay
Albert Ramos,2021-11-01,30.0,Clay
Albert Ramos,2022-01-01,40.0,Clay
Albert Ramos,2022-02-01,50.8,Clay
Albert Ramos,2022-03-01,50.0,Clay
Albert Ramos,2022-04-01,54.4,Clay
Albert Ramos,2022-05-01,48.0,Clay
Albert Ramos,2022-06-01,40.0,Clay
Albert Ramos,2022-07-01,42.5,Clay
Albert Ramos,2022-08-01,46.9,Clay
Albert Ramos,2022-09-01,50.0,Clay
Albert Ramos,2022-10-01,49.2,Clay
Albert Ramos,2023-01-01,36.3,Clay
Albert Ramos,2023-02-01,33.1,Clay
Albert Ramos,2023-03-01,27.5,Clay
Albert Ramos,2023-04-01,25.0,Clay
Albert Ramos,2023-05-01,30.0,Clay
Albert Ramos,2023-06-01,30.0,Clay
Albert Ramos,2023-07-01,31.1,Clay
Albert Ramos,2023-08-01,35.0,Clay
Albert Ramos,2023-09-01,35.0,Clay
Albert Ramos,2023-10-01,35.0,Clay
Albert Ramos,2023-11-01,37.5,Clay
Albert Ramos,2024-01-01,35.0,Clay
Albert Ramos,2024-02-01,40.0,Clay
Albert Ramos,2024-04-01,35.0,Clay
Albert Ramos,2024-07-01,25.0,Clay
Albert Ramos,2024-08-01,25.0,Clay
Albert Ramos,2025-04-01,25.0,Clay
Albert Ramos,2025-05-01,20.0,Clay
Alejandro Davidovich Fokina,2020-08-01,32.5,Clay
Alejandro Davidovich Fokina,2020-09-01,28.3,Clay
Alejandro Davidovich Fokina,2020-10-01,46.4,Clay
Alejandro Davidovich Fokina,2020-11-01,60.0,Clay
Alejandro Davidovich Fokina,2021-02-01,65.0,Clay
Alejandro Davidovich Fokina,2021-03-01,61.7,Clay
Alejandro Davidovich Fokina,2021-04-01,60.5,Clay
Alejandro Davidovich Fokina,2021-05-01,62.0,Clay
Alejandro Davidovich Fokina,2021-06-01,65.0,Clay
Alejandro Davidovich Fokina,2021-07-01,63.3,Clay
Alejandro Davidovich Fokina,2021-08-01,55.0,Clay
Alejandro Davidovich Fokina,2021-09-01,51.7,Clay
Alejandro Davidovich Fokina,2021-10-01,48.0,Clay
Alejandro Davidovich Fokina,2021-11-01,40.0,Clay
Alejandro Davidovich Fokina,2022-01-01,37.5,Clay
Alejandro Davidovich Fokina,2022-02-01,37.0,Clay
Alejandro Davidovich Fokina,2022-03-01,40.0,Clay
Alejandro Davidovich Fokina,2022-04-01,43.9,Clay
Alejandro Davidovich Fokina,2022-05-01,52.0,Clay
Alejandro Davidovich Fokina,2022-06-01,53.3,Clay
Alejandro Davidovich Fokina,2022-07-01,55.0,Clay
Alejandro Davidovich Fokina,2022-08-01,47.5,Clay
Alejandro Davidovich Fokina,2022-10-01,43.8,Clay
Alejandro Davidovich Fokina,2023-01-01,44.0,Clay
Alejandro Davidovich Fokina,2023-02-01,44.4,Clay
Alejandro Davidovich Fokina,2023-03-01,50.0,Clay
Alejandro Davidovich Fokina,2023-04-01,56.1,Clay
Alejandro Davidovich Fokina,2023-05-01,59.0,Clay
Alejandro Davidovich Fokina,2023-06-01,52.5,Clay
Alejandro Davidovich Fokina,2023-07-01,50.8,Clay
Alejandro Davidovich Fokina,2023-08-01,56.0,Clay
Alejandro Davidovich Fokina,2023-09-01,54.0,Clay
Alejandro Davidovich Fokina,2023-10-01,53.3,Clay
Alejandro Davidovich Fokina,2024-01-01,57.5,Clay
Alejandro Davidovich Fokina,2024-02-01,51.9,Clay
Alejandro Davidovich Fokina,2024-03-01,51.7,Clay
Alejandro Davidovich Fokina,2024-04-01,49.0,Clay
Alejandro Davidovich Fokina,2024-05-01,43.3,Clay
Alejandro Davidovich Fokina,2024-06-01,40.0,Clay
Alejandro Davidovich Fokina,2024-07-01,42.0,Clay
Alejandro Davidovich Fokina,2024-08-01,44.0,Clay
Alejandro Davidovich Fokina,2024-09-01,45.0,Clay
Alejandro Davidovich Fokina,2024-10-01,45.0,Clay
Alejandro Davidovich Fokina,2024-12-01,40.0,Clay
Alejandro Davidovich Fokina,2025-01-01,45.8,Clay
Alejandro Davidovich Fokina,2025-02-01,56.3,Clay
Alejandro Davidovich Fokina,2025-03-01,66.7,Clay
Alejandro Davidovich Fokina,2025-04-01,70.0,Clay
Alejandro Davidovich Fokina,2025-05-01,60.0,Clay
Alejandro Davidovich Fokina,2025-06-01,61.4,Clay
Alejandro Davidovich Fokina,2025-07-01,60.0,Clay
Alejandro Davidovich Fokina,2025-08-01,61.7,Clay
Alejandro Davidovich Fokina,2025-09-01,62.5,Clay
Alejandro Davidovich Fokina,2025-10-01,59.6,Clay
Alejandro Tabilo,2022-01-01,47.5,Clay
Alejandro Tabilo,2022-02-01,48.0,Clay
Alejandro Tabilo,2022-03-01,50.0,Clay
Alejandro Tabilo,2022-04-01,56.7,Clay
Alejandro Tabilo,2022-06-01,56.3,Clay
Alejandro Tabilo,2022-08-01,51.2,Clay
Alejandro Tabilo,2022-09-01,50.0,Clay
Alejandro Tabilo,2023-02-01,42.5,Clay
Alejandro Tabilo,2023-03-01,45.0,Clay
Alejandro Tabilo,2023-07-01,40.0,Clay
Alejandro Tabilo,2023-09-01,40.0,Clay
Alejandro Tabilo,2024-01-01,51.7,Clay
Alejandro Tabilo,2024-02-01,61.1,Clay
Alejandro Tabilo,2024-03-01,63.7,Clay
Alejandro Tabilo,2024-04-01,63.3,Clay
Alejandro Tabilo,2024-05-01,60.0,Clay
Alejandro Tabilo,2024-06-01,59.2,Clay
Alejandro Tabilo,2024-07-01,65.0,Clay
Alejandro Tabilo,2024-08-01,61.0,Clay
Alejandro Tabilo,2024-09-01,45.0,Clay
Alejandro Tabilo,2024-10-01,35.6,Clay
Alejandro Tabilo,2024-12-01,30.0,Clay
Alejandro Tabilo,2025-01-01,27.5,Clay
Alejandro Tabilo,2025-02-01,20.0,Clay
Alejandro Tabilo,2025-03-01,28.0,Clay
Alejandro Tabilo,2025-04-01,35.0,Clay
Alejandro Tabilo,2025-05-01,35.0,Clay
Alejandro Tabilo,2025-08-01,30.0,Clay
Alejandro Tabilo,2025-09-01,41.7,Clay
Alejandro Tabilo,2025-10-01,53.3,Clay
Alejandro Tabilo,2025-11-01,52.5,Clay
Aleksandar Vukic,2023-01-01,40.0,Grass
Aleksandar Vukic,2023-02-01,45.0,Grass
Aleksandar Vukic,2023-03-01,40.0,Grass
Aleksandar Vukic,2023-04-01,40.0,Grass
Aleksandar Vukic,2023-06-01,42.5,Grass
Aleksandar Vukic,2023-07-01,44.4,Grass
Aleksandar Vukic,2023-08-01,45.8,Grass
Aleksandar Vukic,2023-09-01,45.0,Grass
Aleksandar Vukic,2023-10-01,47.5,Grass
Aleksandar Vukic,2024-01-01,40.0,Grass
Aleksandar Vukic,2024-02-01,33.3,Grass
Aleksandar Vukic,2024-03-01,30.0,Grass
Aleksandar Vukic,2024-04-01,27.5,Grass
Aleksandar Vukic,2024-05-01,29.0,Grass
Aleksandar Vukic,2024-06-01,42.9,Grass
Aleksandar Vukic,2024-07-01,50.0,Grass
Aleksandar Vukic,2024-08-01,53.8,Grass
Aleksandar Vukic,2024-09-01,55.0,Grass
Aleksandar Vukic,2024-10-01,55.0,Grass
Aleksandar Vukic,2024-12-01,55.0,Grass
Aleksandar Vukic,2025-01-01,54.0,Grass
Aleksandar Vukic,2025-02-01,51.7,Grass
Aleksandar Vukic,2025-03-01,46.7,Grass
Aleksandar Vukic,2025-04-01,40.0,Grass
Aleksandar Vukic,2025-05-01,38.3,Grass
Aleksandar Vukic,2025-06-01,26.0,Grass
Aleksandar Vukic,2025-07-01,24.2,Grass
Aleksandar Vukic,2025-08-01,25.0,Grass
Aleksandar Vukic,2025-09-01,30.8,Grass
Aleksandar Vukic,2025-10-01,39.0,Grass
Aleksandar Vukic,2025-11-01,42.5,Grass
Alex De Minaur,2018-03-01,50.0,Hard
Alex De Minaur,2018-04-01,50.0,Hard
Alex De Minaur,2018-05-01,45.0,Hard
Alex De Minaur,2018-06-01,45.0,Hard
Alex De Minaur,2018-07-01,47.5,Hard
Alex De Minaur,2018-08-01,52.5,Hard
Alex De Minaur,2018-09-01,55.0,Hard
Alex De Minaur,2018-10-01,58.6,Hard
Alex De Minaur,2018-11-01,54.0,Hard
Alex De Minaur,2018-12-01,58.3,Hard
Alex De Minaur,2019-01-01,68.1,Hard
Alex De Minaur,2019-02-01,76.3,Hard
Alex De Minaur,2019-03-01,75.0,Hard
Alex De Minaur,2019-04-01,70.0,Hard
Alex De Minaur,2019-05-01,62.5,Hard
Alex De Minaur,2019-06-01,58.3,Hard
Alex De Minaur,2019-07-01,50.7,Hard
Alex De Minaur,2019-08-01,50.6,Hard
Alex De Minaur,2019-09-01,67.5,Hard
Alex De Minaur,2019-10-01,71.1,Hard
Alex De Minaur,2019-11-01,75.0,Hard
Alex De Minaur,2020-01-01,75.0,Hard
Alex De Minaur,2020-02-01,70.0,Hard
Alex De Minaur,2020-08-01,66.7,Hard
Alex De Minaur,2020-09-01,62.5,Hard
Alex De Minaur,2020-10-01,57.0,Hard
Alex De Minaur,2020-11-01,57.0,Hard
Alex De Minaur,2021-01-01,67.0,Hard
Alex De Minaur,2021-02-01,66.0,Hard
Alex De Minaur,2021-03-01,67.5,Hard
Alex De Minaur,2021-04-01,53.3,Hard
Alex De Minaur,2021-05-01,51.7,Hard
Alex De Minaur,2021-06-01,50.0,Hard
Alex De Minaur,2021-08-01,56.0,Hard
Alex De Minaur,2021-09-01,50.0,Hard
Alex De Minaur,2021-10-01,50.0,Hard
Alex De Minaur,2021-11-01,40.0,Hard
Alex De Minaur,2022-01-01,42.1,Hard
Alex De Minaur,2022-02-01,53.8,Hard
Alex De Minaur,2022-03-01,60.7,Hard
Alex De Minaur,2022-04-01,66.7,Hard
Alex De Minaur,2022-05-01,63.9,Hard
Alex De Minaur,2022-06-01,58.2,Hard
Alex De Minaur,2022-07-01,63.7,Hard
Alex De Minaur,2022-08-01,68.3,Hard
Alex De Minaur,2022-09-01,71.7,Hard
Alex De Minaur,2022-10-01,68.3,Hard
Alex De Minaur,2022-11-01,65.0,Hard
Alex De Minaur,2023-01-01,65.0,Hard
Alex De Minaur,2023-02-01,65.5,Hard
Alex De Minaur,2023-03-01,67.5,Hard
Alex De Minaur,2023-04-01,65.7,Hard
Alex De Minaur,2023-05-01,58.3,Hard
Alex De Minaur,2023-06-01,58.6,Hard
Alex De Minaur,2023-07-01,58.9,Hard
Alex De Minaur,2023-08-01,71.7,Hard
Alex De Minaur,2023-09-01,72.0,Hard
Alex De Minaur,2023-10-01,63.5,Hard
Alex De Minaur,2023-11-01,63.3,Hard
Alex De Minaur,2024-01-01,64.4,Hard
Alex De Minaur,2024-02-01,72.7,Hard
Alex De Minaur,2024-03-01,80.0,Hard
Alex De Minaur,2024-04-01,73.6,Hard
Alex De Minaur,2024-05-01,70.0,Hard
Alex De Minaur,2024-06-01,69.0,Hard
Alex De Minaur,2024-07-01,71.0,Hard
Alex De Minaur,2024-08-01,79.0,Hard
Alex De Minaur,2024-10-01,76.0,Hard
Alex De Minaur,2024-11-01,61.0,Hard
Alex De Minaur,2024-12-01,55.0,Hard
Alex De Minaur,2025-01-01,58.3,Hard
Alex De Minaur,2025-02-01,62.8,Hard
Alex De Minaur,2025-03-01,73.3,Hard
Alex De Minaur,2025-04-01,68.0,Hard
Alex De Minaur,2025-05-01,66.0,Hard
Alex De Minaur,2025-06-01,64.0,Hard
Alex De Minaur,2025-07-01,69.4,Hard
Alex De Minaur,2025-08-01,72.5,Hard
Alex De Minaur,2025-09-01,76.9,Hard
Alex De Minaur,2025-10-01,74.1,Hard
Alex De Minaur,2025-11-01,71.3,Hard
Alex Michelsen,2024-01-01,45.0,Grass
Alex Michelsen,2024-02-01,44.3,Grass
Alex Michelsen,2024-03-01,42.5,Grass
Alex Michelsen,2024-04-01,43.8,Grass
Alex Michelsen,2024-05-01,47.0,Grass
Alex Michelsen,2024-06-01,41.0,Grass
Alex Michelsen,2024-07-01,42.5,Grass
Alex Michelsen,2024-08-01,54.5,Grass
Alex Michelsen,2024-09-01,63.3,Grass
Alex Michelsen,2024-10-01,59.0,Grass
Alex Michelsen,2024-11-01,60.0,Grass
Alex Michelsen,2024-12-01,62.5,Grass
Alex Michelsen,2025-01-01,63.7,Grass
Alex Michelsen,2025-02-01,66.7,Grass
Alex Michelsen,2025-03-01,60.0,Grass
Alex Michelsen,2025-04-01,55.0,Grass
Alex Michelsen,2025-05-01,48.3,Grass
Alex Michelsen,2025-06-01,43.9,Grass
Alex Michelsen,2025-07-01,44.0,Grass
Alex Michelsen,2025-08-01,45.0,Grass
Alex Michelsen,2025-09-01,45.0,Grass
Alex Michelsen,2025-10-01,45.7,Grass
Alex Molcan,2022-02-01,56.3,Clay
Alex Molcan,2022-04-01,56.4,Clay
Alex Molcan,2022-05-01,61.4,Clay
Alex Molcan,2022-06-01,63.3,Clay
Alex Molcan,2022-07-01,63.3,Clay
Alex Molcan,2022-08-01,57.5,Clay
Alex Molcan,2022-09-01,52.5,Clay
Alex Molcan,2022-10-01,52.5,Clay
Alex Molcan,2023-01-01,46.3,Clay
Alex Molcan,2023-02-01,35.0,Clay
Alex Molcan,2023-03-01,38.3,Clay
Alex Molcan,2023-04-01,45.8,Clay
Alex Molcan,2023-05-01,53.8,Clay
Alex Molcan,2023-07-01,52.5,Clay
Alex Molcan,2023-08-01,50.0,Clay
Alex Molcan,2023-09-01,50.0,Clay
Alex Molcan,2024-02-01,52.5,Clay
Alex Molcan,2025-09-01,50.0,Clay
Alexander Bublik,2019-05-01,45.0,Grass
Alexander Bublik,2019-06-01,45.0,Grass
Alexander Bublik,2019-07-01,45.0,Grass
Alexander Bublik,2019-08-01,48.8,Grass
Alexander Bublik,2019-09-01,52.5,Grass
Alexander Bublik,2019-10-01,53.3,Grass
Alexander Bublik,2019-11-01,45.0,Grass
Alexander Bublik,2020-01-01,46.0,Grass
Alexander Bublik,2020-02-01,47.0,Grass
Alexander Bublik,2020-03-01,52.5,Grass
Alexander Bublik,2020-08-01,55.0,Grass
Alexander Bublik,2020-09-01,50.0,Grass
Alexander Bublik,2020-10-01,51.7,Grass
Alexander Bublik,2020-11-01,45.0,Grass
Alexander Bublik,2021-01-01,48.0,Grass
Alexander Bublik,2021-02-01,53.1,Grass
Alexander Bublik,2021-03-01,60.5,Grass
Alexander Bublik,2021-04-01,56.3,Grass
Alexander Bublik,2021-05-01,55.0,Grass
Alexander Bublik,2021-06-01,51.9,Grass
Alexander Bublik,2021-07-01,52.5,Grass
Alexander Bublik,2021-08-01,49.4,Grass
Alexander Bublik,2021-09-01,51.7,Grass
Alexander Bublik,2021-10-01,46.7,Grass
Alexander Bublik,2021-11-01,43.0,Grass
Alexander Bublik,2021-12-01,45.0,Grass
Alexander Bublik,2022-01-01,50.0,Grass
Alexander Bublik,2022-02-01,55.0,Grass
Alexander Bublik,2022-03-01,60.0,Grass
Alexander Bublik,2022-04-01,60.0,Grass
Alexander Bublik,2022-05-01,51.0,Grass
Alexander Bublik,2022-06-01,44.5,Grass
Alexander Bublik,2022-07-01,48.8,Grass
Alexander Bublik,2022-08-01,53.3,Grass
Alexander Bublik,2022-09-01,57.5,Grass
Alexander Bublik,2022-10-01,58.9,Grass
Alexander Bublik,2023-01-01,51.2,Grass
Alexander Bublik,2023-02-01,39.0,Grass
Alexander Bublik,2023-03-01,30.0,Grass
Alexander Bublik,2023-04-01,23.8,Grass
Alexander Bublik,2023-05-01,34.0,Grass
Alexander Bublik,2023-06-01,44.3,Grass
Alexander Bublik,2023-07-01,57.0,Grass
Alexander Bublik,2023-08-01,57.5,Grass
Alexander Bublik,2023-09-01,57.5,Grass
Alexander Bublik,2023-10-01,64.4,Grass
Alexander Bublik,2023-11-01,55.0,Grass
Alexander Bublik,2024-01-01,58.9,Grass
Alexander Bublik,2024-02-01,67.8,Grass
Alexander Bublik,2024-03-01,68.3,Grass
Alexander Bublik,2024-04-01,62.5,Grass
Alexander Bublik,2024-05-01,57.5,Grass
Alexander Bublik,2024-06-01,52.0,Grass
Alexander Bublik,2024-07-01,46.3,Grass
Alexander Bublik,2024-08-01,45.0,Grass
Alexander Bublik,2024-09-01,40.0,Grass
Alexander Bublik,2024-10-01,32.5,Grass
Alexander Bublik,2025-01-01,27.5,Grass
Alexander Bublik,2025-02-01,24.0,Grass
Alexander Bublik,2025-03-01,23.3,Grass
Alexander Bublik,2025-04-01,30.0,Grass
Alexander Bublik,2025-05-01,42.5,Grass
Alexander Bublik,2025-06-01,60.8,Grass
Alexander Bublik,2025-07-01,76.9,Grass
Alexander Bublik,2025-08-01,88.8,Grass
Alexander Bublik,2025-09-01,83.3,Grass
Alexander Bublik,2025-10-01,75.6,Grass
Alexander Bublik,2025-11-01,65.0,Grass
Alexander Shevchenko,2023-07-01,40.0,Hard
Alexander Shevchenko,2023-08-01,40.0,Hard
Alexander Shevchenko,2023-09-01,42.5,Hard
Alexander Shevchenko,2023-10-01,39.2,Hard
Alexander Shevchenko,2023-11-01,47.0,Hard
Alexander Shevchenko,2024-01-01,53.1,Hard
Alexander Shevchenko,2024-02-01,59.3,Hard
Alexander Shevchenko,2024-03-01,50.0,Hard
Alexander Shevchenko,2024-04-01,42.5,Hard
Alexander Shevchenko,2024-05-01,45.0,Hard
Alexander Shevchenko,2024-06-01,42.5,Hard
Alexander Shevchenko,2024-07-01,42.0,Hard
Alexander Shevchenko,2024-08-01,38.3,Hard
Alexander Shevchenko,2024-09-01,40.0,Hard
Alexander Shevchenko,2024-10-01,41.7,Hard
Alexander Shevchenko,2024-11-01,40.0,Hard
Alexander Shevchenko,2024-12-01,38.3,Hard
Alexander Shevchenko,2025-01-01,35.0,Hard
Alexander Shevchenko,2025-02-01,40.8,Hard
Alexander Shevchenko,2025-03-01,37.5,Hard
Alexander Shevchenko,2025-04-01,37.5,Hard
Alexander Shevchenko,2025-05-01,31.7,Hard
Alexander Shevchenko,2025-06-01,25.0,Hard
Alexander Shevchenko,2025-07-01,33.0,Hard
Alexander Shevchenko,2025-08-01,35.0,Hard
Alexander Shevchenko,2025-09-01,42.0,Hard
Alexander Shevchenko,2025-10-01,48.3,Hard
Alexander Zverev,2015-07-01,50.0,Clay
Alexander Zverev,2015-08-01,58.3,Clay
Alexander Zverev,2015-09-01,52.5,Clay
Alexander Zverev,2015-10-01,52.5,Clay
Alexander Zverev,2016-01-01,45.0,Clay
Alexander Zverev,2016-02-01,49.4,Clay
Alexander Zverev,2016-03-01,48.1,Clay
Alexander Zverev,2016-04-01,57.2,Clay
Alexander Zverev,2016-05-01,64.5,Clay
Alexander Zverev,2016-06-01,72.5,Clay
Alexander Zverev,2016-07-01,69.2,Clay
Alexander Zverev,2016-08-01,60.0,Clay
Alexander Zverev,2016-09-01,63.0,Clay
Alexander Zverev,2016-10-01,66.1,Clay
Alexander Zverev,2017-01-01,68.3,Clay
Alexander Zverev,2017-02-01,72.5,Clay
Alexander Zverev,2017-03-01,64.2,Clay
Alexander Zverev,2017-04-01,64.0,Clay
Alexander Zverev,2017-05-01,73.3,Clay
Alexander Zverev,2017-06-01,81.9,Clay
Alexander Zverev,2017-07-01,79.4,Clay
Alexander Zverev,2017-08-01,83.1,Clay
Alexander Zverev,2017-09-01,81.3,Clay
Alexander Zverev,2017-10-01,76.5,Clay
Alexander Zverev,2017-11-01,58.3,Clay
Alexander Zverev,2018-01-01,60.0,Clay
Alexander Zverev,2018-02-01,60.0,Clay
Alexander Zverev,2018-03-01,62.9,Clay
Alexander Zverev,2018-04-01,71.5,Clay
Alexander Zverev,2018-05-01,84.3,Clay
Alexander Zverev,2018-06-01,85.0,Clay
Alexander Zverev,2018-07-01,81.3,Clay
Alexander Zverev,2018-08-01,74.3,Clay
Alexander Zverev,2018-09-01,70.0,Clay
Alexander Zverev,2018-10-01,72.3,Clay
Alexander Zverev,2018-11-01,72.0,Clay
Alexander Zverev,2019-01-01,75.0,Clay
Alexander Zverev,2019-02-01,77.1,Clay
Alexander Zverev,2019-03-01,75.0,Clay
Alexander Zverev,2019-04-01,67.9,Clay
Alexander Zverev,2019-05-01,58.5,Clay
Alexander Zverev,2019-06-01,63.7,Clay
Alexander Zverev,2019-07-01,67.0,Clay
Alexander Zverev,2019-08-01,66.9,Clay
Alexander Zverev,2019-09-01,60.8,Clay
Alexander Zverev,2019-10-01,66.3,Clay
Alexander Zverev,2019-11-01,62.5,Clay
Alexander Zverev,2020-01-01,55.0,Clay
Alexander Zverev,2020-02-01,52.5,Clay
Alexander Zverev,2020-08-01,56.9,Clay
Alexander Zverev,2020-09-01,71.3,Clay
Alexander Zverev,2020-10-01,77.5,Clay
Alexander Zverev,2020-11-01,86.3,Clay
Alexander Zverev,2021-02-01,74.4,Clay
Alexander Zverev,2021-03-01,64.3,Clay
Alexander Zverev,2021-04-01,60.0,Clay
Alexander Zverev,2021-05-01,74.3,Clay
Alexander Zverev,2021-06-01,77.5,Clay
Alexander Zverev,2021-07-01,80.0,Clay
Alexander Zverev,2021-08-01,86.8,Clay
Alexander Zverev,2021-09-01,90.0,Clay
Alexander Zverev,2021-10-01,91.1,Clay
Alexander Zverev,2021-11-01,85.0,Clay
Alexander Zverev,2022-01-01,80.9,Clay
Alexander Zverev,2022-02-01,72.5,Clay
Alexander Zverev,2022-03-01,72.1,Clay
Alexander Zverev,2022-04-01,70.0,Clay
Alexander Zverev,2022-05-01,71.3,Clay
Alexander Zverev,2023-01-01,66.3,Clay
Alexander Zverev,2023-02-01,61.1,Clay
Alexander Zverev,2023-03-01,56.3,Clay
Alexander Zverev,2023-04-01,52.1,Clay
Alexander Zverev,2023-05-01,61.2,Clay
Alexander Zverev,2023-06-01,70.0,Clay
Alexander Zverev,2023-07-01,75.0,Clay
Alexander Zverev,2023-08-01,77.9,Clay
Alexander Zverev,2023-09-01,83.1,Clay
Alexander Zverev,2023-10-01,73.1,Clay
Alexander Zverev,2023-11-01,66.7,Clay
Alexander Zverev,2024-01-01,68.6,Clay
Alexander Zverev,2024-02-01,73.8,Clay
Alexander Zverev,2024-03-01,74.4,Clay
Alexander Zverev,2024-04-01,67.9,Clay
Alexander Zverev,2024-05-01,75.4,Clay
Alexander Zverev,2024-06-01,83.8,Clay
Alexander Zverev,2024-07-01,83.1,Clay
Alexander Zverev,2024-08-01,75.4,Clay
Alexander Zverev,2024-09-01,70.0,Clay
Alexander Zverev,2024-10-01,71.8,Clay
Alexander Zverev,2024-11-01,77.5,Clay
Alexander Zverev,2024-12-01,75.0,Clay
Alexander Zverev,2025-01-01,85.0,Clay
Alexander Zverev,2025-02-01,82.1,Clay
Alexander Zverev,2025-03-01,70.0,Clay
Alexander Zverev,2025-04-01,65.0,Clay
Alexander Zverev,2025-05-01,70.5,Clay
Alexander Zverev,2025-06-01,75.6,Clay
Alexander Zverev,2025-07-01,71.0,Clay
Alexander Zverev,2025-08-01,73.8,Clay
Alexander Zverev,2025-09-01,64.0,Clay
Alexander Zverev,2025-10-01,64.5,Clay
Alexander Zverev,2025-11-01,60.0,Clay
Alexandr Dolgopolov,2015-05-01,59.0,Clay
Alexandr Dolgopolov,2015-06-01,57.0,Clay
Alexandr Dolgopolov,2015-07-01,52.5,Clay
Alexandr Dolgopolov,2015-08-01,56.5,Clay
Alexandr Dolgopolov,2015-10-01,47.5,Clay
Alexandr Dolgopolov,2015-11-01,37.5,Clay
Alexandr Dolgopolov,2016-01-01,42.0,Clay
Alexandr Dolgopolov,2016-02-01,41.3,Clay
Alexandr Dolgopolov,2016-03-01,52.5,Clay
Alexandr Dolgopolov,2016-04-01,61.7,Clay
Alexandr Dolgopolov,2016-05-01,56.7,Clay
Alexandr Dolgopolov,2016-06-01,58.0,Clay
Alexandr Dolgopolov,2016-07-01,55.0,Clay
Alexandr Dolgopolov,2016-08-01,42.5,Clay
Alexandr Dolgopolov,2017-01-01,33.8,Clay
Alexandr Dolgopolov,2017-02-01,39.0,Clay
Alexandr Dolgopolov,2017-03-01,45.0,Clay
Alexandr Dolgopolov,2017-05-01,48.3,Clay
Alexandr Dolgopolov,2017-06-01,55.0,Clay
Alexandr Dolgopolov,2017-07-01,54.4,Clay
Alexandr Dolgopolov,2017-08-01,45.0,Clay
Alexandr Dolgopolov,2017-09-01,58.0,Clay
Alexandr Dolgopolov,2017-10-01,58.6,Clay
Alexandr Dolgopolov,2018-01-01,60.6,Clay
Alexandr Dolgopolov,2018-04-01,55.0,Clay
Alexandr Dolgopolov,2018-05-01,50.0,Clay
Alexandre Muller,2023-07-01,45.0,Clay
Alexandre Muller,2023-08-01,42.5,Clay
Alexandre Muller,2023-09-01,45.0,Clay
Alexandre Muller,2023-10-01,36.7,Clay
Alexandre Muller,2024-01-01,30.0,Clay
Alexandre Muller,2024-02-01,25.0,Clay
Alexandre Muller,2024-03-01,28.3,Clay
Alexandre Muller,2024-04-01,28.3,Clay
Alexandre Muller,2024-05-01,42.5,Clay
Alexandre Muller,2024-07-01,45.0,Clay
Alexandre Muller,2024-08-01,48.8,Clay
Alexandre Muller,2024-09-01,50.0,Clay
Alexandre Muller,2024-10-01,50.0,Clay
Alexandre Muller,2024-11-01,45.0,Clay
Alexandre Muller,2024-12-01,51.0,Clay
Alexandre Muller,2025-01-01,55.0,Clay
Alexandre Muller,2025-02-01,59.3,Clay
Alexandre Muller,2025-03-01,58.0,Clay
Alexandre Muller,2025-04-01,55.8,Clay
Alexandre Muller,2025-05-01,50.8,Clay
Alexandre Muller,2025-06-01,40.0,Clay
Alexandre Muller,2025-07-01,42.5,Clay
Alexandre Muller,2025-08-01,40.0,Clay
Alexandre Muller,2025-09-01,37.5,Clay
Alexandre Muller,2025-10-01,30.0,Clay
Alexandre Muller,2025-11-01,33.3,Clay
Alexei Popyrin,2019-06-01,30.0,Clay
Alexei Popyrin,2019-07-01,38.3,Clay
Alexei Popyrin,2019-08-01,42.0,Clay
Alexei Popyrin,2019-09-01,40.0,Clay
Alexei Popyrin,2019-10-01,40.0,Clay
Alexei Popyrin,2020-01-01,42.5,Clay
Alexei Popyrin,2020-02-01,40.0,Clay
Alexei Popyrin,2020-09-01,40.0,Clay
Alexei Popyrin,2020-10-01,35.0,Clay
Alexei Popyrin,2021-02-01,42.5,Clay
Alexei Popyrin,2021-03-01,59.0,Clay
Alexei Popyrin,2021-04-01,63.0,Clay
Alexei Popyrin,2021-05-01,63.7,Clay
Alexei Popyrin,2021-06-01,53.0,Clay
Alexei Popyrin,2021-07-01,40.0,Clay
Alexei Popyrin,2021-08-01,36.7,Clay
Alexei Popyrin,2021-10-01,36.3,Clay
Alexei Popyrin,2021-11-01,35.0,Clay
Alexei Popyrin,2022-01-01,37.0,Clay
Alexei Popyrin,2022-02-01,35.0,Clay
Alexei Popyrin,2022-03-01,30.0,Clay
Alexei Popyrin,2022-05-01,25.0,Clay
Alexei Popyrin,2022-06-01,25.0,Clay
Alexei Popyrin,2022-07-01,25.0,Clay
Alexei Popyrin,2022-08-01,23.8,Clay
Alexei Popyrin,2022-09-01,20.0,Clay
Alexei Popyrin,2022-10-01,20.0,Clay
Alexei Popyrin,2023-01-01,31.4,Clay
Alexei Popyrin,2023-02-01,35.0,Clay
Alexei Popyrin,2023-03-01,37.5,Clay
Alexei Popyrin,2023-04-01,45.0,Clay
Alexei Popyrin,2023-05-01,50.0,Clay
Alexei Popyrin,2023-06-01,46.7,Clay
Alexei Popyrin,2023-07-01,50.0,Clay
Alexei Popyrin,2023-08-01,61.0,Clay
Alexei Popyrin,2023-09-01,60.0,Clay
Alexei Popyrin,2023-10-01,54.2,Clay
Alexei Popyrin,2023-11-01,55.0,Clay
Alexei Popyrin,2024-01-01,55.0,Clay
Alexei Popyrin,2024-02-01,48.8,Clay
Alexei Popyrin,2024-03-01,48.3,Clay
Alexei Popyrin,2024-04-01,54.0,Clay
Alexei Popyrin,2024-05-01,50.0,Clay
Alexei Popyrin,2024-06-01,48.3,Clay
Alexei Popyrin,2024-07-01,45.0,Clay
Alexei Popyrin,2024-08-01,53.6,Clay
Alexei Popyrin,2024-09-01,65.0,Clay
Alexei Popyrin,2024-10-01,67.5,Clay
Alexei Popyrin,2024-12-01,60.0,Clay
Alexei Popyrin,2025-01-01,55.0,Clay
Alexei Popyrin,2025-02-01,46.3,Clay
Alexei Popyrin,2025-03-01,40.0,Clay
Alexei Popyrin,2025-04-01,42.0,Clay
Alexei Popyrin,2025-05-01,46.1,Clay
Alexei Popyrin,2025-06-01,53.8,Clay
Alexei Popyrin,2025-07-01,53.0,Clay
Alexei Popyrin,2025-08-01,55.0,Clay
Alexei Popyrin,2025-10-01,46.7,Clay
Alexei Popyrin,2025-11-01,40.0,Clay
Aljaz Bedene,2015-08-01,52.5,Clay
Aljaz Bedene,2015-09-01,50.0,Clay
Aljaz Bedene,2015-10-01,45.0,Clay
Aljaz Bedene,2015-11-01,45.0,Clay
Aljaz Bedene,2016-01-01,46.7,Clay
Aljaz Bedene,2016-02-01,40.0,Clay
Aljaz Bedene,2016-03-01,38.3,Clay
Aljaz Bedene,2016-04-01,40.0,Clay
Aljaz Bedene,2016-05-01,40.0,Clay
Aljaz Bedene,2016-06-01,36.0,Clay
Aljaz Bedene,2016-07-01,38.3,Clay
Aljaz Bedene,2016-08-01,38.3,Clay
Aljaz Bedene,2017-01-01,40.0,Clay
Aljaz Bedene,2017-02-01,42.0,Clay
Aljaz Bedene,2017-03-01,35.0,Clay
Aljaz Bedene,2017-04-01,44.0,Clay
Aljaz Bedene,2017-05-01,50.8,Clay
Aljaz Bedene,2017-06-01,53.3,Clay
Aljaz Bedene,2017-07-01,60.0,Clay
Aljaz Bedene,2017-08-01,52.5,Clay
Aljaz Bedene,2017-10-01,50.0,Clay
Aljaz Bedene,2018-01-01,47.5,Clay
Aljaz Bedene,2018-02-01,51.0,Clay
Aljaz Bedene,2018-03-01,55.0,Clay
Aljaz Bedene,2018-04-01,60.0,Clay
Aljaz Bedene,2018-05-01,65.0,Clay
Aljaz Bedene,2018-06-01,52.5,Clay
Aljaz Bedene,2018-07-01,46.7,Clay
Aljaz Bedene,2018-08-01,45.0,Clay
Aljaz Bedene,2018-09-01,40.0,Clay
Aljaz Bedene,2018-10-01,42.5,Clay
Aljaz Bedene,2018-12-01,35.0,Clay
Aljaz Bedene,2019-01-01,30.0,Clay
Aljaz Bedene,2019-02-01,40.0,Clay
Aljaz Bedene,2019-03-01,45.0,Clay
Aljaz Bedene,2019-04-01,40.0,Clay
Aljaz Bedene,2019-05-01,40.0,Clay
Aljaz Bedene,2019-06-01,40.0,Clay
Aljaz Bedene,2019-07-01,42.5,Clay
Aljaz Bedene,2019-08-01,45.0,Clay
Aljaz Bedene,2019-09-01,51.4,Clay
Aljaz Bedene,2019-10-01,61.3,Clay
Aljaz Bedene,2020-01-01,66.7,Clay
Aljaz Bedene,2020-02-01,60.0,Clay
Aljaz Bedene,2020-08-01,52.5,Clay
Aljaz Bedene,2020-09-01,53.3,Clay
Aljaz Bedene,2020-10-01,47.5,Clay
Aljaz Bedene,2020-11-01,40.0,Clay
Aljaz Bedene,2021-02-01,46.7,Clay
Aljaz Bedene,2021-03-01,47.0,Clay
Aljaz Bedene,2021-04-01,48.0,Clay
Aljaz Bedene,2021-05-01,52.5,Clay
Aljaz Bedene,2021-06-01,50.0,Clay
Aljaz Bedene,2021-07-01,45.0,Clay
Aljaz Bedene,2022-03-01,42.5,Clay
Aljaz Bedene,2022-04-01,40.0,Clay
Aljaz Bedene,2022-05-01,40.0,Clay
Aljaz Bedene,2022-06-01,35.0,Clay
Aljaz Bedene,2022-07-01,30.0,Clay
Aljaz Bedene,2022-08-01,25.0,Clay
Aljaz Bedene,2022-09-01,30.0,Clay
Andreas Haider Maurer,2015-04-01,58.3,Clay
Andreas Haider Maurer,2015-05-01,52.5,Clay
Andreas Haider Maurer,2015-06-01,44.0,Clay
Andreas Haider Maurer,2015-07-01,41.0,Clay
Andreas Haider Maurer,2015-08-01,40.0,Clay
Andreas Haider Maurer,2015-09-01,35.0,Clay
Andreas Haider Maurer,2015-10-01,38.8,Clay
Andreas Haider Maurer,2017-07-01,35.0,Clay
Andreas Haider Maurer,2017-08-01,35.0,Clay
Andreas Haider Maurer,2018-01-01,32.5,Clay
Andreas Haider Maurer,2018-02-01,23.3,Clay
Andreas Haider Maurer,2018-04-01,17.5,Clay
Andreas Haider Maurer,2018-05-01,12.5,Clay
Andreas Seppi,2015-03-01,62.5,Grass
Andreas Seppi,2015-04-01,55.0,Grass
Andreas Seppi,2015-05-01,50.0,Grass
Andreas Seppi,2015-06-01,54.1,Grass
Andreas Seppi,2015-07-01,52.0,Grass
Andreas Seppi,2015-08-01,54.3,Grass
Andreas Seppi,2015-10-01,43.8,Grass
Andreas Seppi,2015-11-01,45.0,Grass
Andreas Seppi,2016-01-01,40.0,Grass
Andreas Seppi,2016-02-01,38.8,Grass
Andreas Seppi,2016-03-01,39.0,Grass
Andreas Seppi,2016-05-01,48.3,Grass
Andreas Seppi,2016-06-01,51.5,Grass
Andreas Seppi,2016-07-01,50.0,Grass
Andreas Seppi,2016-08-01,48.0,Grass
Andreas Seppi,2016-09-01,40.0,Grass
Andreas Seppi,2016-10-01,43.3,Grass
Andreas Seppi,2017-01-01,40.0,Grass
Andreas Seppi,2017-02-01,43.8,Grass
Andreas Seppi,2017-03-01,45.0,Grass
Andreas Seppi,2017-04-01,43.8,Grass
Andreas Seppi,2017-05-01,42.5,Grass
Andreas Seppi,2017-06-01,42.5,Grass
Andreas Seppi,2017-07-01,45.0,Grass
Andreas Seppi,2017-08-01,48.8,Grass
Andreas Seppi,2017-09-01,45.0,Grass
Andreas Seppi,2017-10-01,53.3,Grass
Andreas Seppi,2018-01-01,58.8,Grass
Andreas Seppi,2018-02-01,56.4,Grass
Andreas Seppi,2018-04-01,56.0,Grass
Andreas Seppi,2018-05-01,52.0,Grass
Andreas Seppi,2018-06-01,48.0,Grass
Andreas Seppi,2018-07-01,50.0,Grass
Andreas Seppi,2018-08-01,47.5,Grass
Andreas Seppi,2018-09-01,40.0,Grass
Andreas Seppi,2018-10-01,43.9,Grass
Andreas Seppi,2018-12-01,45.0,Grass
Andreas Seppi,2019-01-01,53.8,Grass
Andreas Seppi,2019-02-01,63.3,Grass
Andreas Seppi,2019-03-01,55.0,Grass
Andreas Seppi,2019-04-01,53.3,Grass
Andreas Seppi,2019-05-01,38.8,Grass
Andreas Seppi,2019-06-01,31.0,Grass
Andreas Seppi,2019-07-01,27.5,Grass
Andreas Seppi,2019-08-01,22.5,Grass
Andreas Seppi,2019-09-01,23.3,Grass
Andreas Seppi,2019-10-01,37.0,Grass
Andreas Seppi,2020-01-01,46.3,Grass
Andreas Seppi,2020-02-01,54.0,Grass
Andreas Seppi,2020-08-01,55.0,Grass
Andreas Seppi,2020-09-01,55.0,Grass
Andreas Seppi,2020-10-01,53.3,Grass
Andreas Seppi,2021-02-01,47.5,Grass
Andreas Seppi,2021-05-01,40.0,Grass
Andreas Seppi,2021-06-01,45.0,Grass
Andreas Seppi,2021-07-01,37.5,Grass
Andreas Seppi,2021-08-01,35.0,Grass
Andreas Seppi,2021-09-01,35.0,Grass
Andreas Seppi,2022-01-01,35.0,Grass
Andreas Seppi,2022-02-01,37.5,Grass
Andreas Seppi,2022-06-01,30.0,Grass
Andrey Kuznetsov,2015-10-01,45.0,Hard
Andrey Kuznetsov,2016-01-01,52.1,Hard
Andrey Kuznetsov,2016-02-01,56.3,Hard
Andrey Kuznetsov,2016-03-01,65.0,Hard
Andrey Kuznetsov,2016-04-01,65.0,Hard
Andrey Kuznetsov,2016-05-01,62.9,Hard
Andrey Kuznetsov,2016-06-01,58.8,Hard
Andrey Kuznetsov,2016-07-01,55.0,Hard
Andrey Kuznetsov,2016-08-01,51.4,Hard
Andrey Kuznetsov,2016-09-01,56.3,Hard
Andrey Kuznetsov,2016-10-01,55.0,Hard
Andrey Kuznetsov,2017-01-01,52.5,Hard
Andrey Kuznetsov,2017-02-01,48.3,Hard
Andrey Kuznetsov,2017-03-01,41.7,Hard
Andrey Kuznetsov,2017-04-01,36.3,Hard
Andrey Kuznetsov,2017-05-01,40.8,Hard
Andrey Kuznetsov,2017-06-01,40.0,Hard
Andrey Kuznetsov,2017-07-01,43.1,Hard
Andrey Kuznetsov,2017-08-01,48.3,Hard
Andrey Kuznetsov,2017-09-01,40.0,Hard
Andrey Kuznetsov,2017-10-01,40.0,Hard
Andrey Kuznetsov,2020-08-01,42.5,Hard
Andrey Kuznetsov,2021-04-01,35.0,Hard
Andrey Kuznetsov,2022-05-01,30.0,Hard
Andrey Kuznetsov,2023-08-01,30.0,Hard
Andrey Rublev,2015-10-01,37.5,Grass
Andrey Rublev,2016-01-01,37.5,Grass
Andrey Rublev,2016-03-01,30.0,Grass
Andrey Rublev,2016-04-01,27.5,Grass
Andrey Rublev,2016-07-01,30.0,Grass
Andrey Rublev,2016-09-01,32.5,Grass
Andrey Rublev,2017-01-01,30.0,Grass
Andrey Rublev,2017-02-01,30.0,Grass
Andrey Rublev,2017-03-01,30.0,Grass
Andrey Rublev,2017-05-01,30.0,Grass
Andrey Rublev,2017-06-01,38.3,Grass
Andrey Rublev,2017-07-01,50.6,Grass
Andrey Rublev,2017-08-01,62.1,Grass
Andrey Rublev,2017-09-01,65.0,Grass
Andrey Rublev,2017-10-01,61.3,Grass
Andrey Rublev,2017-11-01,49.0,Grass
Andrey Rublev,2018-01-01,52.5,Grass
Andrey Rublev,2018-02-01,60.7,Grass
Andrey Rublev,2018-03-01,60.0,Grass
Andrey Rublev,2018-04-01,55.0,Grass
Andrey Rublev,2018-07-01,48.6,Grass
Andrey Rublev,2018-08-01,38.8,Grass
Andrey Rublev,2018-09-01,30.0,Grass
Andrey Rublev,2018-10-01,31.7,Grass
Andrey Rublev,2018-11-01,37.0,Grass
Andrey Rublev,2018-12-01,37.5,Grass
Andrey Rublev,2019-01-01,35.0,Grass
Andrey Rublev,2019-02-01,43.3,Grass
Andrey Rublev,2019-03-01,51.0,Grass
Andrey Rublev,2019-04-01,50.0,Grass
Andrey Rublev,2019-07-01,54.0,Grass
Andrey Rublev,2019-08-01,63.7,Grass
Andrey Rublev,2019-09-01,70.0,Grass
Andrey Rublev,2019-10-01,71.7,Grass
Andrey Rublev,2019-11-01,72.5,Grass
Andrey Rublev,2020-01-01,85.4,Grass
Andrey Rublev,2020-02-01,86.7,Grass
Andrey Rublev,2020-08-01,79.2,Grass
Andrey Rublev,2020-09-01,72.9,Grass
Andrey Rublev,2020-10-01,85.5,Grass
Andrey Rublev,2020-11-01,87.0,Grass
Andrey Rublev,2021-02-01,82.2,Grass
Andrey Rublev,2021-03-01,82.6,Grass
Andrey Rublev,2021-04-01,80.6,Grass
Andrey Rublev,2021-05-01,71.7,Grass
Andrey Rublev,2021-06-01,68.9,Grass
Andrey Rublev,2021-07-01,60.0,Grass
Andrey Rublev,2021-08-01,65.5,Grass
Andrey Rublev,2021-09-01,68.8,Grass
Andrey Rublev,2021-10-01,63.0,Grass
Andrey Rublev,2021-11-01,55.8,Grass
Andrey Rublev,2021-12-01,53.3,Grass
Andrey Rublev,2022-01-01,56.7,Grass
Andrey Rublev,2022-02-01,68.5,Grass
Andrey Rublev,2022-03-01,87.5,Grass
Andrey Rublev,2022-04-01,82.5,Grass
Andrey Rublev,2022-05-01,77.2,Grass
Andrey Rublev,2022-06-01,65.0,Grass
Andrey Rublev,2022-07-01,66.0,Grass
Andrey Rublev,2022-08-01,63.8,Grass
Andrey Rublev,2022-10-01,68.8,Grass
Andrey Rublev,2022-11-01,71.2,Grass
Andrey Rublev,2023-01-01,62.9,Grass
Andrey Rublev,2023-02-01,56.9,Grass
Andrey Rublev,2023-03-01,62.5,Grass
Andrey Rublev,2023-04-01,75.0,Grass
Andrey Rublev,2023-05-01,76.7,Grass
Andrey Rublev,2023-06-01,78.0,Grass
Andrey Rublev,2023-07-01,75.5,Grass
Andrey Rublev,2023-08-01,72.9,Grass
Andrey Rublev,2023-09-01,70.0,Grass
Andrey Rublev,2023-10-01,71.4,Grass
Andrey Rublev,2023-11-01,65.0,Grass
Andrey Rublev,2024-01-01,68.9,Grass
Andrey Rublev,2024-02-01,67.8,Grass
Andrey Rublev,2024-03-01,73.3,Grass
Andrey Rublev,2024-04-01,61.3,Grass
Andrey Rublev,2024-05-01,64.0,Grass
Andrey Rublev,2024-06-01,60.0,Grass
Andrey Rublev,2024-07-01,57.5,Grass
Andrey Rublev,2024-08-01,62.5,Grass
Andrey Rublev,2024-09-01,71.7,Grass
Andrey Rublev,2024-10-01,65.7,Grass
Andrey Rublev,2024-11-01,53.0,Grass
Andrey Rublev,2024-12-01,45.0,Grass
Andrey Rublev,2025-01-01,40.0,Grass
Andrey Rublev,2025-02-01,45.6,Grass
Andrey Rublev,2025-03-01,47.5,Grass
Andrey Rublev,2025-04-01,55.0,Grass
Andrey Rublev,2025-05-01,58.5,Grass
Andrey Rublev,2025-06-01,60.8,Grass
Andrey Rublev,2025-07-01,67.5,Grass
Andrey Rublev,2025-08-01,68.1,Grass
Andrey Rublev,2025-09-01,62.5,Grass
Andrey Rublev,2025-10-01,55.0,Grass
Andy Murray,2015-03-01,80.7,Grass
Andy Murray,2015-04-01,81.3,Grass
Andy Murray,2015-05-01,86.9,Grass
Andy Murray,2015-06-01,87.7,Grass
Andy Murray,2015-07-01,85.0,Grass
Andy Murray,2015-08-01,85.7,Grass
Andy Murray,2015-09-01,82.5,Grass
Andy Murray,2015-10-01,83.8,Grass
Andy Murray,2015-11-01,79.0,Grass
Andy Murray,2016-01-01,78.6,Grass
Andy Murray,2016-03-01,75.0,Grass
Andy Murray,2016-04-01,73.8,Grass
Andy Murray,2016-05-01,80.0,Grass
Andy Murray,2016-06-01,91.3,Grass
Andy Murray,2016-08-01,95.6,Grass
Andy Murray,2016-09-01,85.0,Grass
Andy Murray,2016-10-01,88.3,Grass
Andy Murray,2016-11-01,100.0,Grass
Andy Murray,2017-01-01,96.7,Grass
Andy Murray,2017-02-01,90.0,Grass
Andy Murray,2017-03-01,85.0,Grass
Andy Murray,2017-04-01,80.0,Grass
Andy Murray,2017-05-01,70.6,Grass
Andy Murray,2017-06-01,65.0,Grass
Andy Murray,2017-07-01,66.0,Grass
Andy Murray,2018-06-01,63.3,Grass
Andy Murray,2018-07-01,63.7,Grass
Andy Murray,2018-08-01,63.3,Grass
Andy Murray,2018-09-01,58.3,Grass
Andy Murray,2018-12-01,60.0,Grass
Andy Murray,2019-01-01,55.0,Grass
Andy Murray,2019-08-01,47.5,Grass
Andy Murray,2019-09-01,48.0,Grass
Andy Murray,2019-10-01,51.4,Grass
Andy Murray,2019-11-01,60.0,Grass
Andy Murray,2020-08-01,63.0,Grass
Andy Murray,2020-09-01,65.0,Grass
Andy Murray,2020-10-01,65.0,Grass
Andy Murray,2021-02-01,60.0,Grass
Andy Murray,2021-03-01,62.5,Grass
Andy Murray,2021-06-01,61.0,Grass
Andy Murray,2021-08-01,53.0,Grass
Andy Murray,2021-09-01,45.0,Grass
Andy Murray,2021-10-01,54.3,Grass
Andy Murray,2021-11-01,51.2,Grass
Andy Murray,2022-01-01,55.6,Grass
Andy Murray,2022-02-01,55.8,Grass
Andy Murray,2022-03-01,56.3,Grass
Andy Murray,2022-05-01,58.3,Grass
Andy Murray,2022-06-01,60.0,Grass
Andy Murray,2022-07-01,61.7,Grass
Andy Murray,2022-08-01,58.6,Grass
Andy Murray,2022-09-01,57.5,Grass
Andy Murray,2022-10-01,55.0,Grass
Andy Murray,2023-01-01,47.5,Grass
Andy Murray,2023-02-01,57.0,Grass
Andy Murray,2023-03-01,58.8,Grass
Andy Murray,2023-04-01,52.5,Grass
Andy Murray,2023-05-01,45.0,Grass
Andy Murray,2023-06-01,45.0,Grass
Andy Murray,2023-07-01,47.5,Grass
Andy Murray,2023-08-01,49.0,Grass
Andy Murray,2023-09-01,43.8,Grass
Andy Murray,2023-10-01,38.8,Grass
Andy Murray,2024-01-01,40.0,Grass
Andy Murray,2024-02-01,37.0,Grass
Andy Murray,2024-03-01,36.0,Grass
Andy Murray,2024-05-01,30.0,Grass
Andy Murray,2024-06-01,31.7,Grass
Arthur Fils,2023-07-01,63.0,Clay
Arthur Fils,2023-08-01,55.0,Clay
Arthur Fils,2023-09-01,50.0,Clay
Arthur Fils,2023-10-01,48.9,Clay
Arthur Fils,2023-11-01,53.0,Clay
Arthur Fils,2024-01-01,62.8,Clay
Arthur Fils,2024-02-01,56.3,Clay
Arthur Fils,2024-03-01,60.0,Clay
Arthur Fils,2024-04-01,51.3,Clay
Arthur Fils,2024-05-01,40.0,Clay
Arthur Fils,2024-06-01,44.0,Clay
Arthur Fils,2024-07-01,55.5,Clay
Arthur Fils,2024-08-01,61.0,Clay
Arthur Fils,2024-09-01,62.5,Clay
Arthur Fils,2024-10-01,63.7,Clay
Arthur Fils,2024-12-01,62.0,Clay
Arthur Fils,2025-01-01,68.3,Clay
Arthur Fils,2025-02-01,61.3,Clay
Arthur Fils,2025-03-01,59.4,Clay
Arthur Fils,2025-04-01,68.3,Clay
Arthur Fils,2025-05-01,68.3,Clay
Arthur Fils,2025-07-01,67.5,Clay
Arthur Rinderknech,2021-07-01,54.0,Hard
Arthur Rinderknech,2021-08-01,51.7,Hard
Arthur Rinderknech,2021-09-01,45.0,Hard
Arthur Rinderknech,2021-10-01,53.3,Hard
Arthur Rinderknech,2021-11-01,54.0,Hard
Arthur Rinderknech,2022-01-01,50.5,Hard
Arthur Rinderknech,2022-02-01,57.0,Hard
Arthur Rinderknech,2022-03-01,56.3,Hard
Arthur Rinderknech,2022-04-01,55.0,Hard
Arthur Rinderknech,2022-05-01,50.0,Hard
Arthur Rinderknech,2022-06-01,50.0,Hard
Arthur Rinderknech,2022-08-01,40.0,Hard
Arthur Rinderknech,2022-09-01,40.8,Hard
Arthur Rinderknech,2022-10-01,50.0,Hard
Arthur Rinderknech,2023-01-01,55.0,Hard
Arthur Rinderknech,2023-02-01,53.3,Hard
Arthur Rinderknech,2023-03-01,45.0,Hard
Arthur Rinderknech,2023-05-01,40.8,Hard
Arthur Rinderknech,2023-06-01,33.0,Hard
Arthur Rinderknech,2023-07-01,34.0,Hard
Arthur Rinderknech,2023-08-01,41.3,Hard
Arthur Rinderknech,2023-09-01,46.3,Hard
Arthur Rinderknech,2023-10-01,40.0,Hard
Arthur Rinderknech,2024-01-01,40.0,Hard
Arthur Rinderknech,2024-02-01,40.0,Hard
Arthur Rinderknech,2024-04-01,40.0,Hard
Arthur Rinderknech,2024-05-01,37.5,Hard
Arthur Rinderknech,2024-06-01,35.0,Hard
Arthur Rinderknech,2024-07-01,46.0,Hard
Arthur Rinderknech,2024-08-01,55.7,Hard
Arthur Rinderknech,2024-09-01,50.0,Hard
Arthur Rinderknech,2024-10-01,52.9,Hard
Arthur Rinderknech,2024-12-01,45.0,Hard
Arthur Rinderknech,2025-01-01,42.5,Hard
Arthur Rinderknech,2025-02-01,36.3,Hard
Arthur Rinderknech,2025-03-01,30.0,Hard
Arthur Rinderknech,2025-04-01,31.7,Hard
Arthur Rinderknech,2025-05-01,28.7,Hard
Arthur Rinderknech,2025-06-01,34.0,Hard
Arthur Rinderknech,2025-07-01,48.3,Hard
Arthur Rinderknech,2025-08-01,56.3,Hard
Arthur Rinderknech,2025-09-01,60.0,Hard
Arthur Rinderknech,2025-10-01,66.7,Hard
Arthur Rinderknech,2025-11-01,62.5,Hard
Aslan Karatsev,2021-03-01,65.0,Hard
Aslan Karatsev,2021-04-01,76.7,Hard
Aslan Karatsev,2021-05-01,72.2,Hard
Aslan Karatsev,2021-06-01,60.0,Hard
Aslan Karatsev,2021-07-01,55.0,Hard
Aslan Karatsev,2021-08-01,49.0,Hard
Aslan Karatsev,2021-09-01,45.0,Hard
Aslan Karatsev,2021-10-01,50.0,Hard
Aslan Karatsev,2021-11-01,55.0,Hard
Aslan Karatsev,2022-01-01,66.3,Hard
Aslan Karatsev,2022-02-01,63.7,Hard
Aslan Karatsev,2022-03-01,56.7,Hard
Aslan Karatsev,2022-04-01,47.5,Hard
Aslan Karatsev,2022-05-01,41.0,Hard
Aslan Karatsev,2022-06-01,28.3,Hard
Aslan Karatsev,2022-07-01,32.1,Hard
Aslan Karatsev,2022-08-01,34.0,Hard
Aslan Karatsev,2022-09-01,32.5,Hard
Aslan Karatsev,2022-10-01,34.3,Hard
Aslan Karatsev,2023-01-01,32.0,Hard
Aslan Karatsev,2023-02-01,30.0,Hard
Aslan Karatsev,2023-04-01,38.3,Hard
Aslan Karatsev,2023-05-01,50.0,Hard
Aslan Karatsev,2023-06-01,50.0,Hard
Aslan Karatsev,2023-07-01,47.5,Hard
Aslan Karatsev,2023-08-01,55.0,Hard
Aslan Karatsev,2023-09-01,58.8,Hard
Aslan Karatsev,2023-10-01,54.3,Hard
Aslan Karatsev,2024-01-01,55.0,Hard
Aslan Karatsev,2024-04-01,50.0,Hard
Aslan Karatsev,2024-05-01,51.2,Hard
Aslan Karatsev,2024-07-01,43.8,Hard
Aslan Karatsev,2024-09-01,35.0,Hard
Aslan Karatsev,2024-10-01,35.0,Hard
Ben Shelton,2023-04-01,46.0,Hard
Ben Shelton,2023-05-01,38.3,Hard
Ben Shelton,2023-06-01,35.0,Hard
Ben Shelton,2023-07-01,26.3,Hard
Ben Shelton,2023-08-01,35.0,Hard
Ben Shelton,2023-10-01,63.6,Hard
Ben Shelton,2024-01-01,70.0,Hard
Ben Shelton,2024-02-01,65.8,Hard
Ben Shelton,2024-03-01,61.0,Hard
Ben Shelton,2024-04-01,67.5,Hard
Ben Shelton,2024-05-01,65.8,Hard
Ben Shelton,2024-06-01,57.5,Hard
Ben Shelton,2024-07-01,56.1,Hard
Ben Shelton,2024-08-01,58.3,Hard
Ben Shelton,2024-09-01,63.0,Hard
Ben Shelton,2024-10-01,67.5,Hard
Ben Shelton,2024-11-01,60.0,Hard
Ben Shelton,2025-01-01,64.3,Hard
Ben Shelton,2025-02-01,63.7,Hard
Ben Shelton,2025-03-01,62.0,Hard
Ben Shelton,2025-04-01,61.9,Hard
Ben Shelton,2025-05-01,58.0,Hard
Ben Shelton,2025-06-01,59.5,Hard
Ben Shelton,2025-07-01,66.5,Hard
Ben Shelton,2025-08-01,80.0,Hard
Ben Shelton,2025-10-01,74.2,Hard
Ben Shelton,2025-11-01,65.0,Hard
Benjamin Becker,2015-07-01,27.5,Hard
Benjamin Becker,2015-08-01,28.3,Hard
Benjamin Becker,2015-09-01,30.7,Hard
Benjamin Becker,2015-10-01,40.0,Hard
Benjamin Becker,2016-01-01,40.0,Hard
Benjamin Becker,2016-02-01,43.3,Hard
Benjamin Becker,2016-03-01,45.0,Hard
Benjamin Becker,2016-04-01,48.3,Hard
Benjamin Becker,2016-05-01,45.0,Hard
Benjamin Becker,2016-06-01,40.6,Hard
Benjamin Becker,2016-07-01,42.5,Hard
Benjamin Becker,2016-08-01,35.0,Hard
Benjamin Becker,2016-10-01,32.5,Hard
Benjamin Becker,2017-02-01,25.0,Hard
Benjamin Becker,2017-03-01,25.0,Hard
Benjamin Bonzi,2022-01-01,31.7,Hard
Benjamin Bonzi,2022-02-01,36.3,Hard
Benjamin Bonzi,2022-03-01,43.0,Hard
Benjamin Bonzi,2022-04-01,45.0,Hard
Benjamin Bonzi,2022-05-01,45.0,Hard
Benjamin Bonzi,2022-06-01,53.0,Hard
Benjamin Bonzi,2022-07-01,53.3,Hard
Benjamin Bonzi,2022-08-01,48.8,Hard
Benjamin Bonzi,2022-09-01,44.0,Hard
Benjamin Bonzi,2022-10-01,35.0,Hard
Benjamin Bonzi,2023-01-01,41.7,Hard
Benjamin Bonzi,2023-02-01,44.4,Hard
Benjamin Bonzi,2023-04-01,56.3,Hard
Benjamin Bonzi,2023-06-01,50.0,Hard
Benjamin Bonzi,2023-07-01,41.7,Hard
Benjamin Bonzi,2023-08-01,43.0,Hard
Benjamin Bonzi,2023-10-01,45.0,Hard
Benjamin Bonzi,2024-01-01,32.5,Hard
Benjamin Bonzi,2024-02-01,25.0,Hard
Benjamin Bonzi,2024-04-01,20.0,Hard
Benjamin Bonzi,2024-11-01,31.0,Hard
Benjamin Bonzi,2024-12-01,45.0,Hard
Benjamin Bonzi,2025-01-01,45.0,Hard
Benjamin Bonzi,2025-02-01,45.0,Hard
Benjamin Bonzi,2025-03-01,45.0,Hard
Benjamin Bonzi,2025-04-01,53.3,Hard
Benjamin Bonzi,2025-05-01,55.0,Hard
Benjamin Bonzi,2025-06-01,42.0,Hard
Benjamin Bonzi,2025-07-01,30.0,Hard
Benjamin Bonzi,2025-08-01,35.0,Hard
Benjamin Bonzi,2025-09-01,40.0,Hard
Benjamin Bonzi,2025-10-01,43.0,Hard
Benoit Paire,2015-07-01,59.2,Grass
Benoit Paire,2015-08-01,62.9,Grass
Benoit Paire,2015-09-01,65.0,Grass
Benoit Paire,2015-10-01,67.9,Grass
Benoit Paire,2015-11-01,60.0,Grass
Benoit Paire,2016-01-01,60.0,Grass
Benoit Paire,2016-02-01,55.0,Grass
Benoit Paire,2016-03-01,46.7,Grass
Benoit Paire,2016-04-01,48.2,Grass
Benoit Paire,2016-05-01,50.8,Grass
Benoit Paire,2016-06-01,50.0,Grass
Benoit Paire,2016-07-01,49.0,Grass
Benoit Paire,2016-08-01,40.0,Grass
Benoit Paire,2016-09-01,36.7,Grass
Benoit Paire,2016-10-01,35.0,Grass
Benoit Paire,2017-01-01,38.1,Grass
Benoit Paire,2017-02-01,46.4,Grass
Benoit Paire,2017-03-01,46.3,Grass
Benoit Paire,2017-04-01,52.9,Grass
Benoit Paire,2017-05-01,46.3,Grass
Benoit Paire,2017-06-01,52.0,Grass
Benoit Paire,2017-07-01,50.0,Grass
Benoit Paire,2017-08-01,49.0,Grass
Benoit Paire,2017-09-01,56.0,Grass
Benoit Paire,2017-10-01,47.5,Grass
Benoit Paire,2018-01-01,50.0,Grass
Benoit Paire,2018-02-01,51.0,Grass
Benoit Paire,2018-03-01,51.3,Grass
Benoit Paire,2018-04-01,51.2,Grass
Benoit Paire,2018-05-01,49.3,Grass
Benoit Paire,2018-06-01,47.5,Grass
Benoit Paire,2018-07-01,48.3,Grass
Benoit Paire,2018-08-01,45.7,Grass
Benoit Paire,2018-09-01,45.0,Grass
Benoit Paire,2018-10-01,43.6,Grass
Benoit Paire,2018-12-01,48.3,Grass
Benoit Paire,2019-01-01,45.0,Grass
Benoit Paire,2019-02-01,44.2,Grass
Benoit Paire,2019-03-01,35.0,Grass
Benoit Paire,2019-04-01,45.0,Grass
Benoit Paire,2019-05-01,61.5,Grass
Benoit Paire,2019-06-01,72.5,Grass
Benoit Paire,2019-07-01,65.6,Grass
Benoit Paire,2019-08-01,59.5,Grass
Benoit Paire,2019-09-01,58.0,Grass
Benoit Paire,2019-10-01,52.0,Grass
Benoit Paire,2019-11-01,50.0,Grass
Benoit Paire,2020-01-01,51.0,Grass
Benoit Paire,2020-02-01,48.3,Grass
Benoit Paire,2020-08-01,50.0,Grass
Benoit Paire,2020-09-01,46.3,Grass
Benoit Paire,2020-10-01,42.5,Grass
Benoit Paire,2021-02-01,28.0,Grass
Benoit Paire,2021-03-01,20.0,Grass
Benoit Paire,2021-04-01,15.0,Grass
Benoit Paire,2021-05-01,14.2,Grass
Benoit Paire,2021-06-01,10.0,Grass
Benoit Paire,2021-07-01,23.8,Grass
Benoit Paire,2021-08-01,42.0,Grass
Benoit Paire,2021-09-01,51.7,Grass
Benoit Paire,2021-10-01,45.0,Grass
Benoit Paire,2021-11-01,40.0,Grass
Benoit Paire,2022-01-01,36.7,Grass
Benoit Paire,2022-02-01,30.0,Grass
Benoit Paire,2022-03-01,20.0,Grass
Benoit Paire,2022-04-01,15.0,Grass
Benoit Paire,2022-05-01,15.0,Grass
Benoit Paire,2022-06-01,15.0,Grass
Benoit Paire,2022-07-01,15.0,Grass
Benoit Paire,2022-08-01,11.3,Grass
Benoit Paire,2023-03-01,10.0,Grass
Benoit Paire,2023-04-01,10.0,Grass
Benoit Paire,2023-05-01,10.0,Grass
Benoit Paire,2024-01-01,15.0,Grass
Benoit Paire,2024-04-01,15.0,Grass
Benoit Paire,2024-07-01,20.0,Grass
Bernabe Zapata Miralles,2022-01-01,32.5,Clay
Bernabe Zapata Miralles,2022-02-01,30.0,Clay
Bernabe Zapata Miralles,2022-04-01,30.8,Clay
Bernabe Zapata Miralles,2022-05-01,36.3,Clay
Bernabe Zapata Miralles,2022-06-01,40.0,Clay
Bernabe Zapata Miralles,2022-07-01,38.8,Clay
Bernabe Zapata Miralles,2022-08-01,40.0,Clay
Bernabe Zapata Miralles,2022-09-01,35.0,Clay
Bernabe Zapata Miralles,2022-10-01,43.0,Clay
Bernabe Zapata Miralles,2023-01-01,40.0,Clay
Bernabe Zapata Miralles,2023-02-01,43.0,Clay
Bernabe Zapata Miralles,2023-03-01,45.0,Clay
Bernabe Zapata Miralles,2023-04-01,53.0,Clay
Bernabe Zapata Miralles,2023-05-01,55.0,Clay
Bernabe Zapata Miralles,2023-06-01,42.5,Clay
Bernabe Zapata Miralles,2023-07-01,42.5,Clay
Bernabe Zapata Miralles,2023-08-01,38.3,Clay
Bernabe Zapata Miralles,2023-09-01,36.7,Clay
Bernabe Zapata Miralles,2023-10-01,30.0,Clay
Bernabe Zapata Miralles,2023-11-01,25.0,Clay
Bernabe Zapata Miralles,2024-01-01,21.7,Clay
Bernabe Zapata Miralles,2024-02-01,20.0,Clay
Bernabe Zapata Miralles,2024-03-01,20.0,Clay
Bernard Tomic,2015-02-01,70.0,Grass
Bernard Tomic,2015-03-01,74.4,Grass
Bernard Tomic,2015-04-01,70.0,Grass
Bernard Tomic,2015-05-01,57.0,Grass
Bernard Tomic,2015-06-01,50.0,Grass
Bernard Tomic,2015-07-01,44.0,Grass
Bernard Tomic,2015-08-01,55.0,Grass
Bernard Tomic,2015-09-01,62.5,Grass
Bernard Tomic,2015-10-01,60.0,Grass
Bernard Tomic,2015-11-01,50.0,Grass
Bernard Tomic,2016-01-01,57.0,Grass
Bernard Tomic,2016-02-01,60.0,Grass
Bernard Tomic,2016-03-01,65.0,Grass
Bernard Tomic,2016-04-01,55.0,Grass
Bernard Tomic,2016-05-01,48.8,Grass
Bernard Tomic,2016-06-01,49.0,Grass
Bernard Tomic,2016-07-01,52.0,Grass
Bernard Tomic,2016-08-01,61.7,Grass
Bernard Tomic,2016-09-01,63.3,Grass
Bernard Tomic,2016-10-01,55.0,Grass
Bernard Tomic,2017-01-01,50.0,Grass
Bernard Tomic,2017-02-01,43.3,Grass
Bernard Tomic,2017-03-01,35.0,Grass
Bernard Tomic,2017-04-01,36.7,Grass
Bernard Tomic,2017-05-01,32.5,Grass
Bernard Tomic,2017-06-01,33.6,Grass
Bernard Tomic,2017-07-01,35.0,Grass
Bernard Tomic,2017-08-01,35.0,Grass
Bernard Tomic,2017-09-01,35.0,Grass
Bernard Tomic,2017-10-01,38.3,Grass
Bernard Tomic,2018-04-01,35.0,Grass
Bernard Tomic,2018-05-01,30.0,Grass
Bernard Tomic,2018-06-01,36.3,Grass
Bernard Tomic,2018-07-01,40.0,Grass
Bernard Tomic,2018-09-01,40.0,Grass
Bernard Tomic,2019-01-01,50.0,Grass
Bernard Tomic,2019-02-01,50.0,Grass
Bernard Tomic,2019-03-01,55.0,Grass
Bernard Tomic,2019-04-01,48.8,Grass
Bernard Tomic,2019-05-01,40.0,Grass
Bernard Tomic,2019-06-01,48.3,Grass
Bernard Tomic,2019-07-01,40.0,Grass
Bernard Tomic,2019-08-01,35.0,Grass
Bernard Tomic,2019-10-01,30.0,Grass
Bernard Tomic,2020-02-01,30.0,Grass
Bernard Tomic,2021-02-01,32.5,Grass
Bernard Tomic,2025-06-01,32.5,Grass
Bernard Tomic,2025-10-01,30.0,Grass
Borna Coric,2015-04-01,45.0,Clay
Borna Coric,2015-05-01,57.1,Clay
Borna Coric,2015-06-01,54.0,Clay
Borna Coric,2015-07-01,58.8,Clay
Borna Coric,2015-08-01,51.4,Clay
Borna Coric,2015-09-01,50.0,Clay
Borna Coric,2015-10-01,48.0,Clay
Borna Coric,2015-11-01,45.0,Clay
Borna Coric,2016-01-01,50.7,Clay
Borna Coric,2016-02-01,46.0,Clay
Borna Coric,2016-03-01,46.7,Clay
Borna Coric,2016-04-01,50.0,Clay
Borna Coric,2016-05-01,54.2,Clay
Borna Coric,2016-06-01,52.5,Clay
Borna Coric,2016-07-01,47.5,Clay
Borna Coric,2016-08-01,45.8,Clay
Borna Coric,2016-09-01,40.0,Clay
Borna Coric,2017-01-01,40.0,Clay
Borna Coric,2017-02-01,38.6,Clay
Borna Coric,2017-03-01,38.8,Clay
Borna Coric,2017-04-01,47.1,Clay
Borna Coric,2017-05-01,56.9,Clay
Borna Coric,2017-06-01,55.0,Clay
Borna Coric,2017-07-01,55.0,Clay
Borna Coric,2017-08-01,48.3,Clay
Borna Coric,2017-09-01,45.0,Clay
Borna Coric,2017-10-01,39.0,Clay
Borna Coric,2017-11-01,46.0,Clay
Borna Coric,2018-01-01,50.0,Clay
Borna Coric,2018-02-01,52.0,Clay
Borna Coric,2018-03-01,68.0,Clay
Borna Coric,2018-04-01,68.3,Clay
Borna Coric,2018-05-01,67.9,Clay
Borna Coric,2018-06-01,65.0,Clay
Borna Coric,2018-07-01,62.5,Clay
Borna Coric,2018-08-01,60.6,Clay
Borna Coric,2018-09-01,66.7,Clay
Borna Coric,2018-10-01,65.0,Clay
Borna Coric,2018-11-01,70.0,Clay
Borna Coric,2019-01-01,70.0,Clay
Borna Coric,2019-02-01,69.0,Clay
Borna Coric,2019-03-01,65.0,Clay
Borna Coric,2019-04-01,66.7,Clay
Borna Coric,2019-05-01,61.4,Clay
Borna Coric,2019-06-01,63.3,Clay
Borna Coric,2019-07-01,60.0,Clay
Borna Coric,2019-08-01,54.0,Clay
Borna Coric,2019-09-01,56.4,Clay
Borna Coric,2019-10-01,45.0,Clay
Borna Coric,2019-11-01,40.0,Clay
Borna Coric,2020-01-01,33.8,Clay
Borna Coric,2020-02-01,37.0,Clay
Borna Coric,2020-08-01,40.0,Clay
Borna Coric,2020-09-01,50.0,Clay
Borna Coric,2020-10-01,63.6,Clay
Borna Coric,2020-11-01,62.5,Clay
Borna Coric,2021-02-01,64.0,Clay
Borna Coric,2021-03-01,61.3,Clay
Borna Coric,2022-03-01,61.7,Clay
Borna Coric,2022-04-01,55.0,Clay
Borna Coric,2022-05-01,47.5,Clay
Borna Coric,2022-07-01,50.0,Clay
Borna Coric,2022-08-01,51.7,Clay
Borna Coric,2022-09-01,56.7,Clay
Borna Coric,2022-10-01,70.6,Clay
Borna Coric,2022-11-01,75.0,Clay
Borna Coric,2023-01-01,71.3,Clay
Borna Coric,2023-02-01,67.9,Clay
Borna Coric,2023-03-01,60.0,Clay
Borna Coric,2023-04-01,55.0,Clay
Borna Coric,2023-05-01,57.9,Clay
Borna Coric,2023-06-01,52.5,Clay
Borna Coric,2023-07-01,51.3,Clay
Borna Coric,2023-08-01,55.0,Clay
Borna Coric,2024-01-01,46.4,Clay
Borna Coric,2024-02-01,50.0,Clay
Borna Coric,2024-03-01,47.5,Clay
Borna Coric,2024-04-01,48.0,Clay
Borna Coric,2024-05-01,37.5,Clay
Borna Coric,2024-07-01,38.8,Clay
Borna Coric,2024-08-01,35.8,Clay
Borna Coric,2024-09-01,35.0,Clay
Borna Coric,2024-10-01,35.0,Clay
Borna Coric,2024-12-01,35.0,Clay
Borna Coric,2025-01-01,32.5,Clay
Borna Coric,2025-04-01,30.0,Clay
Borna Coric,2025-07-01,30.0,Clay
Borna Coric,2025-08-01,26.7,Clay
Botic Van De Zandschulp,2021-10-01,58.0,Clay
Botic Van De Zandschulp,2021-11-01,63.3,Clay
Botic Van De Zandschulp,2022-01-01,65.0,Clay
Botic Van De Zandschulp,2022-02-01,60.0,Clay
Botic Van De Zandschulp,2022-03-01,61.0,Clay
Botic Van De Zandschulp,2022-04-01,58.3,Clay
Botic Van De Zandschulp,2022-05-01,60.7,Clay
Botic Van De Zandschulp,2022-06-01,60.0,Clay
Botic Van De Zandschulp,2022-07-01,55.0,Clay
Botic Van De Zandschulp,2022-08-01,56.3,Clay
Botic Van De Zandschulp,2022-09-01,61.0,Clay
Botic Van De Zandschulp,2022-10-01,59.2,Clay
Botic Van De Zandschulp,2022-11-01,55.0,Clay
Botic Van De Zandschulp,2023-01-01,55.0,Clay
Botic Van De Zandschulp,2023-02-01,50.7,Clay
Botic Van De Zandschulp,2023-03-01,47.5,Clay
Botic Van De Zandschulp,2023-04-01,51.9,Clay
Botic Van De Zandschulp,2023-05-01,47.5,Clay
Botic Van De Zandschulp,2023-06-01,42.5,Clay
Botic Van De Zandschulp,2023-07-01,42.5,Clay
Botic Van De Zandschulp,2023-08-01,38.3,Clay
Botic Van De Zandschulp,2023-09-01,37.5,Clay
Botic Van De Zandschulp,2023-10-01,39.4,Clay
Botic Van De Zandschulp,2023-11-01,47.5,Clay
Botic Van De Zandschulp,2024-01-01,51.0,Clay
Botic Van De Zandschulp,2024-02-01,46.7,Clay
Botic Van De Zandschulp,2024-03-01,41.7,Clay
Botic Van De Zandschulp,2024-04-01,41.7,Clay
Botic Van De Zandschulp,2024-05-01,38.3,Clay
Botic Van De Zandschulp,2024-06-01,35.0,Clay
Botic Van De Zandschulp,2024-07-01,40.0,Clay
Botic Van De Zandschulp,2024-08-01,42.5,Clay
Botic Van De Zandschulp,2024-09-01,42.5,Clay
Botic Van De Zandschulp,2024-10-01,38.0,Clay
Botic Van De Zandschulp,2024-11-01,43.3,Clay
Botic Van De Zandschulp,2025-01-01,40.0,Clay
Botic Van De Zandschulp,2025-02-01,36.3,Clay
Botic Van De Zandschulp,2025-03-01,36.3,Clay
Botic Van De Zandschulp,2025-04-01,38.3,Clay
Botic Van De Zandschulp,2025-05-01,35.0,Clay
Botic Van De Zandschulp,2025-06-01,37.5,Clay
Botic Van De Zandschulp,2025-07-01,40.0,Clay
Botic Van De Zandschulp,2025-08-01,55.7,Clay
Botic Van De Zandschulp,2025-09-01,52.5,Clay
Botic Van De Zandschulp,2025-10-01,54.0,Clay
Botic Van De Zandschulp,2025-11-01,50.0,Clay
Brandon Nakashima,2021-08-01,61.3,Grass
Brandon Nakashima,2021-09-01,60.0,Grass
Brandon Nakashima,2021-10-01,64.0,Grass
Brandon Nakashima,2021-11-01,60.0,Grass
Brandon Nakashima,2022-01-01,53.8,Grass
Brandon Nakashima,2022-02-01,51.0,Grass
Brandon Nakashima,2022-03-01,50.0,Grass
Brandon Nakashima,2022-04-01,46.7,Grass
Brandon Nakashima,2022-05-01,42.5,Grass
Brandon Nakashima,2022-06-01,48.9,Grass
Brandon Nakashima,2022-07-01,56.7,Grass
Brandon Nakashima,2022-08-01,60.0,Grass
Brandon Nakashima,2022-09-01,64.0,Grass
Brandon Nakashima,2022-10-01,65.6,Grass
Brandon Nakashima,2022-11-01,69.0,Grass
Brandon Nakashima,2023-01-01,70.0,Grass
Brandon Nakashima,2023-02-01,67.5,Grass
Brandon Nakashima,2023-03-01,60.0,Grass
Brandon Nakashima,2023-05-01,55.8,Grass
Brandon Nakashima,2023-06-01,51.3,Grass
Brandon Nakashima,2023-07-01,41.0,Grass
Brandon Nakashima,2023-08-01,39.2,Grass
Brandon Nakashima,2023-09-01,35.0,Grass
Brandon Nakashima,2023-10-01,35.0,Grass
Brandon Nakashima,2024-03-01,38.3,Grass
Brandon Nakashima,2024-04-01,45.0,Grass
Brandon Nakashima,2024-05-01,46.7,Grass
Brandon Nakashima,2024-06-01,51.7,Grass
Brandon Nakashima,2024-07-01,54.4,Grass
Brandon Nakashima,2024-08-01,58.0,Grass
Brandon Nakashima,2024-09-01,66.3,Grass
Brandon Nakashima,2024-10-01,63.0,Grass
Brandon Nakashima,2024-11-01,55.0,Grass
Brandon Nakashima,2024-12-01,50.0,Grass
Brandon Nakashima,2025-01-01,50.0,Grass
Brandon Nakashima,2025-02-01,41.3,Grass
Brandon Nakashima,2025-03-01,50.6,Grass
Brandon Nakashima,2025-04-01,59.0,Grass
Brandon Nakashima,2025-05-01,57.0,Grass
Brandon Nakashima,2025-06-01,53.3,Grass
Brandon Nakashima,2025-07-01,58.0,Grass
Brandon Nakashima,2025-08-01,57.5,Grass
Brandon Nakashima,2025-09-01,61.7,Grass
Brandon Nakashima,2025-10-01,55.0,Grass
Brandon Nakashima,2025-11-01,45.0,Grass
Cameron Norrie,2018-05-01,40.0,Clay
Cameron Norrie,2018-06-01,42.5,Clay
Cameron Norrie,2018-07-01,52.2,Clay
Cameron Norrie,2018-08-01,62.5,Clay
Cameron Norrie,2018-09-01,58.0,Clay
Cameron Norrie,2018-10-01,60.0,Clay
Cameron Norrie,2019-01-01,62.5,Clay
Cameron Norrie,2019-02-01,55.7,Clay
Cameron Norrie,2019-03-01,52.5,Clay
Cameron Norrie,2019-04-01,49.0,Clay
Cameron Norrie,2019-05-01,42.5,Clay
Cameron Norrie,2019-06-01,38.3,Clay
Cameron Norrie,2019-07-01,41.3,Clay
Cameron Norrie,2019-08-01,45.0,Clay
Cameron Norrie,2019-09-01,45.0,Clay
Cameron Norrie,2019-10-01,48.8,Clay
Cameron Norrie,2020-01-01,45.0,Clay
Cameron Norrie,2020-02-01,37.0,Clay
Cameron Norrie,2020-08-01,36.3,Clay
Cameron Norrie,2020-09-01,35.0,Clay
Cameron Norrie,2020-10-01,38.3,Clay
Cameron Norrie,2021-01-01,46.3,Clay
Cameron Norrie,2021-02-01,48.8,Clay
Cameron Norrie,2021-03-01,56.0,Clay
Cameron Norrie,2021-04-01,64.4,Clay
Cameron Norrie,2021-05-01,71.5,Clay
Cameron Norrie,2021-06-01,74.4,Clay
Cameron Norrie,2021-07-01,75.8,Clay
Cameron Norrie,2021-08-01,68.0,Clay
Cameron Norrie,2021-09-01,64.0,Clay
Cameron Norrie,2021-10-01,67.5,Clay
Cameron Norrie,2021-11-01,68.1,Clay
Cameron Norrie,2022-01-01,58.8,Clay
Cameron Norrie,2022-02-01,53.8,Clay
Cameron Norrie,2022-03-01,68.6,Clay
Cameron Norrie,2022-04-01,75.0,Clay
Cameron Norrie,2022-05-01,68.8,Clay
Cameron Norrie,2022-06-01,67.8,Clay
Cameron Norrie,2022-08-01,74.1,Clay
Cameron Norrie,2022-09-01,66.7,Clay
Cameron Norrie,2022-10-01,58.3,Clay
Cameron Norrie,2023-01-01,58.0,Clay
Cameron Norrie,2023-02-01,75.9,Clay
Cameron Norrie,2023-03-01,82.0,Clay
Cameron Norrie,2023-04-01,73.0,Clay
Cameron Norrie,2023-05-01,66.1,Clay
Cameron Norrie,2023-06-01,58.3,Clay
Cameron Norrie,2023-07-01,55.0,Clay
Cameron Norrie,2023-08-01,54.0,Clay
Cameron Norrie,2023-09-01,46.0,Clay
Cameron Norrie,2023-10-01,36.3,Clay
Cameron Norrie,2023-11-01,30.0,Clay
Cameron Norrie,2024-01-01,35.0,Clay
Cameron Norrie,2024-02-01,43.0,Clay
Cameron Norrie,2024-03-01,52.5,Clay
Cameron Norrie,2024-04-01,55.8,Clay
Cameron Norrie,2024-05-01,55.0,Clay
Cameron Norrie,2024-06-01,45.0,Clay
Cameron Norrie,2024-07-01,47.0,Clay
Cameron Norrie,2024-10-01,40.0,Clay
Cameron Norrie,2024-11-01,46.0,Clay
Cameron Norrie,2024-12-01,50.0,Clay
Cameron Norrie,2025-01-01,45.0,Clay
Cameron Norrie,2025-02-01,51.7,Clay
Cameron Norrie,2025-03-01,53.8,Clay
Cameron Norrie,2025-04-01,48.8,Clay
Cameron Norrie,2025-05-01,53.0,Clay
Cameron Norrie,2025-06-01,58.6,Clay
Cameron Norrie,2025-07-01,63.7,Clay
Cameron Norrie,2025-08-01,58.8,Clay
Cameron Norrie,2025-09-01,56.3,Clay
Cameron Norrie,2025-10-01,55.0,Clay
Cameron Norrie,2025-11-01,57.0,Clay
Camilo Ugo Carabelli,2025-02-01,41.3,Clay
Camilo Ugo Carabelli,2025-03-01,48.0,Clay
Camilo Ugo Carabelli,2025-04-01,47.5,Clay
Camilo Ugo Carabelli,2025-05-01,53.0,Clay
Camilo Ugo Carabelli,2025-06-01,45.0,Clay
Camilo Ugo Carabelli,2025-07-01,43.1,Clay
Camilo Ugo Carabelli,2025-08-01,40.0,Clay
Camilo Ugo Carabelli,2025-09-01,37.5,Clay
Camilo Ugo Carabelli,2025-10-01,37.5,Clay
Carlos Alcaraz,2021-05-01,50.0,Grass
Carlos Alcaraz,2021-06-01,50.0,Grass
Carlos Alcaraz,2021-07-01,55.0,Grass
Carlos Alcaraz,2021-08-01,65.0,Grass
Carlos Alcaraz,2021-10-01,70.0,Grass
Carlos Alcaraz,2021-11-01,70.6,Grass
Carlos Alcaraz,2022-01-01,76.7,Grass
Carlos Alcaraz,2022-02-01,78.0,Grass
Carlos Alcaraz,2022-03-01,88.3,Grass
Carlos Alcaraz,2022-04-01,88.3,Grass
Carlos Alcaraz,2022-05-01,91.0,Grass
Carlos Alcaraz,2022-06-01,88.8,Grass
Carlos Alcaraz,2022-07-01,86.7,Grass
Carlos Alcaraz,2022-08-01,74.1,Grass
Carlos Alcaraz,2022-09-01,75.0,Grass
Carlos Alcaraz,2022-10-01,72.5,Grass
Carlos Alcaraz,2023-02-01,78.3,Grass
Carlos Alcaraz,2023-03-01,85.0,Grass
Carlos Alcaraz,2023-04-01,91.4,Grass
Carlos Alcaraz,2023-05-01,90.0,Grass
Carlos Alcaraz,2023-06-01,90.0,Grass
Carlos Alcaraz,2023-07-01,90.0,Grass
Carlos Alcaraz,2023-08-01,90.0,Grass
Carlos Alcaraz,2023-09-01,83.8,Grass
Carlos Alcaraz,2023-10-01,76.3,Grass
Carlos Alcaraz,2023-11-01,68.8,Grass
Carlos Alcaraz,2024-01-01,68.0,Grass
Carlos Alcaraz,2024-02-01,63.7,Grass
Carlos Alcaraz,2024-03-01,69.5,Grass
Carlos Alcaraz,2024-04-01,78.8,Grass
Carlos Alcaraz,2024-05-01,82.9,Grass
Carlos Alcaraz,2024-06-01,87.5,Grass
Carlos Alcaraz,2024-07-01,88.5,Grass
Carlos Alcaraz,2024-08-01,83.3,Grass
Carlos Alcaraz,2024-09-01,83.3,Grass
Carlos Alcaraz,2024-10-01,81.7,Grass
Carlos Alcaraz,2024-11-01,75.0,Grass
Carlos Alcaraz,2025-01-01,79.0,Grass
Carlos Alcaraz,2025-02-01,74.4,Grass
Carlos Alcaraz,2025-03-01,78.3,Grass
Carlos Alcaraz,2025-04-01,82.0,Grass
Carlos Alcaraz,2025-05-01,87.3,Grass
Carlos Alcaraz,2025-06-01,97.1,Grass
Carlos Alcaraz,2025-08-01,95.0,Grass
Carlos Alcaraz,2025-09-01,91.4,Grass
Carlos Alcaraz,2025-10-01,90.0,Grass
Carlos Alcaraz,2025-11-01,89.0,Grass
Casper Ruud,2018-01-01,41.7,Clay
Casper Ruud,2018-02-01,43.3,Clay
Casper Ruud,2018-04-01,37.5,Clay
Casper Ruud,2018-05-01,35.0,Clay
Casper Ruud,2018-07-01,37.5,Clay
Casper Ruud,2018-08-01,35.0,Clay
Casper Ruud,2019-02-01,45.7,Clay
Casper Ruud,2019-03-01,50.0,Clay
Casper Ruud,2019-04-01,57.0,Clay
Casper Ruud,2019-05-01,62.5,Clay
Casper Ruud,2019-07-01,60.6,Clay
Casper Ruud,2019-08-01,56.3,Clay
Casper Ruud,2019-09-01,53.3,Clay
Casper Ruud,2019-10-01,45.0,Clay
Casper Ruud,2019-11-01,48.3,Clay
Casper Ruud,2020-01-01,45.0,Clay
Casper Ruud,2020-02-01,51.0,Clay
Casper Ruud,2020-03-01,60.0,Clay
Casper Ruud,2020-08-01,62.5,Clay
Casper Ruud,2020-09-01,71.7,Clay
Casper Ruud,2020-10-01,62.5,Clay
Casper Ruud,2020-11-01,60.0,Clay
Casper Ruud,2021-02-01,59.0,Clay
Casper Ruud,2021-03-01,58.3,Clay
Casper Ruud,2021-04-01,56.5,Clay
Casper Ruud,2021-05-01,74.2,Clay
Casper Ruud,2021-06-01,76.3,Clay
Casper Ruud,2021-07-01,80.4,Clay
Casper Ruud,2021-08-01,83.8,Clay
Casper Ruud,2021-09-01,85.0,Clay
Casper Ruud,2021-10-01,80.8,Clay
Casper Ruud,2021-11-01,76.1,Clay
Casper Ruud,2022-01-01,70.0,Clay
Casper Ruud,2022-02-01,70.0,Clay
Casper Ruud,2022-03-01,72.5,Clay
Casper Ruud,2022-04-01,75.7,Clay
Casper Ruud,2022-05-01,69.7,Clay
Casper Ruud,2022-06-01,71.7,Clay
Casper Ruud,2022-07-01,74.0,Clay
Casper Ruud,2022-08-01,72.9,Clay
Casper Ruud,2022-09-01,77.5,Clay
Casper Ruud,2022-10-01,70.0,Clay
Casper Ruud,2022-11-01,64.0,Clay
Casper Ruud,2023-01-01,57.0,Clay
Casper Ruud,2023-02-01,50.0,Clay
Casper Ruud,2023-03-01,46.3,Clay
Casper Ruud,2023-04-01,56.1,Clay
Casper Ruud,2023-05-01,67.1,Clay
Casper Ruud,2023-07-01,71.7,Clay
Casper Ruud,2023-08-01,68.0,Clay
Casper Ruud,2023-09-01,63.3,Clay
Casper Ruud,2023-10-01,58.1,Clay
Casper Ruud,2024-01-01,57.5,Clay
Casper Ruud,2024-02-01,69.0,Clay
Casper Ruud,2024-03-01,77.9,Clay
Casper Ruud,2024-04-01,75.9,Clay
Casper Ruud,2024-05-01,80.5,Clay
Casper Ruud,2024-07-01,76.4,Clay
Casper Ruud,2024-08-01,69.3,Clay
Casper Ruud,2024-09-01,56.3,Clay
Casper Ruud,2024-10-01,46.0,Clay
Casper Ruud,2024-11-01,39.0,Clay
Casper Ruud,2024-12-01,42.5,Clay
Casper Ruud,2025-01-01,42.5,Clay
Casper Ruud,2025-02-01,56.4,Clay
Casper Ruud,2025-03-01,65.0,Clay
Casper Ruud,2025-04-01,68.2,Clay
Casper Ruud,2025-05-01,72.5,Clay
Casper Ruud,2025-07-01,74.0,Clay
Casper Ruud,2025-08-01,70.0,Clay
Casper Ruud,2025-09-01,69.0,Clay
Casper Ruud,2025-10-01,63.3,Clay
Christopher Eubanks,2021-09-01,20.0,Grass
Christopher Eubanks,2021-10-01,25.0,Grass
Christopher Eubanks,2022-02-01,20.0,Grass
Christopher Eubanks,2022-03-01,20.0,Grass
Christopher Eubanks,2022-07-01,25.0,Grass
Christopher Eubanks,2022-08-01,30.0,Grass
Christopher Eubanks,2022-09-01,30.0,Grass
Christopher Eubanks,2023-01-01,32.5,Grass
Christopher Eubanks,2023-02-01,35.0,Grass
Christopher Eubanks,2023-03-01,44.0,Grass
Christopher Eubanks,2023-05-01,46.7,Grass
Christopher Eubanks,2023-06-01,45.7,Grass
Christopher Eubanks,2023-07-01,65.5,Grass
Christopher Eubanks,2023-08-01,62.5,Grass
Christopher Eubanks,2023-10-01,60.0,Grass
Christopher Eubanks,2024-01-01,43.3,Grass
Christopher Eubanks,2024-02-01,38.8,Grass
Christopher Eubanks,2024-03-01,31.7,Grass
Christopher Eubanks,2024-04-01,30.0,Grass
Christopher Eubanks,2024-05-01,26.7,Grass
Christopher Eubanks,2024-06-01,27.0,Grass
Christopher Eubanks,2024-07-01,30.0,Grass
Christopher Eubanks,2024-08-01,35.0,Grass
Christopher Eubanks,2025-01-01,40.0,Grass
Christopher Eubanks,2025-02-01,40.0,Grass
Christopher Eubanks,2025-03-01,42.5,Grass
Christopher Eubanks,2025-06-01,40.0,Grass
Constant Lestienne,2023-01-01,50.8,Hard
Constant Lestienne,2023-02-01,51.3,Hard
Constant Lestienne,2023-03-01,45.0,Hard
Constant Lestienne,2023-04-01,37.5,Hard
Constant Lestienne,2023-05-01,30.0,Hard
Constant Lestienne,2023-06-01,30.0,Hard
Constant Lestienne,2023-07-01,23.8,Hard
Constant Lestienne,2023-08-01,12.5,Hard
Constant Lestienne,2023-11-01,12.5,Hard
Constant Lestienne,2024-01-01,13.3,Hard
Constant Lestienne,2024-02-01,18.8,Hard
Constant Lestienne,2024-03-01,25.0,Hard
Constant Lestienne,2024-05-01,25.0,Hard
Constant Lestienne,2024-06-01,20.0,Hard
Constant Lestienne,2024-07-01,20.0,Hard
Constant Lestienne,2024-08-01,20.0,Hard
Constant Lestienne,2025-01-01,25.0,Hard
Constant Lestienne,2025-02-01,25.0,Hard
Corentin Moutet,2019-05-01,30.0,Grass
Corentin Moutet,2019-07-01,28.7,Grass
Corentin Moutet,2019-08-01,25.0,Grass
Corentin Moutet,2019-10-01,25.0,Grass
Corentin Moutet,2020-01-01,40.0,Grass
Corentin Moutet,2020-02-01,44.0,Grass
Corentin Moutet,2020-08-01,43.3,Grass
Corentin Moutet,2020-09-01,45.0,Grass
Corentin Moutet,2020-10-01,48.8,Grass
Corentin Moutet,2020-11-01,47.5,Grass
Corentin Moutet,2021-02-01,47.1,Grass
Corentin Moutet,2021-04-01,54.2,Grass
Corentin Moutet,2021-05-01,52.5,Grass
Corentin Moutet,2021-06-01,56.0,Grass
Corentin Moutet,2021-07-01,47.5,Grass
Corentin Moutet,2021-08-01,40.0,Grass
Corentin Moutet,2022-01-01,40.6,Grass
Corentin Moutet,2022-02-01,40.0,Grass
Corentin Moutet,2022-05-01,40.0,Grass
Corentin Moutet,2022-07-01,40.0,Grass
Corentin Moutet,2022-08-01,51.3,Grass
Corentin Moutet,2022-10-01,54.3,Grass
Corentin Moutet,2023-01-01,52.5,Grass
Corentin Moutet,2023-04-01,50.0,Grass
Corentin Moutet,2023-05-01,50.0,Grass
Corentin Moutet,2023-06-01,44.0,Grass
Corentin Moutet,2023-07-01,40.8,Grass
Corentin Moutet,2023-08-01,30.0,Grass
Corentin Moutet,2023-09-01,30.0,Grass
Corentin Moutet,2023-10-01,30.0,Grass
Corentin Moutet,2024-02-01,35.0,Grass
Corentin Moutet,2024-04-01,33.3,Grass
Corentin Moutet,2024-05-01,41.7,Grass
Corentin Moutet,2024-07-01,50.0,Grass
Corentin Moutet,2024-08-01,46.3,Grass
Corentin Moutet,2024-09-01,40.0,Grass
Corentin Moutet,2024-10-01,38.3,Grass
Corentin Moutet,2024-11-01,40.0,Grass
Corentin Moutet,2025-01-01,43.3,Grass
Corentin Moutet,2025-02-01,37.5,Grass
Corentin Moutet,2025-03-01,40.0,Grass
Corentin Moutet,2025-04-01,40.0,Grass
Corentin Moutet,2025-05-01,49.2,Grass
Corentin Moutet,2025-06-01,51.4,Grass
Corentin Moutet,2025-07-01,64.2,Grass
Corentin Moutet,2025-08-01,61.7,Grass
Corentin Moutet,2025-09-01,64.3,Grass
Corentin Moutet,2025-10-01,61.4,Grass
Corentin Moutet,2025-11-01,60.0,Grass
Cristian Garin,2019-02-01,42.1,Clay
Cristian Garin,2019-04-01,66.9,Clay
Cristian Garin,2019-05-01,81.7,Clay
Cristian Garin,2019-06-01,77.5,Clay
Cristian Garin,2019-07-01,62.5,Clay
Cristian Garin,2019-08-01,50.8,Clay
Cristian Garin,2019-09-01,42.5,Clay
Cristian Garin,2019-10-01,38.8,Clay
Cristian Garin,2019-11-01,47.5,Clay
Cristian Garin,2020-01-01,40.8,Clay
Cristian Garin,2020-02-01,54.1,Clay
Cristian Garin,2020-08-01,61.7,Clay
Cristian Garin,2020-09-01,70.0,Clay
Cristian Garin,2020-10-01,67.5,Clay
Cristian Garin,2021-01-01,60.0,Clay
Cristian Garin,2021-03-01,55.0,Clay
Cristian Garin,2021-04-01,59.2,Clay
Cristian Garin,2021-05-01,60.5,Clay
Cristian Garin,2021-06-01,65.0,Clay
Cristian Garin,2021-07-01,63.7,Clay
Cristian Garin,2021-08-01,58.8,Clay
Cristian Garin,2021-09-01,55.0,Clay
Cristian Garin,2021-10-01,53.3,Clay
Cristian Garin,2022-01-01,42.9,Clay
Cristian Garin,2022-02-01,35.0,Clay
Cristian Garin,2022-03-01,30.0,Clay
Cristian Garin,2022-04-01,39.2,Clay
Cristian Garin,2022-05-01,45.0,Clay
Cristian Garin,2022-06-01,52.9,Clay
Cristian Garin,2022-07-01,50.0,Clay
Cristian Garin,2022-08-01,55.0,Clay
Cristian Garin,2022-10-01,47.0,Clay
Cristian Garin,2023-01-01,40.0,Clay
Cristian Garin,2023-02-01,37.9,Clay
Cristian Garin,2023-03-01,40.7,Clay
Cristian Garin,2023-04-01,57.8,Clay
Cristian Garin,2023-05-01,66.7,Clay
Cristian Garin,2023-07-01,65.0,Clay
Cristian Garin,2023-08-01,55.0,Clay
Cristian Garin,2023-09-01,56.3,Clay
Cristian Garin,2023-10-01,52.5,Clay
Cristian Garin,2024-01-01,45.0,Clay
Cristian Garin,2024-02-01,42.5,Clay
Cristian Garin,2024-04-01,45.6,Clay
Cristian Garin,2024-07-01,47.5,Clay
Cristian Garin,2024-09-01,45.0,Clay
Cristian Garin,2025-01-01,50.0,Clay
Cristian Garin,2025-02-01,53.8,Clay
Cristian Garin,2025-03-01,52.5,Clay
Cristian Garin,2025-06-01,50.0,Clay
Cristian Garin,2025-07-01,42.5,Clay
Cristian Garin,2025-09-01,40.0,Clay
Damir Dzumhur,2016-01-01,50.0,Clay
Damir Dzumhur,2016-02-01,45.7,Clay
Damir Dzumhur,2016-03-01,46.0,Clay
Damir Dzumhur,2016-04-01,53.1,Clay
Damir Dzumhur,2016-05-01,50.0,Clay
Damir Dzumhur,2016-06-01,50.0,Clay
Damir Dzumhur,2016-07-01,58.0,Clay
Damir Dzumhur,2016-08-01,51.2,Clay
Damir Dzumhur,2016-09-01,50.0,Clay
Damir Dzumhur,2016-10-01,48.8,Clay
Damir Dzumhur,2017-01-01,47.5,Clay
Damir Dzumhur,2017-02-01,49.1,Clay
Damir Dzumhur,2017-03-01,52.5,Clay
Damir Dzumhur,2017-04-01,53.0,Clay
Damir Dzumhur,2017-05-01,50.0,Clay
Damir Dzumhur,2017-07-01,41.9,Clay
Damir Dzumhur,2017-08-01,52.2,Clay
Damir Dzumhur,2017-09-01,74.4,Clay
Damir Dzumhur,2017-10-01,75.6,Clay
Damir Dzumhur,2018-01-01,70.0,Clay
Damir Dzumhur,2018-02-01,61.7,Clay
Damir Dzumhur,2018-03-01,52.5,Clay
Damir Dzumhur,2018-04-01,45.0,Clay
Damir Dzumhur,2018-05-01,41.4,Clay
Damir Dzumhur,2018-06-01,42.0,Clay
Damir Dzumhur,2018-07-01,50.7,Clay
Damir Dzumhur,2018-08-01,51.7,Clay
Damir Dzumhur,2018-09-01,51.0,Clay
Damir Dzumhur,2018-10-01,39.3,Clay
Damir Dzumhur,2018-12-01,35.0,Clay
Damir Dzumhur,2019-01-01,35.0,Clay
Damir Dzumhur,2019-02-01,33.3,Clay
Damir Dzumhur,2019-03-01,30.0,Clay
Damir Dzumhur,2019-04-01,25.0,Clay
Damir Dzumhur,2019-05-01,33.8,Clay
Damir Dzumhur,2019-06-01,38.3,Clay
Damir Dzumhur,2019-07-01,38.8,Clay
Damir Dzumhur,2019-08-01,38.8,Clay
Damir Dzumhur,2019-09-01,47.0,Clay
Damir Dzumhur,2019-10-01,41.7,Clay
Damir Dzumhur,2020-01-01,40.0,Clay
Damir Dzumhur,2020-02-01,31.3,Clay
Damir Dzumhur,2020-03-01,32.5,Clay
Damir Dzumhur,2020-08-01,35.0,Clay
Damir Dzumhur,2020-10-01,30.0,Clay
Damir Dzumhur,2021-02-01,25.0,Clay
Damir Dzumhur,2021-03-01,27.5,Clay
Damir Dzumhur,2021-04-01,25.0,Clay
Damir Dzumhur,2021-07-01,25.0,Clay
Damir Dzumhur,2021-09-01,30.0,Clay
Damir Dzumhur,2021-10-01,30.0,Clay
Damir Dzumhur,2022-01-01,36.3,Clay
Damir Dzumhur,2022-02-01,40.0,Clay
Damir Dzumhur,2022-04-01,35.0,Clay
Damir Dzumhur,2022-09-01,35.0,Clay
Damir Dzumhur,2023-02-01,35.0,Clay
Damir Dzumhur,2023-04-01,40.0,Clay
Damir Dzumhur,2023-09-01,40.0,Clay
Damir Dzumhur,2024-02-01,40.0,Clay
Damir Dzumhur,2024-09-01,36.7,Clay
Damir Dzumhur,2024-10-01,35.0,Clay
Damir Dzumhur,2025-01-01,35.0,Clay
Damir Dzumhur,2025-02-01,40.8,Clay
Damir Dzumhur,2025-03-01,49.2,Clay
Damir Dzumhur,2025-04-01,52.5,Clay
Damir Dzumhur,2025-05-01,55.0,Clay
Damir Dzumhur,2025-06-01,48.3,Clay
Damir Dzumhur,2025-07-01,46.4,Clay
Damir Dzumhur,2025-08-01,43.3,Clay
Damir Dzumhur,2025-09-01,40.0,Clay
Damir Dzumhur,2025-10-01,35.0,Clay
Damir Dzumhur,2025-11-01,37.5,Clay
Daniel Altmaier,2021-07-01,41.7,Clay
Daniel Altmaier,2021-10-01,47.5,Clay
Daniel Altmaier,2022-01-01,40.0,Clay
Daniel Altmaier,2022-02-01,45.0,Clay
Daniel Altmaier,2022-03-01,42.5,Clay
Daniel Altmaier,2022-04-01,37.5,Clay
Daniel Altmaier,2022-05-01,32.5,Clay
Daniel Altmaier,2022-06-01,24.2,Clay
Daniel Altmaier,2022-07-01,23.3,Clay
Daniel Altmaier,2022-08-01,15.0,Clay
Daniel Altmaier,2023-01-01,15.0,Clay
Daniel Altmaier,2023-02-01,18.0,Clay
Daniel Altmaier,2023-03-01,15.0,Clay
Daniel Altmaier,2023-04-01,20.0,Clay
Daniel Altmaier,2023-05-01,30.0,Clay
Daniel Altmaier,2023-06-01,35.0,Clay
Daniel Altmaier,2023-07-01,43.1,Clay
Daniel Altmaier,2023-08-01,51.7,Clay
Daniel Altmaier,2023-09-01,50.0,Clay
Daniel Altmaier,2023-10-01,43.3,Clay
Daniel Altmaier,2023-11-01,40.0,Clay
Daniel Altmaier,2024-01-01,45.0,Clay
Daniel Altmaier,2024-02-01,38.8,Clay
Daniel Altmaier,2024-03-01,36.7,Clay
Daniel Altmaier,2024-04-01,37.1,Clay
Daniel Altmaier,2024-05-01,33.8,Clay
Daniel Altmaier,2024-07-01,35.0,Clay
Daniel Altmaier,2024-08-01,30.0,Clay
Daniel Altmaier,2024-10-01,33.3,Clay
Daniel Altmaier,2024-11-01,36.3,Clay
Daniel Altmaier,2025-01-01,32.5,Clay
Daniel Altmaier,2025-02-01,40.0,Clay
Daniel Altmaier,2025-03-01,42.5,Clay
Daniel Altmaier,2025-04-01,46.7,Clay
Daniel Altmaier,2025-05-01,45.8,Clay
Daniel Altmaier,2025-06-01,42.5,Clay
Daniel Altmaier,2025-07-01,40.0,Clay
Daniel Altmaier,2025-08-01,36.3,Clay
Daniel Altmaier,2025-09-01,40.0,Clay
Daniel Altmaier,2025-10-01,40.0,Clay
Daniel Altmaier,2025-11-01,43.3,Clay
Daniel Evans,2016-08-01,45.0,Hard
Daniel Evans,2016-09-01,45.0,Hard
Daniel Evans,2017-01-01,60.0,Hard
Daniel Evans,2017-02-01,61.3,Hard
Daniel Evans,2017-03-01,61.7,Hard
Daniel Evans,2017-04-01,56.7,Hard
Daniel Evans,2017-05-01,46.7,Hard
Daniel Evans,2018-06-01,40.0,Hard
Daniel Evans,2018-09-01,40.0,Hard
Daniel Evans,2019-01-01,40.0,Hard
Daniel Evans,2019-02-01,45.0,Hard
Daniel Evans,2019-03-01,48.3,Hard
Daniel Evans,2019-05-01,45.0,Hard
Daniel Evans,2019-06-01,42.5,Hard
Daniel Evans,2019-07-01,53.6,Hard
Daniel Evans,2019-08-01,45.8,Hard
Daniel Evans,2019-09-01,52.5,Hard
Daniel Evans,2019-10-01,51.7,Hard
Daniel Evans,2019-11-01,42.5,Hard
Daniel Evans,2020-01-01,47.2,Hard
Daniel Evans,2020-02-01,55.0,Hard
Daniel Evans,2020-08-01,65.0,Hard
Daniel Evans,2020-09-01,58.3,Hard
Daniel Evans,2020-10-01,51.1,Hard
Daniel Evans,2020-11-01,50.0,Hard
Daniel Evans,2021-02-01,54.2,Hard
Daniel Evans,2021-03-01,60.0,Hard
Daniel Evans,2021-04-01,62.1,Hard
Daniel Evans,2021-05-01,56.0,Hard
Daniel Evans,2021-06-01,49.2,Hard
Daniel Evans,2021-08-01,48.3,Hard
Daniel Evans,2021-09-01,47.5,Hard
Daniel Evans,2021-10-01,50.0,Hard
Daniel Evans,2021-11-01,44.2,Hard
Daniel Evans,2022-01-01,58.9,Hard
Daniel Evans,2022-02-01,58.3,Hard
Daniel Evans,2022-03-01,60.0,Hard
Daniel Evans,2022-04-01,55.0,Hard
Daniel Evans,2022-05-01,44.2,Hard
Daniel Evans,2022-06-01,33.8,Hard
Daniel Evans,2022-08-01,46.3,Hard
Daniel Evans,2022-09-01,55.8,Hard
Daniel Evans,2022-10-01,58.5,Hard
Daniel Evans,2023-01-01,52.9,Hard
Daniel Evans,2023-02-01,45.0,Hard
Daniel Evans,2023-03-01,40.0,Hard
Daniel Evans,2023-04-01,38.9,Hard
Daniel Evans,2023-05-01,35.0,Hard
Daniel Evans,2023-06-01,35.0,Hard
Daniel Evans,2023-07-01,36.4,Hard
Daniel Evans,2023-08-01,48.0,Hard
Daniel Evans,2023-09-01,47.5,Hard
Daniel Evans,2023-10-01,50.0,Hard
Daniel Evans,2024-01-01,53.3,Hard
Daniel Evans,2024-02-01,41.3,Hard
Daniel Evans,2024-03-01,36.7,Hard
Daniel Evans,2024-04-01,28.3,Hard
Daniel Evans,2024-05-01,20.0,Hard
Daniel Evans,2024-06-01,15.0,Hard
Daniel Evans,2024-07-01,18.3,Hard
Daniel Evans,2024-08-01,21.3,Hard
Daniel Evans,2024-09-01,25.0,Hard
Daniel Evans,2024-10-01,25.0,Hard
Daniel Evans,2025-02-01,25.0,Hard
Daniel Evans,2025-06-01,38.9,Hard
Daniel Evans,2025-07-01,48.3,Hard
Daniil Medvedev,2017-02-01,61.4,Hard
Daniil Medvedev,2017-03-01,60.0,Hard
Daniil Medvedev,2017-04-01,52.5,Hard
Daniil Medvedev,2017-05-01,47.5,Hard
Daniil Medvedev,2017-06-01,47.5,Hard
Daniil Medvedev,2017-07-01,50.8,Hard
Daniil Medvedev,2017-08-01,55.0,Hard
Daniil Medvedev,2017-09-01,50.0,Hard
Daniil Medvedev,2017-10-01,45.0,Hard
Daniil Medvedev,2017-11-01,41.0,Hard
Daniil Medvedev,2018-01-01,48.6,Hard
Daniil Medvedev,2018-02-01,61.3,Hard
Daniil Medvedev,2018-03-01,68.0,Hard
Daniil Medvedev,2018-04-01,68.8,Hard
Daniil Medvedev,2018-05-01,55.0,Hard
Daniil Medvedev,2018-06-01,46.0,Hard
Daniil Medvedev,2018-07-01,44.0,Hard
Daniil Medvedev,2018-08-01,53.1,Hard
Daniil Medvedev,2018-09-01,71.7,Hard
Daniil Medvedev,2018-10-01,78.1,Hard
Daniil Medvedev,2018-12-01,75.0,Hard
Daniil Medvedev,2019-01-01,73.8,Hard
Daniil Medvedev,2019-02-01,75.5,Hard
Daniil Medvedev,2019-03-01,74.0,Hard
Daniil Medvedev,2019-04-01,74.5,Hard
Daniil Medvedev,2019-05-01,60.0,Hard
Daniil Medvedev,2019-06-01,60.0,Hard
Daniil Medvedev,2019-07-01,61.3,Hard
Daniil Medvedev,2019-08-01,76.9,Hard
Daniil Medvedev,2019-09-01,88.8,Hard
Daniil Medvedev,2019-10-01,92.5,Hard
Daniil Medvedev,2019-11-01,80.0,Hard
Daniil Medvedev,2020-01-01,73.3,Hard
Daniil Medvedev,2020-02-01,63.3,Hard
Daniil Medvedev,2020-08-01,63.3,Hard
Daniil Medvedev,2020-09-01,62.5,Hard
Daniil Medvedev,2020-10-01,59.0,Hard
Daniil Medvedev,2020-11-01,70.0,Hard
Daniil Medvedev,2021-02-01,88.6,Hard
Daniil Medvedev,2021-03-01,89.4,Hard
Daniil Medvedev,2021-05-01,76.3,Hard
Daniil Medvedev,2021-06-01,71.7,Hard
Daniil Medvedev,2021-07-01,71.2,Hard
Daniil Medvedev,2021-08-01,83.4,Hard
Daniil Medvedev,2021-09-01,90.0,Hard
Daniil Medvedev,2021-10-01,90.0,Hard
Daniil Medvedev,2021-11-01,87.1,Hard
Daniil Medvedev,2021-12-01,85.0,Hard
Daniil Medvedev,2022-01-01,84.1,Hard
Daniil Medvedev,2022-02-01,85.0,Hard
Daniil Medvedev,2022-03-01,80.0,Hard
Daniil Medvedev,2022-05-01,74.0,Hard
Daniil Medvedev,2022-06-01,69.5,Hard
Daniil Medvedev,2022-08-01,73.8,Hard
Daniil Medvedev,2022-09-01,70.0,Hard
Daniil Medvedev,2022-10-01,72.0,Hard
Daniil Medvedev,2022-11-01,65.0,Hard
Daniil Medvedev,2023-01-01,62.9,Hard
Daniil Medvedev,2023-02-01,73.9,Hard
Daniil Medvedev,2023-03-01,94.2,Hard
Daniil Medvedev,2023-04-01,90.8,Hard
Daniil Medvedev,2023-05-01,84.3,Hard
Daniil Medvedev,2023-06-01,78.8,Hard
Daniil Medvedev,2023-07-01,75.0,Hard
Daniil Medvedev,2023-08-01,73.3,Hard
Daniil Medvedev,2023-09-01,78.0,Hard
Daniil Medvedev,2023-10-01,72.5,Hard
Daniil Medvedev,2023-11-01,71.3,Hard
Daniil Medvedev,2024-01-01,67.9,Hard
Daniil Medvedev,2024-02-01,72.5,Hard
Daniil Medvedev,2024-03-01,78.2,Hard
Daniil Medvedev,2024-04-01,76.7,Hard
Daniil Medvedev,2024-05-01,74.3,Hard
Daniil Medvedev,2024-06-01,70.0,Hard
Daniil Medvedev,2024-07-01,71.7,Hard
Daniil Medvedev,2024-08-01,66.4,Hard
Daniil Medvedev,2024-09-01,61.7,Hard
Daniil Medvedev,2024-10-01,59.0,Hard
Daniil Medvedev,2024-11-01,55.0,Hard
Daniil Medvedev,2025-01-01,57.5,Hard
Daniil Medvedev,2025-02-01,55.5,Hard
Daniil Medvedev,2025-03-01,59.2,Hard
Daniil Medvedev,2025-04-01,66.4,Hard
Daniil Medvedev,2025-05-01,67.5,Hard
Daniil Medvedev,2025-06-01,63.1,Hard
Daniil Medvedev,2025-07-01,63.0,Hard
Daniil Medvedev,2025-08-01,52.5,Hard
Daniil Medvedev,2025-09-01,54.2,Hard
Daniil Medvedev,2025-10-01,65.7,Hard
David Ferrer,2015-03-01,90.0,Clay
David Ferrer,2015-04-01,85.0,Clay
David Ferrer,2015-05-01,73.8,Clay
David Ferrer,2015-06-01,70.0,Clay
David Ferrer,2015-08-01,66.7,Clay
David Ferrer,2015-09-01,72.5,Clay
David Ferrer,2015-10-01,77.5,Clay
David Ferrer,2015-11-01,82.1,Clay
David Ferrer,2016-01-01,64.4,Clay
David Ferrer,2016-02-01,59.4,Clay
David Ferrer,2016-03-01,60.0,Clay
David Ferrer,2016-05-01,65.4,Clay
David Ferrer,2016-06-01,61.0,Clay
David Ferrer,2016-07-01,61.7,Clay
David Ferrer,2016-08-01,57.5,Clay
David Ferrer,2016-09-01,57.5,Clay
David Ferrer,2016-10-01,59.1,Clay
David Ferrer,2017-01-01,57.5,Clay
David Ferrer,2017-02-01,52.5,Clay
David Ferrer,2017-03-01,45.0,Clay
David Ferrer,2017-04-01,40.0,Clay
David Ferrer,2017-05-01,43.5,Clay
David Ferrer,2017-06-01,40.0,Clay
David Ferrer,2017-07-01,53.0,Clay
David Ferrer,2017-08-01,66.7,Clay
David Ferrer,2017-10-01,71.0,Clay
David Ferrer,2018-01-01,62.0,Clay
David Ferrer,2018-02-01,51.2,Clay
David Ferrer,2018-03-01,45.0,Clay
David Ferrer,2018-04-01,42.5,Clay
David Ferrer,2018-05-01,36.7,Clay
David Ferrer,2018-06-01,40.0,Clay
David Ferrer,2018-07-01,32.5,Clay
David Ferrer,2018-08-01,30.0,Clay
David Ferrer,2019-01-01,30.0,Clay
David Ferrer,2019-02-01,30.0,Clay
David Ferrer,2019-03-01,35.0,Clay
David Ferrer,2019-04-01,41.7,Clay
David Ferrer,2019-05-01,45.0,Clay
David Goffin,2015-05-01,52.5,Clay
David Goffin,2015-06-01,63.9,Clay
David Goffin,2015-07-01,66.7,Clay
David Goffin,2015-08-01,67.8,Clay
David Goffin,2015-09-01,70.0,Clay
David Goffin,2015-10-01,67.9,Clay
David Goffin,2015-11-01,63.7,Clay
David Goffin,2016-01-01,62.5,Clay
David Goffin,2016-02-01,58.8,Clay
David Goffin,2016-03-01,68.8,Clay
David Goffin,2016-04-01,74.0,Clay
David Goffin,2016-05-01,71.0,Clay
David Goffin,2016-06-01,67.9,Clay
David Goffin,2016-07-01,67.5,Clay
David Goffin,2016-08-01,69.2,Clay
David Goffin,2016-09-01,63.0,Clay
David Goffin,2016-10-01,64.1,Clay
David Goffin,2016-11-01,60.0,Clay
David Goffin,2017-01-01,62.9,Clay
David Goffin,2017-02-01,65.5,Clay
David Goffin,2017-03-01,72.5,Clay
David Goffin,2017-04-01,73.3,Clay
David Goffin,2017-05-01,72.5,Clay
David Goffin,2017-07-01,70.0,Clay
David Goffin,2017-08-01,60.7,Clay
David Goffin,2017-09-01,62.5,Clay
David Goffin,2017-10-01,77.1,Clay
David Goffin,2017-11-01,72.9,Clay
David Goffin,2018-01-01,67.5,Clay
David Goffin,2018-02-01,68.9,Clay
David Goffin,2018-03-01,65.0,Clay
David Goffin,2018-04-01,70.7,Clay
David Goffin,2018-05-01,68.0,Clay
David Goffin,2018-06-01,60.0,Clay
David Goffin,2018-07-01,62.5,Clay
David Goffin,2018-08-01,62.0,Clay
David Goffin,2018-09-01,62.5,Clay
David Goffin,2018-12-01,55.0,Clay
David Goffin,2019-01-01,58.3,Clay
David Goffin,2019-02-01,58.0,Clay
David Goffin,2019-03-01,53.8,Clay
David Goffin,2019-04-01,48.3,Clay
David Goffin,2019-05-01,47.5,Clay
David Goffin,2019-06-01,56.9,Clay
David Goffin,2019-07-01,65.8,Clay
David Goffin,2019-08-01,70.5,Clay
David Goffin,2019-09-01,67.0,Clay
David Goffin,2019-10-01,65.0,Clay
David Goffin,2019-11-01,57.5,Clay
David Goffin,2020-01-01,57.1,Clay
David Goffin,2020-02-01,56.7,Clay
David Goffin,2020-08-01,58.3,Clay
David Goffin,2020-09-01,57.5,Clay
David Goffin,2020-10-01,50.0,Clay
David Goffin,2020-11-01,50.0,Clay
David Goffin,2021-01-01,50.0,Clay
David Goffin,2021-02-01,46.7,Clay
David Goffin,2021-03-01,50.8,Clay
David Goffin,2021-04-01,56.7,Clay
David Goffin,2021-05-01,55.0,Clay
David Goffin,2021-06-01,50.0,Clay
David Goffin,2021-08-01,42.5,Clay
David Goffin,2022-01-01,37.1,Clay
David Goffin,2022-02-01,30.0,Clay
David Goffin,2022-03-01,30.0,Clay
David Goffin,2022-04-01,50.6,Clay
David Goffin,2022-05-01,64.4,Clay
David Goffin,2022-06-01,67.5,Clay
David Goffin,2022-08-01,51.0,Clay
David Goffin,2022-09-01,45.0,Clay
David Goffin,2022-10-01,45.0,Clay
David Goffin,2023-01-01,36.0,Clay
David Goffin,2023-02-01,42.0,Clay
David Goffin,2023-04-01,42.5,Clay
David Goffin,2023-05-01,38.0,Clay
David Goffin,2023-06-01,35.0,Clay
David Goffin,2023-07-01,41.7,Clay
David Goffin,2023-10-01,40.0,Clay
David Goffin,2024-01-01,35.0,Clay
David Goffin,2024-02-01,36.7,Clay
David Goffin,2024-03-01,35.0,Clay
David Goffin,2024-04-01,36.7,Clay
David Goffin,2024-05-01,35.0,Clay
David Goffin,2024-06-01,30.0,Clay
David Goffin,2024-07-01,33.0,Clay
David Goffin,2024-08-01,43.1,Clay
David Goffin,2024-10-01,61.9,Clay
David Goffin,2024-12-01,65.0,Clay
David Goffin,2025-01-01,61.7,Clay
David Goffin,2025-02-01,53.8,Clay
David Goffin,2025-03-01,52.0,Clay
David Goffin,2025-04-01,47.5,Clay
David Goffin,2025-06-01,40.0,Clay
David Goffin,2025-07-01,40.0,Clay
David Goffin,2025-08-01,41.3,Clay
David Goffin,2025-09-01,35.0,Clay
David Goffin,2025-10-01,34.0,Clay
Denis Istomin,2015-06-01,43.1,Grass
Denis Istomin,2015-07-01,60.0,Grass
Denis Istomin,2015-08-01,66.3,Grass
Denis Istomin,2015-09-01,66.7,Grass
Denis Istomin,2015-10-01,55.0,Grass
Denis Istomin,2016-01-01,45.0,Grass
Denis Istomin,2016-02-01,35.0,Grass
Denis Istomin,2016-03-01,31.7,Grass
Denis Istomin,2016-04-01,27.5,Grass
Denis Istomin,2016-05-01,25.0,Grass
Denis Istomin,2016-06-01,25.0,Grass
Denis Istomin,2016-07-01,35.0,Grass
Denis Istomin,2016-08-01,32.5,Grass
Denis Istomin,2016-09-01,35.0,Grass
Denis Istomin,2017-01-01,45.0,Grass
Denis Istomin,2017-02-01,53.0,Grass
Denis Istomin,2017-03-01,55.0,Grass
Denis Istomin,2017-04-01,50.0,Grass
Denis Istomin,2017-05-01,46.7,Grass
Denis Istomin,2017-06-01,47.5,Grass
Denis Istomin,2017-07-01,36.0,Grass
Denis Istomin,2017-08-01,27.5,Grass
Denis Istomin,2017-09-01,38.1,Grass
Denis Istomin,2017-10-01,50.0,Grass
Denis Istomin,2018-01-01,56.0,Grass
Denis Istomin,2018-02-01,60.0,Grass
Denis Istomin,2018-03-01,60.0,Grass
Denis Istomin,2018-04-01,62.5,Grass
Denis Istomin,2018-05-01,52.5,Grass
Denis Istomin,2018-06-01,48.0,Grass
Denis Istomin,2018-07-01,41.9,Grass
Denis Istomin,2018-08-01,45.0,Grass
Denis Istomin,2018-09-01,37.5,Grass
Denis Istomin,2018-10-01,35.0,Grass
Denis Istomin,2018-12-01,35.0,Grass
Denis Istomin,2019-01-01,35.0,Grass
Denis Istomin,2019-02-01,33.6,Grass
Denis Istomin,2019-03-01,35.0,Grass
Denis Istomin,2019-04-01,32.5,Grass
Denis Istomin,2019-07-01,21.3,Grass
Denis Istomin,2020-02-01,20.0,Grass
Denis Istomin,2020-03-01,20.0,Grass
Denis Istomin,2021-05-01,20.0,Grass
Denis Istomin,2021-07-01,20.0,Grass
Denis Istomin,2021-09-01,20.0,Grass
Denis Istomin,2021-11-01,20.0,Grass
Denis Istomin,2022-02-01,20.0,Grass
Denis Istomin,2022-09-01,15.0,Grass
Denis Shapovalov,2017-09-01,56.7,Hard
Denis Shapovalov,2017-10-01,54.0,Hard
Denis Shapovalov,2017-11-01,55.0,Hard
Denis Shapovalov,2018-01-01,47.0,Hard
Denis Shapovalov,2018-02-01,43.1,Hard
Denis Shapovalov,2018-03-01,51.7,Hard
Denis Shapovalov,2018-04-01,55.0,Hard
Denis Shapovalov,2018-05-01,61.0,Hard
Denis Shapovalov,2018-06-01,55.0,Hard
Denis Shapovalov,2018-07-01,51.2,Hard
Denis Shapovalov,2018-08-01,54.4,Hard
Denis Shapovalov,2018-09-01,59.2,Hard
Denis Shapovalov,2018-10-01,63.3,Hard
Denis Shapovalov,2019-01-01,52.5,Hard
Denis Shapovalov,2019-02-01,53.8,Hard
Denis Shapovalov,2019-03-01,56.3,Hard
Denis Shapovalov,2019-04-01,62.5,Hard
Denis Shapovalov,2019-05-01,54.2,Hard
Denis Shapovalov,2019-06-01,42.5,Hard
Denis Shapovalov,2019-07-01,40.0,Hard
Denis Shapovalov,2019-08-01,40.9,Hard
Denis Shapovalov,2019-09-01,50.0,Hard
Denis Shapovalov,2019-10-01,65.8,Hard
Denis Shapovalov,2019-11-01,72.0,Hard
Denis Shapovalov,2020-01-01,67.1,Hard
Denis Shapovalov,2020-02-01,53.8,Hard
Denis Shapovalov,2020-08-01,48.6,Hard
Denis Shapovalov,2020-09-01,56.4,Hard
Denis Shapovalov,2020-10-01,65.8,Hard
Denis Shapovalov,2020-11-01,60.0,Hard
Denis Shapovalov,2021-02-01,55.0,Hard
Denis Shapovalov,2021-03-01,50.6,Hard
Denis Shapovalov,2021-04-01,45.0,Hard
Denis Shapovalov,2021-05-01,54.4,Hard
Denis Shapovalov,2021-06-01,63.7,Hard
Denis Shapovalov,2021-07-01,70.0,Hard
Denis Shapovalov,2021-08-01,63.0,Hard
Denis Shapovalov,2021-09-01,56.7,Hard
Denis Shapovalov,2021-10-01,55.0,Hard
Denis Shapovalov,2021-11-01,53.8,Hard
Denis Shapovalov,2022-01-01,57.2,Hard
Denis Shapovalov,2022-02-01,67.1,Hard
Denis Shapovalov,2022-03-01,65.0,Hard
Denis Shapovalov,2022-05-01,61.3,Hard
Denis Shapovalov,2022-06-01,45.0,Hard
Denis Shapovalov,2022-08-01,38.8,Hard
Denis Shapovalov,2022-09-01,43.8,Hard
Denis Shapovalov,2022-10-01,61.9,Hard
Denis Shapovalov,2022-11-01,63.3,Hard
Denis Shapovalov,2023-01-01,63.3,Hard
Denis Shapovalov,2023-02-01,55.0,Hard
Denis Shapovalov,2023-03-01,48.3,Hard
Denis Shapovalov,2023-04-01,43.3,Hard
Denis Shapovalov,2023-05-01,48.3,Hard
Denis Shapovalov,2023-06-01,43.3,Hard
Denis Shapovalov,2023-07-01,45.0,Hard
Denis Shapovalov,2024-01-01,45.0,Hard
Denis Shapovalov,2024-02-01,41.7,Hard
Denis Shapovalov,2024-03-01,42.0,Hard
Denis Shapovalov,2024-04-01,41.0,Hard
Denis Shapovalov,2024-05-01,38.3,Hard
Denis Shapovalov,2024-06-01,45.0,Hard
Denis Shapovalov,2024-07-01,51.9,Hard
Denis Shapovalov,2024-08-01,52.5,Hard
Denis Shapovalov,2024-09-01,55.0,Hard
Denis Shapovalov,2024-10-01,60.0,Hard
Denis Shapovalov,2024-11-01,65.8,Hard
Denis Shapovalov,2024-12-01,65.0,Hard
Denis Shapovalov,2025-01-01,63.7,Hard
Denis Shapovalov,2025-02-01,72.2,Hard
Denis Shapovalov,2025-03-01,70.0,Hard
Denis Shapovalov,2025-04-01,61.3,Hard
Denis Shapovalov,2025-05-01,60.0,Hard
Denis Shapovalov,2025-06-01,51.3,Hard
Denis Shapovalov,2025-07-01,45.0,Hard
Denis Shapovalov,2025-08-01,43.8,Hard
Denis Shapovalov,2025-09-01,45.0,Hard
Denis Shapovalov,2025-10-01,52.8,Hard
Diego Schwartzman,2015-05-01,35.0,Clay
Diego Schwartzman,2015-06-01,30.0,Clay
Diego Schwartzman,2015-07-01,28.3,Clay
Diego Schwartzman,2015-08-01,33.6,Clay
Diego Schwartzman,2015-09-01,40.0,Clay
Diego Schwartzman,2016-01-01,35.0,Clay
Diego Schwartzman,2016-02-01,35.0,Clay
Diego Schwartzman,2016-03-01,35.0,Clay
Diego Schwartzman,2016-04-01,41.4,Clay
Diego Schwartzman,2016-05-01,46.7,Clay
Diego Schwartzman,2016-06-01,45.0,Clay
Diego Schwartzman,2016-08-01,46.3,Clay
Diego Schwartzman,2016-09-01,46.3,Clay
Diego Schwartzman,2016-10-01,58.0,Clay
Diego Schwartzman,2017-01-01,50.0,Clay
Diego Schwartzman,2017-02-01,57.5,Clay
Diego Schwartzman,2017-03-01,57.5,Clay
Diego Schwartzman,2017-04-01,53.3,Clay
Diego Schwartzman,2017-05-01,55.0,Clay
Diego Schwartzman,2017-06-01,50.0,Clay
Diego Schwartzman,2017-07-01,51.4,Clay
Diego Schwartzman,2017-08-01,56.5,Clay
Diego Schwartzman,2017-09-01,60.0,Clay
Diego Schwartzman,2017-10-01,67.7,Clay
Diego Schwartzman,2018-01-01,60.0,Clay
Diego Schwartzman,2018-02-01,63.5,Clay
Diego Schwartzman,2018-03-01,61.7,Clay
Diego Schwartzman,2018-04-01,67.5,Clay
Diego Schwartzman,2018-05-01,61.0,Clay
Diego Schwartzman,2018-06-01,55.0,Clay
Diego Schwartzman,2018-07-01,55.0,Clay
Diego Schwartzman,2018-08-01,57.1,Clay
Diego Schwartzman,2018-09-01,57.5,Clay
Diego Schwartzman,2018-10-01,48.1,Clay
Diego Schwartzman,2019-01-01,50.0,Clay
Diego Schwartzman,2019-02-01,54.4,Clay
Diego Schwartzman,2019-03-01,55.0,Clay
Diego Schwartzman,2019-04-01,53.3,Clay
Diego Schwartzman,2019-05-01,52.8,Clay
Diego Schwartzman,2019-06-01,56.7,Clay
Diego Schwartzman,2019-07-01,65.0,Clay
Diego Schwartzman,2019-08-01,73.0,Clay
Diego Schwartzman,2019-09-01,72.5,Clay
Diego Schwartzman,2019-10-01,66.9,Clay
Diego Schwartzman,2019-11-01,58.3,Clay
Diego Schwartzman,2020-01-01,48.1,Clay
Diego Schwartzman,2020-02-01,54.3,Clay
Diego Schwartzman,2020-08-01,53.3,Clay
Diego Schwartzman,2020-09-01,64.2,Clay
Diego Schwartzman,2020-10-01,70.0,Clay
Diego Schwartzman,2020-11-01,70.8,Clay
Diego Schwartzman,2021-02-01,60.7,Clay
Diego Schwartzman,2021-03-01,56.9,Clay
Diego Schwartzman,2021-04-01,56.3,Clay
Diego Schwartzman,2021-05-01,57.5,Clay
Diego Schwartzman,2021-06-01,58.3,Clay
Diego Schwartzman,2021-07-01,56.7,Clay
Diego Schwartzman,2021-08-01,61.1,Clay
Diego Schwartzman,2021-09-01,62.5,Clay
Diego Schwartzman,2021-10-01,65.0,Clay
Diego Schwartzman,2021-11-01,62.5,Clay
Diego Schwartzman,2022-01-01,66.3,Clay
Diego Schwartzman,2022-02-01,66.3,Clay
Diego Schwartzman,2022-03-01,66.3,Clay
Diego Schwartzman,2022-04-01,68.8,Clay
Diego Schwartzman,2022-05-01,65.6,Clay
Diego Schwartzman,2022-06-01,58.8,Clay
Diego Schwartzman,2022-07-01,55.0,Clay
Diego Schwartzman,2022-08-01,51.2,Clay
Diego Schwartzman,2022-09-01,45.0,Clay
Diego Schwartzman,2022-10-01,35.0,Clay
Diego Schwartzman,2023-01-01,35.0,Clay
Diego Schwartzman,2023-02-01,28.7,Clay
Diego Schwartzman,2023-03-01,26.3,Clay
Diego Schwartzman,2023-04-01,22.5,Clay
Diego Schwartzman,2023-05-01,29.0,Clay
Diego Schwartzman,2023-06-01,35.0,Clay
Diego Schwartzman,2023-07-01,40.0,Clay
Diego Schwartzman,2023-08-01,35.0,Clay
Diego Schwartzman,2023-09-01,30.0,Clay
Diego Schwartzman,2023-10-01,37.9,Clay
Diego Schwartzman,2024-02-01,33.8,Clay
Diego Schwartzman,2024-03-01,25.0,Clay
Diego Schwartzman,2024-04-01,25.0,Clay
Diego Schwartzman,2024-05-01,20.0,Clay
Diego Schwartzman,2024-08-01,20.0,Clay
Diego Schwartzman,2025-02-01,25.0,Clay
Dominic Thiem,2015-05-01,60.5,Clay
Dominic Thiem,2015-06-01,60.0,Clay
Dominic Thiem,2015-07-01,61.0,Clay
Dominic Thiem,2015-08-01,61.9,Clay
Dominic Thiem,2015-09-01,68.3,Clay
Dominic Thiem,2015-10-01,63.3,Clay
Dominic Thiem,2015-11-01,50.0,Clay
Dominic Thiem,2016-01-01,52.5,Clay
Dominic Thiem,2016-02-01,68.9,Clay
Dominic Thiem,2016-03-01,86.9,Clay
Dominic Thiem,2016-04-01,81.4,Clay
Dominic Thiem,2016-05-01,74.0,Clay
Dominic Thiem,2016-06-01,84.0,Clay
Dominic Thiem,2016-07-01,77.5,Clay
Dominic Thiem,2016-08-01,70.7,Clay
Dominic Thiem,2016-09-01,66.7,Clay
Dominic Thiem,2016-10-01,53.8,Clay
Dominic Thiem,2016-11-01,55.0,Clay
Dominic Thiem,2017-01-01,51.9,Clay
Dominic Thiem,2017-02-01,56.3,Clay
Dominic Thiem,2017-03-01,73.0,Clay
Dominic Thiem,2017-04-01,72.1,Clay
Dominic Thiem,2017-05-01,74.0,Clay
Dominic Thiem,2017-06-01,75.0,Clay
Dominic Thiem,2017-07-01,70.8,Clay
Dominic Thiem,2017-08-01,63.7,Clay
Dominic Thiem,2017-09-01,57.5,Clay
Dominic Thiem,2017-10-01,53.3,Clay
Dominic Thiem,2017-11-01,45.0,Clay
Dominic Thiem,2018-01-01,53.1,Clay
Dominic Thiem,2018-02-01,70.4,Clay
Dominic Thiem,2018-03-01,77.5,Clay
Dominic Thiem,2018-04-01,75.8,Clay
Dominic Thiem,2018-05-01,73.2,Clay
Dominic Thiem,2018-06-01,77.5,Clay
Dominic Thiem,2018-07-01,72.0,Clay
Dominic Thiem,2018-08-01,68.3,Clay
Dominic Thiem,2018-09-01,65.0,Clay
Dominic Thiem,2018-10-01,70.0,Clay
Dominic Thiem,2018-11-01,75.0,Clay
Dominic Thiem,2018-12-01,65.0,Clay
Dominic Thiem,2019-01-01,65.0,Clay
Dominic Thiem,2019-02-01,61.3,Clay
Dominic Thiem,2019-03-01,59.3,Clay
Dominic Thiem,2019-04-01,63.6,Clay
Dominic Thiem,2019-05-01,78.3,Clay
Dominic Thiem,2019-07-01,75.6,Clay
Dominic Thiem,2019-08-01,72.5,Clay
Dominic Thiem,2019-09-01,68.3,Clay
Dominic Thiem,2019-10-01,75.0,Clay
Dominic Thiem,2019-11-01,79.0,Clay
Dominic Thiem,2020-01-01,72.0,Clay
Dominic Thiem,2020-02-01,68.3,Clay
Dominic Thiem,2020-08-01,70.0,Clay
Dominic Thiem,2020-09-01,83.0,Clay
Dominic Thiem,2020-10-01,78.3,Clay
Dominic Thiem,2020-11-01,77.0,Clay
Dominic Thiem,2021-02-01,75.0,Clay
Dominic Thiem,2021-03-01,65.0,Clay
Dominic Thiem,2021-05-01,60.0,Clay
Dominic Thiem,2021-06-01,50.0,Clay
Dominic Thiem,2022-04-01,45.0,Clay
Dominic Thiem,2022-05-01,36.3,Clay
Dominic Thiem,2022-07-01,35.5,Clay
Dominic Thiem,2022-08-01,43.8,Clay
Dominic Thiem,2022-09-01,52.5,Clay
Dominic Thiem,2022-10-01,63.0,Clay
Dominic Thiem,2023-01-01,55.0,Clay
Dominic Thiem,2023-02-01,50.0,Clay
Dominic Thiem,2023-03-01,42.5,Clay
Dominic Thiem,2023-04-01,40.0,Clay
Dominic Thiem,2023-05-01,35.0,Clay
Dominic Thiem,2023-06-01,35.0,Clay
Dominic Thiem,2023-07-01,44.5,Clay
Dominic Thiem,2023-08-01,52.5,Clay
Dominic Thiem,2023-09-01,53.3,Clay
Dominic Thiem,2023-10-01,53.0,Clay
Dominic Thiem,2023-11-01,57.5,Clay
Dominic Thiem,2024-01-01,52.5,Clay
Dominic Thiem,2024-02-01,55.0,Clay
Dominic Thiem,2024-04-01,50.0,Clay
Dominic Thiem,2024-06-01,40.0,Clay
Dominic Thiem,2024-07-01,37.5,Clay
Dominic Thiem,2024-08-01,35.0,Clay
Dominic Thiem,2024-10-01,30.0,Clay
Dominik Koepfer,2020-09-01,51.7,Clay
Dominik Koepfer,2021-02-01,50.0,Clay
Dominik Koepfer,2021-03-01,50.7,Clay
Dominik Koepfer,2021-04-01,45.0,Clay
Dominik Koepfer,2021-05-01,46.3,Clay
Dominik Koepfer,2021-06-01,48.0,Clay
Dominik Koepfer,2021-07-01,50.0,Clay
Dominik Koepfer,2021-08-01,54.2,Clay
Dominik Koepfer,2021-09-01,50.0,Clay
Dominik Koepfer,2021-10-01,42.5,Clay
Dominik Koepfer,2021-11-01,48.0,Clay
Dominik Koepfer,2021-12-01,45.0,Clay
Dominik Koepfer,2022-01-01,41.7,Clay
Dominik Koepfer,2022-03-01,38.3,Clay
Dominik Koepfer,2022-06-01,32.5,Clay
Dominik Koepfer,2022-07-01,27.5,Clay
Dominik Koepfer,2022-08-01,30.0,Clay
Dominik Koepfer,2023-07-01,35.0,Clay
Dominik Koepfer,2023-08-01,43.8,Clay
Dominik Koepfer,2023-10-01,40.0,Clay
Dominik Koepfer,2024-01-01,40.0,Clay
Dominik Koepfer,2024-02-01,53.1,Clay
Dominik Koepfer,2024-03-01,53.0,Clay
Dominik Koepfer,2024-04-01,43.8,Clay
Dominik Koepfer,2024-05-01,47.9,Clay
Dominik Koepfer,2024-06-01,46.3,Clay
Dominik Koepfer,2024-07-01,43.8,Clay
Dominik Koepfer,2024-08-01,40.0,Clay
Dominik Koepfer,2024-10-01,40.0,Clay
Dominik Koepfer,2025-01-01,43.3,Clay
Donald Young,2015-03-01,63.3,Grass
Donald Young,2015-04-01,60.0,Grass
Donald Young,2015-05-01,53.3,Grass
Donald Young,2015-06-01,43.3,Grass
Donald Young,2015-07-01,35.0,Grass
Donald Young,2015-08-01,32.0,Grass
Donald Young,2015-10-01,34.0,Grass
Donald Young,2016-01-01,45.0,Grass
Donald Young,2016-02-01,50.8,Grass
Donald Young,2016-03-01,45.0,Grass
Donald Young,2016-04-01,45.0,Grass
Donald Young,2016-05-01,41.7,Grass
Donald Young,2016-06-01,42.5,Grass
Donald Young,2016-07-01,46.3,Grass
Donald Young,2016-08-01,54.3,Grass
Donald Young,2016-10-01,52.5,Grass
Donald Young,2017-01-01,52.5,Grass
Donald Young,2017-02-01,54.0,Grass
Donald Young,2017-03-01,63.7,Grass
Donald Young,2017-04-01,65.0,Grass
Donald Young,2017-05-01,60.0,Grass
Donald Young,2017-06-01,55.8,Grass
Donald Young,2017-07-01,52.5,Grass
Donald Young,2017-08-01,42.5,Grass
Donald Young,2017-09-01,51.7,Grass
Donald Young,2017-10-01,45.0,Grass
Donald Young,2018-01-01,37.5,Grass
Donald Young,2018-02-01,33.8,Grass
Donald Young,2018-03-01,27.5,Grass
Donald Young,2018-04-01,25.0,Grass
Donald Young,2018-07-01,27.0,Grass
Donald Young,2018-08-01,25.0,Grass
Donald Young,2019-03-01,20.0,Grass
Donald Young,2019-07-01,15.0,Grass
Donald Young,2021-01-01,15.0,Grass
Dusan Lajovic,2015-05-01,44.0,Clay
Dusan Lajovic,2015-06-01,40.0,Clay
Dusan Lajovic,2015-07-01,39.0,Clay
Dusan Lajovic,2015-08-01,48.3,Clay
Dusan Lajovic,2015-10-01,51.7,Clay
Dusan Lajovic,2015-11-01,50.0,Clay
Dusan Lajovic,2016-01-01,48.3,Clay
Dusan Lajovic,2016-02-01,48.9,Clay
Dusan Lajovic,2016-03-01,45.0,Clay
Dusan Lajovic,2016-04-01,45.0,Clay
Dusan Lajovic,2016-05-01,45.0,Clay
Dusan Lajovic,2016-06-01,42.5,Clay
Dusan Lajovic,2016-07-01,46.7,Clay
Dusan Lajovic,2016-08-01,46.7,Clay
Dusan Lajovic,2016-09-01,50.0,Clay
Dusan Lajovic,2016-10-01,50.0,Clay
Dusan Lajovic,2017-01-01,46.7,Clay
Dusan Lajovic,2017-02-01,45.0,Clay
Dusan Lajovic,2017-03-01,45.0,Clay
Dusan Lajovic,2017-04-01,45.0,Clay
Dusan Lajovic,2017-05-01,48.0,Clay
Dusan Lajovic,2017-06-01,50.0,Clay
Dusan Lajovic,2017-07-01,49.3,Clay
Dusan Lajovic,2017-08-01,45.0,Clay
Dusan Lajovic,2017-09-01,41.7,Clay
Dusan Lajovic,2017-10-01,42.5,Clay
Dusan Lajovic,2018-01-01,35.0,Clay
Dusan Lajovic,2018-02-01,36.0,Clay
Dusan Lajovic,2018-03-01,33.8,Clay
Dusan Lajovic,2018-04-01,33.0,Clay
Dusan Lajovic,2018-05-01,46.0,Clay
Dusan Lajovic,2018-06-01,57.5,Clay
Dusan Lajovic,2018-07-01,58.1,Clay
Dusan Lajovic,2018-08-01,55.0,Clay
Dusan Lajovic,2018-09-01,52.5,Clay
Dusan Lajovic,2018-10-01,52.9,Clay
Dusan Lajovic,2018-12-01,55.0,Clay
Dusan Lajovic,2019-01-01,52.5,Clay
Dusan Lajovic,2019-02-01,47.0,Clay
Dusan Lajovic,2019-03-01,43.0,Clay
Dusan Lajovic,2019-04-01,48.6,Clay
Dusan Lajovic,2019-05-01,48.0,Clay
Dusan Lajovic,2019-06-01,50.0,Clay
Dusan Lajovic,2019-07-01,56.9,Clay
Dusan Lajovic,2019-08-01,45.0,Clay
Dusan Lajovic,2019-09-01,45.0,Clay
Dusan Lajovic,2019-10-01,42.0,Clay
Dusan Lajovic,2020-01-01,41.7,Clay
Dusan Lajovic,2020-02-01,48.3,Clay
Dusan Lajovic,2020-08-01,47.5,Clay
Dusan Lajovic,2020-09-01,50.6,Clay
Dusan Lajovic,2020-10-01,41.7,Clay
Dusan Lajovic,2020-11-01,35.0,Clay
Dusan Lajovic,2021-02-01,36.4,Clay
Dusan Lajovic,2021-03-01,37.9,Clay
Dusan Lajovic,2021-04-01,30.0,Clay
Dusan Lajovic,2021-05-01,35.0,Clay
Dusan Lajovic,2021-06-01,30.0,Clay
Dusan Lajovic,2021-07-01,36.0,Clay
Dusan Lajovic,2021-08-01,41.7,Clay
Dusan Lajovic,2021-09-01,45.0,Clay
Dusan Lajovic,2021-10-01,42.5,Clay
Dusan Lajovic,2021-11-01,45.0,Clay
Dusan Lajovic,2021-12-01,45.0,Clay
Dusan Lajovic,2022-01-01,35.0,Clay
Dusan Lajovic,2022-02-01,34.0,Clay
Dusan Lajovic,2022-03-01,32.5,Clay
Dusan Lajovic,2022-04-01,32.5,Clay
Dusan Lajovic,2022-05-01,34.0,Clay
Dusan Lajovic,2022-06-01,31.7,Clay
Dusan Lajovic,2022-07-01,32.5,Clay
Dusan Lajovic,2022-08-01,30.0,Clay
Dusan Lajovic,2022-09-01,35.0,Clay
Dusan Lajovic,2023-01-01,30.0,Clay
Dusan Lajovic,2023-02-01,42.3,Clay
Dusan Lajovic,2023-03-01,53.3,Clay
Dusan Lajovic,2023-04-01,63.9,Clay
Dusan Lajovic,2023-05-01,63.3,Clay
Dusan Lajovic,2023-07-01,53.0,Clay
Dusan Lajovic,2023-08-01,50.0,Clay
Dusan Lajovic,2023-09-01,45.0,Clay
Dusan Lajovic,2023-10-01,37.9,Clay
Dusan Lajovic,2024-01-01,43.3,Clay
Dusan Lajovic,2024-02-01,45.0,Clay
Dusan Lajovic,2024-03-01,45.0,Clay
Dusan Lajovic,2024-04-01,51.7,Clay
Dusan Lajovic,2024-05-01,56.3,Clay
Dusan Lajovic,2024-07-01,51.4,Clay
Dusan Lajovic,2024-08-01,45.0,Clay
Dusan Lajovic,2024-09-01,45.0,Clay
Dusan Lajovic,2024-11-01,47.5,Clay
Dusan Lajovic,2024-12-01,42.5,Clay
Dusan Lajovic,2025-01-01,35.0,Clay
Dusan Lajovic,2025-02-01,38.3,Clay
Dusan Lajovic,2025-03-01,36.7,Clay
Dusan Lajovic,2025-04-01,32.5,Clay
Dusan Lajovic,2025-05-01,28.7,Clay
Dusan Lajovic,2025-06-01,25.0,Clay
Dusan Lajovic,2025-07-01,25.0,Clay
Emil Ruusuvuori,2020-10-01,46.0,Hard
Emil Ruusuvuori,2021-01-01,50.0,Hard
Emil Ruusuvuori,2021-02-01,45.0,Hard
Emil Ruusuvuori,2021-03-01,48.1,Hard
Emil Ruusuvuori,2021-04-01,55.0,Hard
Emil Ruusuvuori,2021-05-01,52.5,Hard
Emil Ruusuvuori,2021-06-01,46.7,Hard
Emil Ruusuvuori,2021-07-01,47.5,Hard
Emil Ruusuvuori,2021-08-01,50.5,Hard
Emil Ruusuvuori,2021-09-01,62.0,Hard
Emil Ruusuvuori,2021-10-01,60.0,Hard
Emil Ruusuvuori,2021-11-01,50.0,Hard
Emil Ruusuvuori,2022-01-01,56.5,Hard
Emil Ruusuvuori,2022-02-01,57.5,Hard
Emil Ruusuvuori,2022-03-01,54.2,Hard
Emil Ruusuvuori,2022-04-01,60.0,Hard
Emil Ruusuvuori,2022-05-01,51.2,Hard
Emil Ruusuvuori,2022-06-01,50.6,Hard
Emil Ruusuvuori,2022-07-01,46.7,Hard
Emil Ruusuvuori,2022-08-01,46.7,Hard
Emil Ruusuvuori,2022-09-01,48.3,Hard
Emil Ruusuvuori,2022-10-01,54.4,Hard
Emil Ruusuvuori,2023-01-01,50.0,Hard
Emil Ruusuvuori,2023-02-01,54.4,Hard
Emil Ruusuvuori,2023-03-01,52.5,Hard
Emil Ruusuvuori,2023-04-01,58.3,Hard
Emil Ruusuvuori,2023-05-01,56.3,Hard
Emil Ruusuvuori,2023-06-01,60.8,Hard
Emil Ruusuvuori,2023-07-01,48.0,Hard
Emil Ruusuvuori,2023-08-01,46.3,Hard
Emil Ruusuvuori,2023-09-01,46.7,Hard
Emil Ruusuvuori,2023-10-01,50.0,Hard
Emil Ruusuvuori,2023-11-01,45.0,Hard
Emil Ruusuvuori,2024-01-01,52.9,Hard
Emil Ruusuvuori,2024-02-01,63.3,Hard
Emil Ruusuvuori,2024-03-01,57.5,Hard
Emil Ruusuvuori,2024-04-01,55.0,Hard
Emil Ruusuvuori,2024-05-01,51.3,Hard
Emil Ruusuvuori,2024-06-01,45.0,Hard
Emil Ruusuvuori,2024-07-01,46.0,Hard
Emil Ruusuvuori,2025-08-01,40.0,Hard
Emil Ruusuvuori,2025-09-01,40.0,Hard
Emil Ruusuvuori,2025-10-01,35.0,Hard
Ernests Gulbis,2015-07-01,25.0,Hard
Ernests Gulbis,2015-08-01,34.2,Hard
Ernests Gulbis,2015-09-01,35.0,Hard
Ernests Gulbis,2015-10-01,43.0,Hard
Ernests Gulbis,2016-01-01,40.0,Hard
Ernests Gulbis,2016-02-01,41.0,Hard
Ernests Gulbis,2016-03-01,37.5,Hard
Ernests Gulbis,2016-04-01,30.0,Hard
Ernests Gulbis,2016-05-01,35.6,Hard
Ernests Gulbis,2016-06-01,35.0,Hard
Ernests Gulbis,2016-07-01,35.0,Hard
Ernests Gulbis,2017-05-01,30.0,Hard
Ernests Gulbis,2017-07-01,41.9,Hard
Ernests Gulbis,2017-08-01,46.7,Hard
Ernests Gulbis,2017-09-01,45.0,Hard
Ernests Gulbis,2017-10-01,40.0,Hard
Ernests Gulbis,2018-02-01,32.5,Hard
Ernests Gulbis,2018-05-01,35.0,Hard
Ernests Gulbis,2018-07-01,45.0,Hard
Ernests Gulbis,2018-10-01,50.0,Hard
Ernests Gulbis,2018-12-01,55.0,Hard
Ernests Gulbis,2019-01-01,55.0,Hard
Ernests Gulbis,2019-02-01,61.0,Hard
Ernests Gulbis,2019-03-01,52.5,Hard
Ernests Gulbis,2019-04-01,45.0,Hard
Ernests Gulbis,2019-05-01,40.0,Hard
Ernests Gulbis,2019-06-01,30.0,Hard
Ernests Gulbis,2019-07-01,22.0,Hard
Ernests Gulbis,2020-01-01,25.0,Hard
Ernests Gulbis,2020-02-01,20.0,Hard
Ernests Gulbis,2020-03-01,27.5,Hard
Ernests Gulbis,2021-02-01,30.0,Hard
Ernests Gulbis,2021-07-01,30.0,Hard
Ernests Gulbis,2021-09-01,30.0,Hard
Ernests Gulbis,2023-02-01,35.0,Hard
Fabian Marozsan,2023-11-01,55.0,Hard
Fabian Marozsan,2024-01-01,55.8,Hard
Fabian Marozsan,2024-02-01,52.0,Hard
Fabian Marozsan,2024-03-01,51.7,Hard
Fabian Marozsan,2024-04-01,57.5,Hard
Fabian Marozsan,2024-05-01,52.5,Hard
Fabian Marozsan,2024-06-01,52.5,Hard
Fabian Marozsan,2024-07-01,41.7,Hard
Fabian Marozsan,2024-08-01,33.6,Hard
Fabian Marozsan,2024-09-01,37.5,Hard
Fabian Marozsan,2024-10-01,35.0,Hard
Fabian Marozsan,2024-11-01,38.3,Hard
Fabian Marozsan,2024-12-01,46.7,Hard
Fabian Marozsan,2025-01-01,48.3,Hard
Fabian Marozsan,2025-02-01,51.4,Hard
Fabian Marozsan,2025-03-01,50.0,Hard
Fabian Marozsan,2025-04-01,50.0,Hard
Fabian Marozsan,2025-05-01,47.9,Hard
Fabian Marozsan,2025-06-01,47.0,Hard
Fabian Marozsan,2025-07-01,52.0,Hard
Fabian Marozsan,2025-08-01,50.0,Hard
Fabian Marozsan,2025-09-01,46.3,Hard
Fabian Marozsan,2025-10-01,49.2,Hard
Fabio Fognini,2015-04-01,45.0,Clay
Fabio Fognini,2015-05-01,50.0,Clay
Fabio Fognini,2015-06-01,47.5,Clay
Fabio Fognini,2015-07-01,57.5,Clay
Fabio Fognini,2015-08-01,58.8,Clay
Fabio Fognini,2015-09-01,62.5,Clay
Fabio Fognini,2015-10-01,66.0,Clay
Fabio Fognini,2015-11-01,55.0,Clay
Fabio Fognini,2016-01-01,62.5,Clay
Fabio Fognini,2016-02-01,58.3,Clay
Fabio Fognini,2016-04-01,48.8,Clay
Fabio Fognini,2016-05-01,47.0,Clay
Fabio Fognini,2016-06-01,42.5,Clay
Fabio Fognini,2016-07-01,52.5,Clay
Fabio Fognini,2016-08-01,55.0,Clay
Fabio Fognini,2016-09-01,55.0,Clay
Fabio Fognini,2016-10-01,60.0,Clay
Fabio Fognini,2017-01-01,48.3,Clay
Fabio Fognini,2017-02-01,50.7,Clay
Fabio Fognini,2017-03-01,56.1,Clay
Fabio Fognini,2017-04-01,60.0,Clay
Fabio Fognini,2017-05-01,58.9,Clay
Fabio Fognini,2017-07-01,60.4,Clay
Fabio Fognini,2017-08-01,68.3,Clay
Fabio Fognini,2017-09-01,67.5,Clay
Fabio Fognini,2017-10-01,67.0,Clay
Fabio Fognini,2018-01-01,62.9,Clay
Fabio Fognini,2018-02-01,67.7,Clay
Fabio Fognini,2018-03-01,71.7,Clay
Fabio Fognini,2018-04-01,67.0,Clay
Fabio Fognini,2018-05-01,60.0,Clay
Fabio Fognini,2018-07-01,67.5,Clay
Fabio Fognini,2018-08-01,76.3,Clay
Fabio Fognini,2018-09-01,71.0,Clay
Fabio Fognini,2018-10-01,69.1,Clay
Fabio Fognini,2019-01-01,62.0,Clay
Fabio Fognini,2019-02-01,55.0,Clay
Fabio Fognini,2019-03-01,48.3,Clay
Fabio Fognini,2019-04-01,47.1,Clay
Fabio Fognini,2019-05-01,61.0,Clay
Fabio Fognini,2019-07-01,72.8,Clay
Fabio Fognini,2019-08-01,62.5,Clay
Fabio Fognini,2019-09-01,56.3,Clay
Fabio Fognini,2019-10-01,54.4,Clay
Fabio Fognini,2019-11-01,47.5,Clay
Fabio Fognini,2020-01-01,47.5,Clay
Fabio Fognini,2020-02-01,45.0,Clay
Fabio Fognini,2020-09-01,36.0,Clay
Fabio Fognini,2021-01-01,35.0,Clay
Fabio Fognini,2021-02-01,42.5,Clay
Fabio Fognini,2021-03-01,41.7,Clay
Fabio Fognini,2021-04-01,48.3,Clay
Fabio Fognini,2021-05-01,51.2,Clay
Fabio Fognini,2021-06-01,49.0,Clay
Fabio Fognini,2021-07-01,52.5,Clay
Fabio Fognini,2021-08-01,51.0,Clay
Fabio Fognini,2021-09-01,50.0,Clay
Fabio Fognini,2021-10-01,48.3,Clay
Fabio Fognini,2021-11-01,40.0,Clay
Fabio Fognini,2022-01-01,41.7,Clay
Fabio Fognini,2022-02-01,40.8,Clay
Fabio Fognini,2022-03-01,42.5,Clay
Fabio Fognini,2022-04-01,50.0,Clay
Fabio Fognini,2022-05-01,55.0,Clay
Fabio Fognini,2022-06-01,50.0,Clay
Fabio Fognini,2022-07-01,43.8,Clay
Fabio Fognini,2022-08-01,39.3,Clay
Fabio Fognini,2022-09-01,30.0,Clay
Fabio Fognini,2022-10-01,33.0,Clay
Fabio Fognini,2023-01-01,30.0,Clay
Fabio Fognini,2023-02-01,31.3,Clay
Fabio Fognini,2023-03-01,30.0,Clay
Fabio Fognini,2023-04-01,30.0,Clay
Fabio Fognini,2023-05-01,35.0,Clay
Fabio Fognini,2023-07-01,35.0,Clay
Fabio Fognini,2023-10-01,35.0,Clay
Fabio Fognini,2023-11-01,41.3,Clay
Fabio Fognini,2024-03-01,47.5,Clay
Fabio Fognini,2024-04-01,53.3,Clay
Fabio Fognini,2024-05-01,57.5,Clay
Fabio Fognini,2024-06-01,55.0,Clay
Fabio Fognini,2024-07-01,58.1,Clay
Fabio Fognini,2024-08-01,55.0,Clay
Fabio Fognini,2024-09-01,50.0,Clay
Fabio Fognini,2024-10-01,48.8,Clay
Fabio Fognini,2024-11-01,40.0,Clay
Fabio Fognini,2025-03-01,40.0,Clay
Fabio Fognini,2025-04-01,35.0,Clay
Fabio Fognini,2025-05-01,30.0,Clay
Fabio Fognini,2025-06-01,25.0,Clay
Facundo Diaz Acosta,2024-02-01,53.3,Clay
Facundo Diaz Acosta,2024-03-01,50.0,Clay
Facundo Diaz Acosta,2024-04-01,55.0,Clay
Facundo Diaz Acosta,2024-07-01,52.1,Clay
Facundo Diaz Acosta,2024-08-01,42.5,Clay
Facundo Diaz Acosta,2024-10-01,37.5,Clay
Facundo Diaz Acosta,2025-01-01,45.0,Clay
Facundo Diaz Acosta,2025-02-01,36.7,Clay
Federico Coria,2021-02-01,44.0,Clay
Federico Coria,2021-03-01,42.5,Clay
Federico Coria,2021-04-01,37.5,Clay
Federico Coria,2021-05-01,41.0,Clay
Federico Coria,2021-06-01,40.0,Clay
Federico Coria,2021-07-01,47.5,Clay
Federico Coria,2021-08-01,46.7,Clay
Federico Coria,2021-09-01,50.0,Clay
Federico Coria,2021-10-01,51.7,Clay
Federico Coria,2022-01-01,47.5,Clay
Federico Coria,2022-02-01,48.6,Clay
Federico Coria,2022-03-01,45.0,Clay
Federico Coria,2022-04-01,50.7,Clay
Federico Coria,2022-05-01,55.0,Clay
Federico Coria,2022-06-01,50.0,Clay
Federico Coria,2022-07-01,47.0,Clay
Federico Coria,2022-08-01,43.3,Clay
Federico Coria,2023-01-01,33.8,Clay
Federico Coria,2023-02-01,35.8,Clay
Federico Coria,2023-03-01,35.0,Clay
Federico Coria,2023-04-01,30.0,Clay
Federico Coria,2023-05-01,30.0,Clay
Federico Coria,2023-07-01,33.3,Clay
Federico Coria,2024-01-01,35.0,Clay
Federico Coria,2024-02-01,45.9,Clay
Federico Coria,2024-04-01,51.2,Clay
Federico Coria,2024-05-01,45.0,Clay
Federico Coria,2024-07-01,40.0,Clay
Federico Coria,2024-08-01,32.5,Clay
Federico Coria,2025-01-01,25.0,Clay
Federico Coria,2025-02-01,26.0,Clay
Federico Coria,2025-03-01,25.0,Clay
Federico Delbonis,2015-05-01,55.0,Clay
Federico Delbonis,2015-06-01,55.0,Clay
Federico Delbonis,2015-07-01,57.0,Clay
Federico Delbonis,2015-08-01,55.0,Clay
Federico Delbonis,2015-09-01,46.7,Clay
Federico Delbonis,2015-10-01,42.5,Clay
Federico Delbonis,2016-01-01,41.0,Clay
Federico Delbonis,2016-02-01,45.7,Clay
Federico Delbonis,2016-03-01,54.2,Clay
Federico Delbonis,2016-04-01,66.4,Clay
Federico Delbonis,2016-05-01,68.8,Clay
Federico Delbonis,2016-06-01,60.0,Clay
Federico Delbonis,2016-07-01,61.7,Clay
Federico Delbonis,2016-08-01,52.0,Clay
Federico Delbonis,2016-09-01,45.0,Clay
Federico Delbonis,2016-10-01,35.8,Clay
Federico Delbonis,2016-11-01,30.0,Clay
Federico Delbonis,2017-01-01,30.0,Clay
Federico Delbonis,2017-02-01,35.7,Clay
Federico Delbonis,2017-03-01,48.3,Clay
Federico Delbonis,2017-04-01,55.0,Clay
Federico Delbonis,2017-05-01,50.0,Clay
Federico Delbonis,2017-07-01,52.0,Clay
Federico Delbonis,2018-01-01,50.0,Clay
Federico Delbonis,2018-02-01,52.5,Clay
Federico Delbonis,2018-03-01,47.5,Clay
Federico Delbonis,2018-04-01,48.3,Clay
Federico Delbonis,2018-05-01,46.7,Clay
Federico Delbonis,2018-06-01,45.0,Clay
Federico Delbonis,2018-07-01,38.3,Clay
Federico Delbonis,2018-08-01,30.0,Clay
Federico Delbonis,2019-01-01,30.0,Clay
Federico Delbonis,2019-02-01,35.0,Clay
Federico Delbonis,2019-03-01,37.5,Clay
Federico Delbonis,2019-04-01,35.0,Clay
Federico Delbonis,2019-05-01,43.3,Clay
Federico Delbonis,2019-06-01,40.0,Clay
Federico Delbonis,2019-07-01,44.4,Clay
Federico Delbonis,2019-08-01,40.0,Clay
Federico Delbonis,2019-10-01,40.0,Clay
Federico Delbonis,2020-01-01,41.7,Clay
Federico Delbonis,2020-02-01,37.5,Clay
Federico Delbonis,2020-08-01,35.0,Clay
Federico Delbonis,2020-09-01,36.3,Clay
Federico Delbonis,2020-10-01,43.8,Clay
Federico Delbonis,2020-11-01,45.0,Clay
Federico Delbonis,2021-02-01,43.3,Clay
Federico Delbonis,2021-03-01,46.4,Clay
Federico Delbonis,2021-04-01,47.1,Clay
Federico Delbonis,2021-05-01,62.3,Clay
Federico Delbonis,2021-06-01,65.0,Clay
Federico Delbonis,2021-07-01,68.6,Clay
Federico Delbonis,2021-08-01,55.0,Clay
Federico Delbonis,2021-09-01,50.0,Clay
Federico Delbonis,2021-10-01,40.0,Clay
Federico Delbonis,2021-11-01,35.0,Clay
Federico Delbonis,2022-01-01,30.0,Clay
Federico Delbonis,2022-02-01,27.9,Clay
Federico Delbonis,2022-03-01,30.0,Clay
Federico Delbonis,2022-04-01,33.8,Clay
Federico Delbonis,2022-05-01,33.3,Clay
Federico Delbonis,2022-06-01,32.5,Clay
Federico Delbonis,2022-07-01,23.8,Clay
Federico Delbonis,2022-08-01,20.0,Clay
Federico Delbonis,2023-02-01,25.0,Clay
Feliciano Lopez,2015-04-01,60.0,Grass
Feliciano Lopez,2015-05-01,57.0,Grass
Feliciano Lopez,2015-06-01,44.3,Grass
Feliciano Lopez,2015-07-01,43.3,Grass
Feliciano Lopez,2015-08-01,51.3,Grass
Feliciano Lopez,2015-09-01,66.3,Grass
Feliciano Lopez,2015-10-01,64.0,Grass
Feliciano Lopez,2015-11-01,60.0,Grass
Feliciano Lopez,2016-01-01,58.8,Grass
Feliciano Lopez,2016-02-01,54.3,Grass
Feliciano Lopez,2016-03-01,50.0,Grass
Feliciano Lopez,2016-04-01,51.7,Grass
Feliciano Lopez,2016-05-01,52.5,Grass
Feliciano Lopez,2016-06-01,47.0,Grass
Feliciano Lopez,2016-07-01,52.0,Grass
Feliciano Lopez,2016-08-01,65.0,Grass
Feliciano Lopez,2016-09-01,68.3,Grass
Feliciano Lopez,2016-10-01,66.4,Grass
Feliciano Lopez,2017-01-01,55.0,Grass
Feliciano Lopez,2017-02-01,45.0,Grass
Feliciano Lopez,2017-03-01,37.5,Grass
Feliciano Lopez,2017-04-01,39.3,Grass
Feliciano Lopez,2017-05-01,42.1,Grass
Feliciano Lopez,2017-06-01,60.5,Grass
Feliciano Lopez,2017-07-01,67.5,Grass
Feliciano Lopez,2017-08-01,64.2,Grass
Feliciano Lopez,2017-10-01,55.0,Grass
Feliciano Lopez,2018-01-01,45.8,Grass
Feliciano Lopez,2018-02-01,48.0,Grass
Feliciano Lopez,2018-03-01,50.0,Grass
Feliciano Lopez,2018-04-01,51.2,Grass
Feliciano Lopez,2018-05-01,50.0,Grass
Feliciano Lopez,2018-06-01,50.0,Grass
Feliciano Lopez,2018-07-01,50.7,Grass
Feliciano Lopez,2018-08-01,50.0,Grass
Feliciano Lopez,2018-10-01,51.7,Grass
Feliciano Lopez,2019-01-01,50.0,Grass
Feliciano Lopez,2019-02-01,46.7,Grass
Feliciano Lopez,2019-03-01,45.0,Grass
Feliciano Lopez,2019-04-01,40.0,Grass
Feliciano Lopez,2019-05-01,35.0,Grass
Feliciano Lopez,2019-06-01,39.2,Grass
Feliciano Lopez,2019-07-01,47.5,Grass
Feliciano Lopez,2019-08-01,50.0,Grass
Feliciano Lopez,2019-10-01,51.7,Grass
Feliciano Lopez,2019-11-01,50.0,Grass
Feliciano Lopez,2020-01-01,57.5,Grass
Feliciano Lopez,2020-02-01,50.0,Grass
Feliciano Lopez,2020-08-01,40.0,Grass
Feliciano Lopez,2020-09-01,42.5,Grass
Feliciano Lopez,2020-10-01,36.7,Grass
Feliciano Lopez,2020-11-01,37.5,Grass
Feliciano Lopez,2021-02-01,40.0,Grass
Feliciano Lopez,2021-03-01,35.0,Grass
Feliciano Lopez,2021-04-01,35.0,Grass
Feliciano Lopez,2021-05-01,35.0,Grass
Feliciano Lopez,2021-06-01,38.8,Grass
Feliciano Lopez,2021-07-01,35.0,Grass
Feliciano Lopez,2021-08-01,33.8,Grass
Feliciano Lopez,2021-10-01,30.0,Grass
Feliciano Lopez,2021-11-01,35.0,Grass
Feliciano Lopez,2022-01-01,35.0,Grass
Feliciano Lopez,2022-02-01,32.5,Grass
Feliciano Lopez,2022-04-01,27.5,Grass
Feliciano Lopez,2022-06-01,20.0,Grass
Feliciano Lopez,2022-07-01,15.0,Grass
Feliciano Lopez,2022-08-01,15.0,Grass
Feliciano Lopez,2022-10-01,15.0,Grass
Feliciano Lopez,2023-02-01,15.0,Grass
Feliciano Lopez,2023-04-01,15.0,Grass
Feliciano Lopez,2023-06-01,21.3,Grass
Felix Auger Aliassime,2019-02-01,46.7,Grass
Felix Auger Aliassime,2019-03-01,61.1,Grass
Felix Auger Aliassime,2019-04-01,72.5,Grass
Felix Auger Aliassime,2019-05-01,65.0,Grass
Felix Auger Aliassime,2019-06-01,66.1,Grass
Felix Auger Aliassime,2019-07-01,67.0,Grass
Felix Auger Aliassime,2019-08-01,68.0,Grass
Felix Auger Aliassime,2019-09-01,58.3,Grass
Felix Auger Aliassime,2019-10-01,52.5,Grass
Felix Auger Aliassime,2019-11-01,50.0,Grass
Felix Auger Aliassime,2020-01-01,40.6,Grass
Felix Auger Aliassime,2020-02-01,50.0,Grass
Felix Auger Aliassime,2020-08-01,66.7,Grass
Felix Auger Aliassime,2020-09-01,65.0,Grass
Felix Auger Aliassime,2020-10-01,59.4,Grass
Felix Auger Aliassime,2020-11-01,50.0,Grass
Felix Auger Aliassime,2021-02-01,55.6,Grass
Felix Auger Aliassime,2021-03-01,58.3,Grass
Felix Auger Aliassime,2021-04-01,56.3,Grass
Felix Auger Aliassime,2021-05-01,55.8,Grass
Felix Auger Aliassime,2021-06-01,55.8,Grass
Felix Auger Aliassime,2021-07-01,60.0,Grass
Felix Auger Aliassime,2021-08-01,65.0,Grass
Felix Auger Aliassime,2021-09-01,65.0,Grass
Felix Auger Aliassime,2021-10-01,58.8,Grass
Felix Auger Aliassime,2021-11-01,62.0,Grass
Felix Auger Aliassime,2022-01-01,60.0,Grass
Felix Auger Aliassime,2022-02-01,73.3,Grass
Felix Auger Aliassime,2022-03-01,75.0,Grass
Felix Auger Aliassime,2022-04-01,68.1,Grass
Felix Auger Aliassime,2022-05-01,58.5,Grass
Felix Auger Aliassime,2022-06-01,63.6,Grass
Felix Auger Aliassime,2022-07-01,60.0,Grass
Felix Auger Aliassime,2022-08-01,60.9,Grass
Felix Auger Aliassime,2022-09-01,56.0,Grass
Felix Auger Aliassime,2022-10-01,72.5,Grass
Felix Auger Aliassime,2022-11-01,83.3,Grass
Felix Auger Aliassime,2023-01-01,79.0,Grass
Felix Auger Aliassime,2023-02-01,68.8,Grass
Felix Auger Aliassime,2023-03-01,69.2,Grass
Felix Auger Aliassime,2023-04-01,60.0,Grass
Felix Auger Aliassime,2023-05-01,56.3,Grass
Felix Auger Aliassime,2023-07-01,47.5,Grass
Felix Auger Aliassime,2023-08-01,40.0,Grass
Felix Auger Aliassime,2023-09-01,35.0,Grass
Felix Auger Aliassime,2023-10-01,37.3,Grass
Felix Auger Aliassime,2024-01-01,55.0,Grass
Felix Auger Aliassime,2024-02-01,65.0,Grass
Felix Auger Aliassime,2024-03-01,60.0,Grass
Felix Auger Aliassime,2024-04-01,56.7,Grass
Felix Auger Aliassime,2024-05-01,66.7,Grass
Felix Auger Aliassime,2024-06-01,65.0,Grass
Felix Auger Aliassime,2024-07-01,65.6,Grass
Felix Auger Aliassime,2024-08-01,54.0,Grass
Felix Auger Aliassime,2024-09-01,53.8,Grass
Felix Auger Aliassime,2024-10-01,54.0,Grass
Felix Auger Aliassime,2024-12-01,50.0,Grass
Felix Auger Aliassime,2025-01-01,60.5,Grass
Felix Auger Aliassime,2025-02-01,74.0,Grass
Felix Auger Aliassime,2025-03-01,73.3,Grass
Felix Auger Aliassime,2025-04-01,61.7,Grass
Felix Auger Aliassime,2025-05-01,58.0,Grass
Felix Auger Aliassime,2025-06-01,51.0,Grass
Felix Auger Aliassime,2025-07-01,45.0,Grass
Felix Auger Aliassime,2025-08-01,60.5,Grass
Felix Auger Aliassime,2025-10-01,76.8,Grass
Felix Auger Aliassime,2025-11-01,78.8,Grass
Fernando Verdasco,2015-04-01,60.0,Clay
Fernando Verdasco,2015-05-01,56.0,Clay
Fernando Verdasco,2015-06-01,53.6,Clay
Fernando Verdasco,2015-07-01,50.0,Clay
Fernando Verdasco,2015-08-01,45.0,Clay
Fernando Verdasco,2015-09-01,47.5,Clay
Fernando Verdasco,2015-10-01,39.0,Clay
Fernando Verdasco,2015-11-01,35.0,Clay
Fernando Verdasco,2016-01-01,37.5,Clay
Fernando Verdasco,2016-02-01,30.0,Clay
Fernando Verdasco,2016-03-01,40.0,Clay
Fernando Verdasco,2016-04-01,52.0,Clay
Fernando Verdasco,2016-05-01,62.5,Clay
Fernando Verdasco,2016-06-01,60.0,Clay
Fernando Verdasco,2016-07-01,62.0,Clay
Fernando Verdasco,2016-08-01,57.0,Clay
Fernando Verdasco,2016-09-01,50.0,Clay
Fernando Verdasco,2016-10-01,47.9,Clay
Fernando Verdasco,2017-01-01,42.0,Clay
Fernando Verdasco,2017-02-01,43.8,Clay
Fernando Verdasco,2017-03-01,52.5,Clay
Fernando Verdasco,2017-04-01,59.0,Clay
Fernando Verdasco,2017-05-01,57.1,Clay
Fernando Verdasco,2017-06-01,53.3,Clay
Fernando Verdasco,2017-07-01,51.9,Clay
Fernando Verdasco,2017-08-01,46.3,Clay
Fernando Verdasco,2017-10-01,45.5,Clay
Fernando Verdasco,2018-01-01,47.0,Clay
Fernando Verdasco,2018-02-01,57.5,Clay
Fernando Verdasco,2018-03-01,59.2,Clay
Fernando Verdasco,2018-04-01,55.0,Clay
Fernando Verdasco,2018-05-01,57.1,Clay
Fernando Verdasco,2018-06-01,51.2,Clay
Fernando Verdasco,2018-07-01,47.5,Clay
Fernando Verdasco,2018-08-01,47.5,Clay
Fernando Verdasco,2018-09-01,48.8,Clay
Fernando Verdasco,2018-10-01,57.0,Clay
Fernando Verdasco,2018-12-01,60.0,Clay
Fernando Verdasco,2019-01-01,63.3,Clay
Fernando Verdasco,2019-02-01,61.1,Clay
Fernando Verdasco,2019-04-01,51.2,Clay
Fernando Verdasco,2019-05-01,53.3,Clay
Fernando Verdasco,2019-06-01,49.0,Clay
Fernando Verdasco,2019-07-01,55.0,Clay
Fernando Verdasco,2019-08-01,48.3,Clay
Fernando Verdasco,2019-09-01,45.0,Clay
Fernando Verdasco,2019-10-01,43.0,Clay
Fernando Verdasco,2020-01-01,43.3,Clay
Fernando Verdasco,2020-02-01,45.0,Clay
Fernando Verdasco,2020-10-01,43.0,Clay
Fernando Verdasco,2021-03-01,40.0,Clay
Fernando Verdasco,2021-04-01,40.0,Clay
Fernando Verdasco,2021-05-01,38.3,Clay
Fernando Verdasco,2021-06-01,30.0,Clay
Fernando Verdasco,2021-09-01,30.0,Clay
Fernando Verdasco,2022-01-01,25.0,Clay
Fernando Verdasco,2022-02-01,30.0,Clay
Fernando Verdasco,2022-03-01,30.0,Clay
Fernando Verdasco,2022-04-01,30.0,Clay
Fernando Verdasco,2022-06-01,30.0,Clay
Fernando Verdasco,2022-08-01,30.0,Clay
Fernando Verdasco,2022-09-01,28.3,Clay
Fernando Verdasco,2023-02-01,25.0,Clay
Fernando Verdasco,2023-04-01,25.0,Clay
Filip Krajinovic,2016-02-01,25.0,Hard
Filip Krajinovic,2016-04-01,25.0,Hard
Filip Krajinovic,2016-07-01,25.0,Hard
Filip Krajinovic,2017-10-01,33.8,Hard
Filip Krajinovic,2018-01-01,40.0,Hard
Filip Krajinovic,2018-02-01,51.7,Hard
Filip Krajinovic,2018-03-01,66.0,Hard
Filip Krajinovic,2018-07-01,60.0,Hard
Filip Krajinovic,2018-08-01,51.0,Hard
Filip Krajinovic,2018-09-01,50.0,Hard
Filip Krajinovic,2018-10-01,44.4,Hard
Filip Krajinovic,2019-01-01,38.3,Hard
Filip Krajinovic,2019-02-01,48.3,Hard
Filip Krajinovic,2019-03-01,57.1,Hard
Filip Krajinovic,2019-04-01,68.0,Hard
Filip Krajinovic,2019-05-01,71.7,Hard
Filip Krajinovic,2019-07-01,65.0,Hard
Filip Krajinovic,2019-08-01,61.7,Hard
Filip Krajinovic,2019-09-01,58.8,Hard
Filip Krajinovic,2019-10-01,53.3,Hard
Filip Krajinovic,2019-11-01,58.3,Hard
Filip Krajinovic,2020-01-01,58.8,Hard
Filip Krajinovic,2020-02-01,65.5,Hard
Filip Krajinovic,2020-08-01,66.4,Hard
Filip Krajinovic,2020-09-01,68.8,Hard
Filip Krajinovic,2020-10-01,57.5,Hard
Filip Krajinovic,2020-11-01,55.0,Hard
Filip Krajinovic,2021-02-01,53.3,Hard
Filip Krajinovic,2021-03-01,50.0,Hard
Filip Krajinovic,2021-04-01,48.1,Hard
Filip Krajinovic,2021-05-01,42.5,Hard
Filip Krajinovic,2021-06-01,45.0,Hard
Filip Krajinovic,2021-07-01,52.8,Hard
Filip Krajinovic,2021-08-01,47.5,Hard
Filip Krajinovic,2021-09-01,46.0,Hard
Filip Krajinovic,2021-10-01,51.2,Hard
Filip Krajinovic,2021-11-01,41.3,Hard
Filip Krajinovic,2022-01-01,41.3,Hard
Filip Krajinovic,2022-02-01,43.3,Hard
Filip Krajinovic,2022-03-01,42.5,Hard
Filip Krajinovic,2022-04-01,43.3,Hard
Filip Krajinovic,2022-05-01,50.0,Hard
Filip Krajinovic,2022-06-01,55.7,Hard
Filip Krajinovic,2022-07-01,57.5,Hard
Filip Krajinovic,2022-08-01,56.3,Hard
Filip Krajinovic,2023-01-01,57.5,Hard
Filip Krajinovic,2023-02-01,50.0,Hard
Filip Krajinovic,2023-03-01,40.0,Hard
Filip Krajinovic,2023-04-01,31.7,Hard
Filip Krajinovic,2023-05-01,23.3,Hard
Flavio Cobolli,2024-01-01,42.5,Clay
Flavio Cobolli,2024-02-01,50.0,Clay
Flavio Cobolli,2024-03-01,48.3,Clay
Flavio Cobolli,2024-04-01,50.8,Clay
Flavio Cobolli,2024-05-01,50.6,Clay
Flavio Cobolli,2024-06-01,50.0,Clay
Flavio Cobolli,2024-07-01,55.0,Clay
Flavio Cobolli,2024-08-01,59.4,Clay
Flavio Cobolli,2024-09-01,63.0,Clay
Flavio Cobolli,2024-10-01,63.7,Clay
Flavio Cobolli,2024-12-01,60.0,Clay
Flavio Cobolli,2025-01-01,53.3,Clay
Flavio Cobolli,2025-02-01,45.0,Clay
Flavio Cobolli,2025-03-01,41.7,Clay
Flavio Cobolli,2025-04-01,44.2,Clay
Flavio Cobolli,2025-05-01,55.0,Clay
Flavio Cobolli,2025-06-01,70.0,Clay
Flavio Cobolli,2025-07-01,72.0,Clay
Flavio Cobolli,2025-08-01,63.7,Clay
Flavio Cobolli,2025-09-01,56.7,Clay
Flavio Cobolli,2025-10-01,51.4,Clay
Flavio Cobolli,2025-11-01,47.5,Clay
Florian Mayer,2016-06-01,45.7,Grass
Florian Mayer,2016-07-01,50.0,Grass
Florian Mayer,2016-08-01,50.0,Grass
Florian Mayer,2016-09-01,50.0,Grass
Florian Mayer,2016-10-01,48.3,Grass
Florian Mayer,2017-01-01,45.0,Grass
Florian Mayer,2017-02-01,40.0,Grass
Florian Mayer,2017-03-01,35.0,Grass
Florian Mayer,2017-04-01,27.5,Grass
Florian Mayer,2017-05-01,24.0,Grass
Florian Mayer,2017-06-01,26.3,Grass
Florian Mayer,2017-07-01,36.4,Grass
Florian Mayer,2017-08-01,50.0,Grass
Florian Mayer,2017-10-01,50.0,Grass
Florian Mayer,2018-01-01,45.0,Grass
Florian Mayer,2018-02-01,40.0,Grass
Florian Mayer,2018-04-01,37.5,Grass
Florian Mayer,2018-05-01,30.0,Grass
Florian Mayer,2018-06-01,27.0,Grass
Florian Mayer,2018-07-01,15.0,Grass
Florian Mayer,2018-08-01,10.0,Grass
Frances Tiafoe,2017-03-01,20.0,Grass
Frances Tiafoe,2017-04-01,20.0,Grass
Frances Tiafoe,2017-05-01,20.0,Grass
Frances Tiafoe,2017-06-01,20.0,Grass
Frances Tiafoe,2017-07-01,21.3,Grass
Frances Tiafoe,2017-08-01,22.0,Grass
Frances Tiafoe,2017-09-01,25.0,Grass
Frances Tiafoe,2017-10-01,28.0,Grass
Frances Tiafoe,2018-01-01,25.0,Grass
Frances Tiafoe,2018-02-01,40.6,Grass
Frances Tiafoe,2018-03-01,55.0,Grass
Frances Tiafoe,2018-04-01,66.4,Grass
Frances Tiafoe,2018-05-01,68.8,Grass
Frances Tiafoe,2018-06-01,63.3,Grass
Frances Tiafoe,2018-07-01,59.3,Grass
Frances Tiafoe,2018-08-01,54.2,Grass
Frances Tiafoe,2018-09-01,46.7,Grass
Frances Tiafoe,2018-10-01,40.0,Grass
Frances Tiafoe,2018-11-01,31.7,Grass
Frances Tiafoe,2019-01-01,33.3,Grass
Frances Tiafoe,2019-02-01,37.5,Grass
Frances Tiafoe,2019-03-01,44.0,Grass
Frances Tiafoe,2019-04-01,50.0,Grass
Frances Tiafoe,2019-05-01,53.0,Grass
Frances Tiafoe,2019-06-01,45.0,Grass
Frances Tiafoe,2019-07-01,43.8,Grass
Frances Tiafoe,2019-08-01,42.9,Grass
Frances Tiafoe,2019-09-01,40.0,Grass
Frances Tiafoe,2019-10-01,39.3,Grass
Frances Tiafoe,2019-11-01,45.0,Grass
Frances Tiafoe,2020-01-01,41.7,Grass
Frances Tiafoe,2020-02-01,38.8,Grass
Frances Tiafoe,2020-08-01,41.0,Grass
Frances Tiafoe,2020-09-01,40.0,Grass
Frances Tiafoe,2020-10-01,41.4,Grass
Frances Tiafoe,2021-01-01,53.3,Grass
Frances Tiafoe,2021-02-01,50.0,Grass
Frances Tiafoe,2021-03-01,55.5,Grass
Frances Tiafoe,2021-04-01,55.0,Grass
Frances Tiafoe,2021-05-01,50.0,Grass
Frances Tiafoe,2021-06-01,50.7,Grass
Frances Tiafoe,2021-07-01,52.5,Grass
Frances Tiafoe,2021-08-01,52.3,Grass
Frances Tiafoe,2021-10-01,62.2,Grass
Frances Tiafoe,2021-11-01,65.0,Grass
Frances Tiafoe,2022-01-01,60.0,Grass
Frances Tiafoe,2022-03-01,58.0,Grass
Frances Tiafoe,2022-04-01,58.5,Grass
Frances Tiafoe,2022-05-01,56.3,Grass
Frances Tiafoe,2022-06-01,54.2,Grass
Frances Tiafoe,2022-07-01,55.0,Grass
Frances Tiafoe,2022-08-01,58.1,Grass
Frances Tiafoe,2022-09-01,67.5,Grass
Frances Tiafoe,2022-10-01,68.3,Grass
Frances Tiafoe,2022-11-01,65.0,Grass
Frances Tiafoe,2023-01-01,68.1,Grass
Frances Tiafoe,2023-02-01,67.0,Grass
Frances Tiafoe,2023-03-01,73.6,Grass
Frances Tiafoe,2023-04-01,72.1,Grass
Frances Tiafoe,2023-05-01,68.0,Grass
Frances Tiafoe,2023-06-01,70.0,Grass
Frances Tiafoe,2023-07-01,70.0,Grass
Frances Tiafoe,2023-08-01,67.5,Grass
Frances Tiafoe,2023-09-01,62.5,Grass
Frances Tiafoe,2023-10-01,50.8,Grass
Frances Tiafoe,2024-01-01,46.3,Grass
Frances Tiafoe,2024-02-01,46.4,Grass
Frances Tiafoe,2024-03-01,45.0,Grass
Frances Tiafoe,2024-04-01,52.0,Grass
Frances Tiafoe,2024-05-01,50.0,Grass
Frances Tiafoe,2024-06-01,48.3,Grass
Frances Tiafoe,2024-07-01,49.4,Grass
Frances Tiafoe,2024-08-01,62.7,Grass
Frances Tiafoe,2024-09-01,71.7,Grass
Frances Tiafoe,2024-10-01,65.7,Grass
Frances Tiafoe,2024-12-01,57.5,Grass
Frances Tiafoe,2025-01-01,55.0,Grass
Frances Tiafoe,2025-02-01,50.0,Grass
Frances Tiafoe,2025-03-01,48.1,Grass
Frances Tiafoe,2025-04-01,53.3,Grass
Frances Tiafoe,2025-05-01,55.6,Grass
Frances Tiafoe,2025-06-01,56.7,Grass
Frances Tiafoe,2025-07-01,56.7,Grass
Frances Tiafoe,2025-08-01,62.5,Grass
Frances Tiafoe,2025-09-01,55.0,Grass
Frances Tiafoe,2025-10-01,45.0,Grass
Francisco Cerundolo,2022-02-01,42.0,Clay
Francisco Cerundolo,2022-03-01,46.7,Clay
Francisco Cerundolo,2022-05-01,53.8,Clay
Francisco Cerundolo,2022-06-01,58.8,Clay
Francisco Cerundolo,2022-07-01,61.1,Clay
Francisco Cerundolo,2022-08-01,51.7,Clay
Francisco Cerundolo,2022-09-01,47.5,Clay
Francisco Cerundolo,2022-10-01,48.8,Clay
Francisco Cerundolo,2023-01-01,35.0,Clay
Francisco Cerundolo,2023-02-01,41.7,Clay
Francisco Cerundolo,2023-03-01,50.8,Clay
Francisco Cerundolo,2023-04-01,59.2,Clay
Francisco Cerundolo,2023-05-01,62.5,Clay
Francisco Cerundolo,2023-06-01,67.5,Clay
Francisco Cerundolo,2023-07-01,73.3,Clay
Francisco Cerundolo,2023-08-01,64.0,Clay
Francisco Cerundolo,2023-09-01,60.0,Clay
Francisco Cerundolo,2023-10-01,57.5,Clay
Francisco Cerundolo,2024-01-01,43.8,Clay
Francisco Cerundolo,2024-02-01,44.4,Clay
Francisco Cerundolo,2024-03-01,43.8,Clay
Francisco Cerundolo,2024-04-01,47.2,Clay
Francisco Cerundolo,2024-05-01,55.0,Clay
Francisco Cerundolo,2024-06-01,50.0,Clay
Francisco Cerundolo,2024-07-01,55.5,Clay
Francisco Cerundolo,2024-08-01,56.3,Clay
Francisco Cerundolo,2024-09-01,57.5,Clay
Francisco Cerundolo,2024-10-01,57.5,Clay
Francisco Cerundolo,2024-11-01,51.7,Clay
Francisco Cerundolo,2025-01-01,57.5,Clay
Francisco Cerundolo,2025-02-01,62.7,Clay
Francisco Cerundolo,2025-03-01,70.6,Clay
Francisco Cerundolo,2025-04-01,71.4,Clay
Francisco Cerundolo,2025-05-01,70.8,Clay
Francisco Cerundolo,2025-06-01,57.5,Clay
Francisco Cerundolo,2025-07-01,57.1,Clay
Francisco Cerundolo,2025-08-01,52.5,Clay
Francisco Cerundolo,2025-09-01,47.5,Clay
Francisco Cerundolo,2025-10-01,48.6,Clay
Francisco Cerundolo,2025-11-01,50.0,Clay
Gabriel Diallo,2024-10-01,45.8,Hard
Gabriel Diallo,2024-11-01,50.0,Hard
Gabriel Diallo,2024-12-01,47.5,Hard
Gabriel Diallo,2025-01-01,46.7,Hard
Gabriel Diallo,2025-02-01,43.3,Hard
Gabriel Diallo,2025-03-01,49.2,Hard
Gabriel Diallo,2025-04-01,50.0,Hard
Gabriel Diallo,2025-05-01,50.0,Hard
Gabriel Diallo,2025-06-01,65.4,Hard
Gabriel Diallo,2025-07-01,65.0,Hard
Gabriel Diallo,2025-08-01,64.2,Hard
Gabriel Diallo,2025-09-01,57.5,Hard
Gabriel Diallo,2025-10-01,52.5,Hard
Gael Monfils,2015-04-01,75.0,Hard
Gael Monfils,2015-05-01,72.5,Hard
Gael Monfils,2015-06-01,69.4,Hard
Gael Monfils,2015-07-01,66.7,Hard
Gael Monfils,2015-08-01,62.5,Hard
Gael Monfils,2015-10-01,61.3,Hard
Gael Monfils,2015-11-01,55.0,Hard
Gael Monfils,2016-01-01,59.0,Hard
Gael Monfils,2016-02-01,60.0,Hard
Gael Monfils,2016-03-01,70.6,Hard
Gael Monfils,2016-04-01,76.7,Hard
Gael Monfils,2016-05-01,75.0,Hard
Gael Monfils,2016-06-01,65.0,Hard
Gael Monfils,2016-07-01,72.5,Hard
Gael Monfils,2016-08-01,76.9,Hard
Gael Monfils,2016-10-01,75.7,Hard
Gael Monfils,2016-11-01,62.5,Hard
Gael Monfils,2017-01-01,62.5,Hard
Gael Monfils,2017-02-01,60.0,Hard
Gael Monfils,2017-03-01,56.7,Hard
Gael Monfils,2017-05-01,50.8,Hard
Gael Monfils,2017-06-01,58.0,Hard
Gael Monfils,2017-07-01,57.0,Hard
Gael Monfils,2017-08-01,55.8,Hard
Gael Monfils,2018-01-01,64.3,Hard
Gael Monfils,2018-02-01,69.0,Hard
Gael Monfils,2018-03-01,70.0,Hard
Gael Monfils,2018-04-01,65.0,Hard
Gael Monfils,2018-05-01,55.0,Hard
Gael Monfils,2018-06-01,53.3,Hard
Gael Monfils,2018-07-01,53.3,Hard
Gael Monfils,2018-08-01,52.5,Hard
Gael Monfils,2018-09-01,50.0,Hard
Gael Monfils,2018-10-01,55.0,Hard
Gael Monfils,2019-01-01,57.5,Hard
Gael Monfils,2019-02-01,66.9,Hard
Gael Monfils,2019-03-01,77.5,Hard
Gael Monfils,2019-04-01,77.5,Hard
Gael Monfils,2019-05-01,75.0,Hard
Gael Monfils,2019-06-01,65.0,Hard
Gael Monfils,2019-07-01,55.0,Hard
Gael Monfils,2019-08-01,58.2,Hard
Gael Monfils,2019-09-01,60.0,Hard
Gael Monfils,2019-10-01,57.5,Hard
Gael Monfils,2019-11-01,55.0,Hard
Gael Monfils,2020-01-01,55.8,Hard
Gael Monfils,2020-02-01,71.9,Hard
Gael Monfils,2020-09-01,76.7,Hard
Gael Monfils,2020-10-01,70.0,Hard
Gael Monfils,2021-02-01,62.5,Hard
Gael Monfils,2021-05-01,53.3,Hard
Gael Monfils,2021-06-01,35.0,Hard
Gael Monfils,2021-07-01,25.0,Hard
Gael Monfils,2021-08-01,33.9,Hard
Gael Monfils,2021-09-01,54.3,Hard
Gael Monfils,2021-10-01,66.0,Hard
Gael Monfils,2021-11-01,66.7,Hard
Gael Monfils,2022-01-01,70.0,Hard
Gael Monfils,2022-03-01,68.0,Hard
Gael Monfils,2022-05-01,67.5,Hard
Gael Monfils,2022-08-01,66.7,Hard
Gael Monfils,2023-03-01,57.5,Hard
Gael Monfils,2023-04-01,50.0,Hard
Gael Monfils,2023-05-01,48.3,Hard
Gael Monfils,2023-07-01,42.5,Hard
Gael Monfils,2023-08-01,47.8,Hard
Gael Monfils,2023-10-01,63.7,Hard
Gael Monfils,2024-01-01,63.7,Hard
Gael Monfils,2024-02-01,58.6,Hard
Gael Monfils,2024-03-01,56.4,Hard
Gael Monfils,2024-04-01,56.0,Hard
Gael Monfils,2024-05-01,55.0,Hard
Gael Monfils,2024-06-01,55.0,Hard
Gael Monfils,2024-07-01,56.3,Hard
Gael Monfils,2024-08-01,50.0,Hard
Gael Monfils,2024-09-01,45.0,Hard
Gael Monfils,2024-10-01,55.8,Hard
Gael Monfils,2024-12-01,52.5,Hard
Gael Monfils,2025-01-01,63.3,Hard
Gael Monfils,2025-02-01,65.0,Hard
Gael Monfils,2025-03-01,71.4,Hard
Gael Monfils,2025-04-01,72.5,Hard
Gael Monfils,2025-05-01,63.3,Hard
Gael Monfils,2025-06-01,50.0,Hard
Gael Monfils,2025-07-01,45.0,Hard
Gael Monfils,2025-08-01,40.0,Hard
Gael Monfils,2025-09-01,35.0,Hard
Gilles Muller,2015-03-01,60.0,Grass
Gilles Muller,2015-04-01,60.0,Grass
Gilles Muller,2015-05-01,55.0,Grass
Gilles Muller,2015-06-01,55.0,Grass
Gilles Muller,2015-07-01,56.3,Grass
Gilles Muller,2015-08-01,59.3,Grass
Gilles Muller,2015-09-01,58.3,Grass
Gilles Muller,2015-10-01,57.2,Grass
Gilles Muller,2016-01-01,56.3,Grass
Gilles Muller,2016-02-01,60.0,Grass
Gilles Muller,2016-03-01,56.7,Grass
Gilles Muller,2016-04-01,50.0,Grass
Gilles Muller,2016-05-01,50.0,Grass
Gilles Muller,2016-06-01,54.3,Grass
Gilles Muller,2016-07-01,65.6,Grass
Gilles Muller,2016-08-01,63.7,Grass
Gilles Muller,2016-09-01,61.7,Grass
Gilles Muller,2016-10-01,58.5,Grass
Gilles Muller,2017-01-01,61.3,Grass
Gilles Muller,2017-02-01,65.8,Grass
Gilles Muller,2017-03-01,61.3,Grass
Gilles Muller,2017-04-01,60.0,Grass
Gilles Muller,2017-05-01,60.0,Grass
Gilles Muller,2017-06-01,60.6,Grass
Gilles Muller,2017-07-01,73.0,Grass
Gilles Muller,2017-08-01,73.8,Grass
Gilles Muller,2017-09-01,65.0,Grass
Gilles Muller,2018-01-01,57.5,Grass
Gilles Muller,2018-02-01,49.0,Grass
Gilles Muller,2018-03-01,40.0,Grass
Gilles Muller,2018-04-01,38.3,Grass
Gilles Muller,2018-05-01,32.5,Grass
Gilles Muller,2018-06-01,32.5,Grass
Gilles Muller,2018-07-01,30.0,Grass
Gilles Muller,2018-08-01,25.0,Grass
Gilles Simon,2015-03-01,75.0,Grass
Gilles Simon,2015-04-01,74.0,Grass
Gilles Simon,2015-05-01,68.3,Grass
Gilles Simon,2015-06-01,66.3,Grass
Gilles Simon,2015-07-01,70.0,Grass
Gilles Simon,2015-08-01,66.0,Grass
Gilles Simon,2015-09-01,60.0,Grass
Gilles Simon,2015-10-01,57.5,Grass
Gilles Simon,2015-11-01,52.5,Grass
Gilles Simon,2016-01-01,55.0,Grass
Gilles Simon,2016-02-01,56.3,Grass
Gilles Simon,2016-03-01,55.0,Grass
Gilles Simon,2016-04-01,58.0,Grass
Gilles Simon,2016-05-01,60.6,Grass
Gilles Simon,2016-06-01,60.0,Grass
Gilles Simon,2016-07-01,50.0,Grass
Gilles Simon,2016-08-01,50.0,Grass
Gilles Simon,2016-09-01,46.7,Grass
Gilles Simon,2016-10-01,53.6,Grass
Gilles Simon,2017-01-01,61.3,Grass
Gilles Simon,2017-02-01,61.4,Grass
Gilles Simon,2017-03-01,50.0,Grass
Gilles Simon,2017-04-01,51.7,Grass
Gilles Simon,2017-05-01,47.9,Grass
Gilles Simon,2017-06-01,40.0,Grass
Gilles Simon,2017-07-01,34.2,Grass
Gilles Simon,2017-08-01,30.0,Grass
Gilles Simon,2017-09-01,30.0,Grass
Gilles Simon,2017-10-01,32.1,Grass
Gilles Simon,2018-01-01,45.6,Grass
Gilles Simon,2018-02-01,56.3,Grass
Gilles Simon,2018-03-01,55.0,Grass
Gilles Simon,2018-04-01,55.0,Grass
Gilles Simon,2018-05-01,52.5,Grass
Gilles Simon,2018-06-01,55.0,Grass
Gilles Simon,2018-07-01,58.3,Grass
Gilles Simon,2018-08-01,53.3,Grass
Gilles Simon,2018-09-01,56.0,Grass
Gilles Simon,2018-10-01,55.5,Grass
Gilles Simon,2018-12-01,63.3,Grass
Gilles Simon,2019-01-01,65.0,Grass
Gilles Simon,2019-02-01,55.0,Grass
Gilles Simon,2019-03-01,53.3,Grass
Gilles Simon,2019-04-01,52.9,Grass
Gilles Simon,2019-05-01,42.5,Grass
Gilles Simon,2019-06-01,51.5,Grass
Gilles Simon,2019-07-01,51.7,Grass
Gilles Simon,2019-08-01,47.5,Grass
Gilles Simon,2019-09-01,52.5,Grass
Gilles Simon,2019-10-01,46.4,Grass
Gilles Simon,2020-01-01,40.0,Grass
Gilles Simon,2020-02-01,46.4,Grass
Gilles Simon,2020-08-01,50.0,Grass
Gilles Simon,2020-09-01,47.5,Grass
Gilles Simon,2020-10-01,47.0,Grass
Gilles Simon,2020-11-01,46.7,Grass
Gilles Simon,2021-02-01,47.5,Grass
Gilles Simon,2021-04-01,38.8,Grass
Gilles Simon,2021-05-01,30.0,Grass
Gilles Simon,2021-06-01,25.0,Grass
Gilles Simon,2021-07-01,15.0,Grass
Gilles Simon,2021-08-01,20.0,Grass
Gilles Simon,2021-09-01,15.0,Grass
Gilles Simon,2021-10-01,20.0,Grass
Gilles Simon,2022-01-01,25.0,Grass
Gilles Simon,2022-02-01,20.0,Grass
Gilles Simon,2022-03-01,20.0,Grass
Gilles Simon,2022-05-01,26.3,Grass
Gilles Simon,2022-06-01,35.0,Grass
Gilles Simon,2022-09-01,40.0,Grass
Gilles Simon,2022-10-01,46.7,Grass
Giovanni Mpetshi Perricard,2024-07-01,60.0,Hard
Giovanni Mpetshi Perricard,2024-08-01,60.0,Hard
Giovanni Mpetshi Perricard,2024-09-01,56.7,Hard
Giovanni Mpetshi Perricard,2024-10-01,49.4,Hard
Giovanni Mpetshi Perricard,2024-12-01,55.0,Hard
Giovanni Mpetshi Perricard,2025-01-01,50.0,Hard
Giovanni Mpetshi Perricard,2025-02-01,58.3,Hard
Giovanni Mpetshi Perricard,2025-03-01,60.0,Hard
Giovanni Mpetshi Perricard,2025-04-01,58.3,Hard
Giovanni Mpetshi Perricard,2025-05-01,46.0,Hard
Giovanni Mpetshi Perricard,2025-06-01,37.5,Hard
Giovanni Mpetshi Perricard,2025-07-01,31.7,Hard
Giovanni Mpetshi Perricard,2025-08-01,31.7,Hard
Giovanni Mpetshi Perricard,2025-09-01,40.0,Hard
Giovanni Mpetshi Perricard,2025-10-01,46.1,Hard
Giovanni Mpetshi Perricard,2025-11-01,45.0,Hard
Gregoire Barrere,2019-10-01,30.0,Hard
Gregoire Barrere,2020-01-01,32.5,Hard
Gregoire Barrere,2020-02-01,42.0,Hard
Gregoire Barrere,2020-08-01,40.0,Hard
Gregoire Barrere,2020-09-01,35.0,Hard
Gregoire Barrere,2021-02-01,40.0,Hard
Gregoire Barrere,2021-03-01,35.0,Hard
Gregoire Barrere,2021-05-01,32.5,Hard
Gregoire Barrere,2021-06-01,25.0,Hard
Gregoire Barrere,2021-09-01,25.0,Hard
Gregoire Barrere,2022-05-01,28.3,Hard
Gregoire Barrere,2022-09-01,30.0,Hard
Gregoire Barrere,2023-01-01,26.7,Hard
Gregoire Barrere,2023-02-01,33.6,Hard
Gregoire Barrere,2023-03-01,41.3,Hard
Gregoire Barrere,2023-04-01,50.0,Hard
Gregoire Barrere,2023-05-01,52.5,Hard
Gregoire Barrere,2023-06-01,50.7,Hard
Gregoire Barrere,2023-07-01,52.5,Hard
Gregoire Barrere,2023-08-01,46.7,Hard
Gregoire Barrere,2023-09-01,40.0,Hard
Gregoire Barrere,2023-10-01,40.0,Hard
Gregoire Barrere,2023-11-01,42.5,Hard
Gregoire Barrere,2024-01-01,41.7,Hard
Gregoire Barrere,2024-02-01,35.0,Hard
Gregoire Barrere,2024-04-01,38.8,Hard
Gregoire Barrere,2024-05-01,35.0,Hard
Gregoire Barrere,2024-07-01,35.0,Hard
Gregoire Barrere,2024-11-01,35.0,Hard
Gregoire Barrere,2025-01-01,35.0,Hard
Grigor Dimitrov,2015-04-01,63.3,Hard
Grigor Dimitrov,2015-05-01,65.0,Hard
Grigor Dimitrov,2015-06-01,58.0,Hard
Grigor Dimitrov,2015-07-01,65.0,Hard
Grigor Dimitrov,2015-08-01,59.4,Hard
Grigor Dimitrov,2015-09-01,55.0,Hard
Grigor Dimitrov,2015-10-01,56.7,Hard
Grigor Dimitrov,2015-11-01,58.3,Hard
Grigor Dimitrov,2016-01-01,60.0,Hard
Grigor Dimitrov,2016-02-01,69.3,Hard
Grigor Dimitrov,2016-03-01,66.3,Hard
Grigor Dimitrov,2016-04-01,65.0,Hard
Grigor Dimitrov,2016-05-01,56.7,Hard
Grigor Dimitrov,2016-06-01,47.0,Hard
Grigor Dimitrov,2016-07-01,46.0,Hard
Grigor Dimitrov,2016-08-01,51.0,Hard
Grigor Dimitrov,2016-09-01,66.7,Hard
Grigor Dimitrov,2016-10-01,70.0,Hard
Grigor Dimitrov,2017-01-01,70.5,Hard
Grigor Dimitrov,2017-02-01,80.0,Hard
Grigor Dimitrov,2017-03-01,83.3,Hard
Grigor Dimitrov,2017-04-01,72.5,Hard
Grigor Dimitrov,2017-05-01,62.9,Hard
Grigor Dimitrov,2017-06-01,54.0,Hard
Grigor Dimitrov,2017-07-01,52.5,Hard
Grigor Dimitrov,2017-08-01,65.0,Hard
Grigor Dimitrov,2017-10-01,73.8,Hard
Grigor Dimitrov,2017-11-01,75.0,Hard
Grigor Dimitrov,2018-01-01,76.9,Hard
Grigor Dimitrov,2018-02-01,79.2,Hard
Grigor Dimitrov,2018-03-01,73.3,Hard
Grigor Dimitrov,2018-04-01,67.9,Hard
Grigor Dimitrov,2018-05-01,57.0,Hard
Grigor Dimitrov,2018-06-01,52.5,Hard
Grigor Dimitrov,2018-07-01,45.0,Hard
Grigor Dimitrov,2018-08-01,53.3,Hard
Grigor Dimitrov,2018-09-01,50.0,Hard
Grigor Dimitrov,2018-10-01,47.0,Hard
Grigor Dimitrov,2018-12-01,51.7,Hard
Grigor Dimitrov,2019-01-01,53.8,Hard
Grigor Dimitrov,2019-03-01,57.5,Hard
Grigor Dimitrov,2019-04-01,58.0,Hard
Grigor Dimitrov,2019-05-01,53.3,Hard
Grigor Dimitrov,2019-06-01,50.0,Hard
Grigor Dimitrov,2019-07-01,43.8,Hard
Grigor Dimitrov,2019-08-01,38.8,Hard
Grigor Dimitrov,2019-09-01,45.0,Hard
Grigor Dimitrov,2019-10-01,49.4,Hard
Grigor Dimitrov,2020-01-01,63.0,Hard
Grigor Dimitrov,2020-02-01,55.7,Hard
Grigor Dimitrov,2020-08-01,62.5,Hard
Grigor Dimitrov,2020-09-01,60.6,Hard
Grigor Dimitrov,2020-10-01,65.8,Hard
Grigor Dimitrov,2021-02-01,70.0,Hard
Grigor Dimitrov,2021-03-01,70.0,Hard
Grigor Dimitrov,2021-04-01,68.3,Hard
Grigor Dimitrov,2021-05-01,59.0,Hard
Grigor Dimitrov,2021-06-01,52.5,Hard
Grigor Dimitrov,2021-08-01,44.3,Hard
Grigor Dimitrov,2021-09-01,45.0,Hard
Grigor Dimitrov,2021-10-01,53.3,Hard
Grigor Dimitrov,2021-11-01,60.0,Hard
Grigor Dimitrov,2022-01-01,66.0,Hard
Grigor Dimitrov,2022-02-01,63.3,Hard
Grigor Dimitrov,2022-03-01,60.0,Hard
Grigor Dimitrov,2022-04-01,59.3,Hard
Grigor Dimitrov,2022-05-01,61.3,Hard
Grigor Dimitrov,2022-06-01,60.0,Hard
Grigor Dimitrov,2022-08-01,53.1,Hard
Grigor Dimitrov,2022-09-01,45.0,Hard
Grigor Dimitrov,2022-10-01,43.8,Hard
Grigor Dimitrov,2023-01-01,48.0,Hard
Grigor Dimitrov,2023-02-01,57.5,Hard
Grigor Dimitrov,2023-03-01,61.7,Hard
Grigor Dimitrov,2023-04-01,56.7,Hard
Grigor Dimitrov,2023-05-01,56.0,Hard
Grigor Dimitrov,2023-06-01,61.7,Hard
Grigor Dimitrov,2023-07-01,68.8,Hard
Grigor Dimitrov,2023-08-01,68.8,Hard
Grigor Dimitrov,2023-09-01,67.5,Hard
Grigor Dimitrov,2023-10-01,68.8,Hard
Grigor Dimitrov,2024-01-01,78.8,Hard
Grigor Dimitrov,2024-02-01,81.3,Hard
Grigor Dimitrov,2024-03-01,78.9,Hard
Grigor Dimitrov,2024-04-01,73.8,Hard
Grigor Dimitrov,2024-05-01,70.6,Hard
Grigor Dimitrov,2024-06-01,70.0,Hard
Grigor Dimitrov,2024-07-01,68.8,Hard
Grigor Dimitrov,2024-08-01,65.0,Hard
Grigor Dimitrov,2024-09-01,70.0,Hard
Grigor Dimitrov,2024-10-01,67.9,Hard
Grigor Dimitrov,2024-12-01,72.5,Hard
Grigor Dimitrov,2025-01-01,65.0,Hard
Grigor Dimitrov,2025-02-01,60.0,Hard
Grigor Dimitrov,2025-03-01,59.4,Hard
Grigor Dimitrov,2025-04-01,62.9,Hard
Grigor Dimitrov,2025-05-01,55.0,Hard
Grigor Dimitrov,2025-06-01,65.0,Hard
Grigor Dimitrov,2025-10-01,65.0,Hard
Guido Pella,2016-04-01,51.3,Clay
Guido Pella,2016-05-01,53.6,Clay
Guido Pella,2016-06-01,47.5,Clay
Guido Pella,2016-07-01,40.0,Clay
Guido Pella,2016-08-01,38.3,Clay
Guido Pella,2016-09-01,35.0,Clay
Guido Pella,2016-10-01,31.7,Clay
Guido Pella,2017-01-01,30.0,Clay
Guido Pella,2017-02-01,21.4,Clay
Guido Pella,2017-03-01,31.0,Clay
Guido Pella,2017-05-01,43.3,Clay
Guido Pella,2017-07-01,51.3,Clay
Guido Pella,2017-08-01,60.0,Clay
Guido Pella,2017-09-01,58.1,Clay
Guido Pella,2017-10-01,52.5,Clay
Guido Pella,2018-01-01,53.0,Clay
Guido Pella,2018-02-01,54.2,Clay
Guido Pella,2018-03-01,47.5,Clay
Guido Pella,2018-04-01,48.1,Clay
Guido Pella,2018-05-01,46.0,Clay
Guido Pella,2018-06-01,47.5,Clay
Guido Pella,2018-07-01,55.6,Clay
Guido Pella,2018-08-01,60.0,Clay
Guido Pella,2018-09-01,61.3,Clay
Guido Pella,2018-10-01,55.0,Clay
Guido Pella,2018-12-01,55.0,Clay
Guido Pella,2019-01-01,52.5,Clay
Guido Pella,2019-02-01,54.3,Clay
Guido Pella,2019-03-01,63.3,Clay
Guido Pella,2019-04-01,69.5,Clay
Guido Pella,2019-05-01,66.0,Clay
Guido Pella,2019-06-01,52.5,Clay
Guido Pella,2019-07-01,58.1,Clay
Guido Pella,2019-08-01,55.0,Clay
Guido Pella,2019-09-01,50.0,Clay
Guido Pella,2019-10-01,53.0,Clay
Guido Pella,2019-11-01,51.7,Clay
Guido Pella,2020-01-01,49.3,Clay
Guido Pella,2020-02-01,45.0,Clay
Guido Pella,2020-08-01,45.0,Clay
Guido Pella,2020-09-01,45.0,Clay
Guido Pella,2021-02-01,43.3,Clay
Guido Pella,2021-04-01,32.0,Clay
Guido Pella,2021-05-01,26.3,Clay
Guido Pella,2021-06-01,23.8,Clay
Guido Pella,2021-08-01,25.8,Clay
Guido Pella,2021-09-01,30.0,Clay
Guido Pella,2021-10-01,35.0,Clay
Guido Pella,2023-01-01,30.0,Clay
Guido Pella,2023-02-01,35.0,Clay
Guido Pella,2023-03-01,37.5,Clay
Guido Pella,2023-05-01,42.0,Clay
Guido Pella,2023-06-01,42.5,Clay
Guido Pella,2023-07-01,44.2,Clay
Guido Pella,2023-08-01,40.0,Clay
Guillermo Garcia Lopez,2015-04-01,67.2,Clay
Guillermo Garcia Lopez,2015-05-01,62.0,Clay
Guillermo Garcia Lopez,2015-06-01,60.0,Clay
Guillermo Garcia Lopez,2015-07-01,60.0,Clay
Guillermo Garcia Lopez,2015-08-01,51.2,Clay
Guillermo Garcia Lopez,2015-09-01,47.5,Clay
Guillermo Garcia Lopez,2015-10-01,45.0,Clay
Guillermo Garcia Lopez,2015-11-01,45.0,Clay
Guillermo Garcia Lopez,2016-01-01,53.6,Clay
Guillermo Garcia Lopez,2016-02-01,47.5,Clay
Guillermo Garcia Lopez,2016-03-01,45.0,Clay
Guillermo Garcia Lopez,2016-04-01,46.5,Clay
Guillermo Garcia Lopez,2016-05-01,48.1,Clay
Guillermo Garcia Lopez,2016-06-01,52.5,Clay
Guillermo Garcia Lopez,2016-07-01,50.0,Clay
Guillermo Garcia Lopez,2016-08-01,43.3,Clay
Guillermo Garcia Lopez,2016-09-01,40.0,Clay
Guillermo Garcia Lopez,2016-10-01,30.0,Clay
Guillermo Garcia Lopez,2017-01-01,25.0,Clay
Guillermo Garcia Lopez,2017-02-01,20.0,Clay
Guillermo Garcia Lopez,2017-03-01,20.0,Clay
Guillermo Garcia Lopez,2017-04-01,15.0,Clay
Guillermo Garcia Lopez,2017-05-01,15.0,Clay
Guillermo Garcia Lopez,2017-10-01,25.0,Clay
Guillermo Garcia Lopez,2018-01-01,28.3,Clay
Guillermo Garcia Lopez,2018-02-01,35.0,Clay
Guillermo Garcia Lopez,2018-03-01,45.0,Clay
Guillermo Garcia Lopez,2018-04-01,47.5,Clay
Guillermo Garcia Lopez,2018-05-01,50.0,Clay
Guillermo Garcia Lopez,2018-06-01,50.0,Clay
Guillermo Garcia Lopez,2018-07-01,47.5,Clay
Guillermo Garcia Lopez,2018-08-01,43.3,Clay
Guillermo Garcia Lopez,2018-09-01,37.5,Clay
Guillermo Garcia Lopez,2018-10-01,35.0,Clay
Guillermo Garcia Lopez,2018-12-01,37.5,Clay
Guillermo Garcia Lopez,2019-01-01,33.3,Clay
Guillermo Garcia Lopez,2019-02-01,35.0,Clay
Guillermo Garcia Lopez,2019-04-01,35.0,Clay
Guillermo Garcia Lopez,2019-05-01,35.0,Clay
Guillermo Garcia Lopez,2019-07-01,35.0,Clay
Guillermo Garcia Lopez,2019-08-01,30.0,Clay
Holger Rune,2021-09-01,47.5,Hard
Holger Rune,2021-10-01,45.0,Hard
Holger Rune,2021-11-01,40.0,Hard
Holger Rune,2022-01-01,30.0,Hard
Holger Rune,2022-02-01,28.7,Hard
Holger Rune,2022-03-01,30.0,Hard
Holger Rune,2022-04-01,37.2,Hard
Holger Rune,2022-05-01,64.4,Hard
Holger Rune,2022-06-01,68.3,Hard
Holger Rune,2022-07-01,61.7,Hard
Holger Rune,2022-08-01,49.4,Hard
Holger Rune,2022-09-01,42.1,Hard
Holger Rune,2022-10-01,74.4,Hard
Holger Rune,2023-01-01,86.0,Hard
Holger Rune,2023-02-01,80.5,Hard
Holger Rune,2023-03-01,71.0,Hard
Holger Rune,2023-04-01,71.8,Hard
Holger Rune,2023-05-01,79.5,Hard
Holger Rune,2023-06-01,81.3,Hard
Holger Rune,2023-07-01,80.0,Hard
Holger Rune,2023-08-01,70.0,Hard
Holger Rune,2023-09-01,60.0,Hard
Holger Rune,2023-10-01,51.1,Hard
Holger Rune,2023-11-01,45.0,Hard
Holger Rune,2024-01-01,55.0,Hard
Holger Rune,2024-02-01,62.5,Hard
Holger Rune,2024-03-01,67.0,Hard
Holger Rune,2024-04-01,63.7,Hard
Holger Rune,2024-05-01,63.3,Hard
Holger Rune,2024-06-01,60.0,Hard
Holger Rune,2024-07-01,61.4,Hard
Holger Rune,2024-08-01,66.1,Hard
Holger Rune,2024-09-01,64.0,Hard
Holger Rune,2024-10-01,66.7,Hard
Holger Rune,2024-12-01,60.0,Hard
Holger Rune,2025-01-01,68.3,Hard
Holger Rune,2025-02-01,64.0,Hard
Holger Rune,2025-03-01,61.4,Hard
Holger Rune,2025-04-01,60.7,Hard
Holger Rune,2025-05-01,66.7,Hard
Holger Rune,2025-06-01,66.3,Hard
Holger Rune,2025-07-01,63.3,Hard
Holger Rune,2025-08-01,66.7,Hard
Holger Rune,2025-09-01,60.0,Hard
Holger Rune,2025-10-01,61.4,Hard
Horacio Zeballos,2016-08-01,35.0,Clay
Horacio Zeballos,2016-09-01,35.0,Clay
Horacio Zeballos,2017-01-01,36.3,Clay
Horacio Zeballos,2017-02-01,33.0,Clay
Horacio Zeballos,2017-03-01,37.5,Clay
Horacio Zeballos,2017-04-01,39.3,Clay
Horacio Zeballos,2017-05-01,56.1,Clay
Horacio Zeballos,2017-06-01,60.0,Clay
Horacio Zeballos,2017-07-01,59.3,Clay
Horacio Zeballos,2017-08-01,53.8,Clay
Horacio Zeballos,2017-09-01,45.0,Clay
Horacio Zeballos,2018-01-01,46.7,Clay
Horacio Zeballos,2018-02-01,40.6,Clay
Horacio Zeballos,2018-03-01,43.3,Clay
Horacio Zeballos,2018-04-01,42.5,Clay
Horacio Zeballos,2018-05-01,38.3,Clay
Horacio Zeballos,2018-07-01,41.7,Clay
Horacio Zeballos,2018-08-01,45.0,Clay
Horacio Zeballos,2018-09-01,45.0,Clay
Hubert Hurkacz,2018-09-01,35.0,Grass
Hubert Hurkacz,2018-10-01,35.0,Grass
Hubert Hurkacz,2018-11-01,35.0,Grass
Hubert Hurkacz,2018-12-01,35.0,Grass
Hubert Hurkacz,2019-01-01,35.0,Grass
Hubert Hurkacz,2019-02-01,36.7,Grass
Hubert Hurkacz,2019-03-01,50.6,Grass
Hubert Hurkacz,2019-04-01,47.5,Grass
Hubert Hurkacz,2019-05-01,54.0,Grass
Hubert Hurkacz,2019-06-01,52.5,Grass
Hubert Hurkacz,2019-07-01,51.0,Grass
Hubert Hurkacz,2019-08-01,52.5,Grass
Hubert Hurkacz,2019-09-01,60.0,Grass
Hubert Hurkacz,2019-10-01,57.0,Grass
Hubert Hurkacz,2020-01-01,60.6,Grass
Hubert Hurkacz,2020-02-01,52.5,Grass
Hubert Hurkacz,2020-08-01,51.7,Grass
Hubert Hurkacz,2020-09-01,53.3,Grass
Hubert Hurkacz,2020-10-01,47.0,Grass
Hubert Hurkacz,2020-11-01,40.0,Grass
Hubert Hurkacz,2021-01-01,50.0,Grass
Hubert Hurkacz,2021-02-01,60.0,Grass
Hubert Hurkacz,2021-03-01,60.5,Grass
Hubert Hurkacz,2021-04-01,72.5,Grass
Hubert Hurkacz,2021-05-01,60.0,Grass
Hubert Hurkacz,2021-06-01,55.6,Grass
Hubert Hurkacz,2021-07-01,62.5,Grass
Hubert Hurkacz,2021-08-01,55.6,Grass
Hubert Hurkacz,2021-09-01,69.2,Grass
Hubert Hurkacz,2021-10-01,69.0,Grass
Hubert Hurkacz,2021-11-01,66.4,Grass
Hubert Hurkacz,2022-01-01,60.8,Grass
Hubert Hurkacz,2022-02-01,55.0,Grass
Hubert Hurkacz,2022-03-01,61.9,Grass
Hubert Hurkacz,2022-04-01,70.0,Grass
Hubert Hurkacz,2022-05-01,72.2,Grass
Hubert Hurkacz,2022-06-01,69.3,Grass
Hubert Hurkacz,2022-08-01,65.6,Grass
Hubert Hurkacz,2022-09-01,63.3,Grass
Hubert Hurkacz,2022-10-01,63.0,Grass
Hubert Hurkacz,2023-01-01,59.4,Grass
Hubert Hurkacz,2023-02-01,63.9,Grass
Hubert Hurkacz,2023-03-01,67.5,Grass
Hubert Hurkacz,2023-04-01,64.2,Grass
Hubert Hurkacz,2023-05-01,61.3,Grass
Hubert Hurkacz,2023-06-01,56.0,Grass
Hubert Hurkacz,2023-07-01,56.0,Grass
Hubert Hurkacz,2023-08-01,62.5,Grass
Hubert Hurkacz,2023-10-01,72.8,Grass
Hubert Hurkacz,2023-11-01,70.0,Grass
Hubert Hurkacz,2024-01-01,71.5,Grass
Hubert Hurkacz,2024-02-01,69.4,Grass
Hubert Hurkacz,2024-03-01,66.3,Grass
Hubert Hurkacz,2024-04-01,69.0,Grass
Hubert Hurkacz,2024-05-01,73.1,Grass
Hubert Hurkacz,2024-06-01,78.0,Grass
Hubert Hurkacz,2024-07-01,72.5,Grass
Hubert Hurkacz,2024-08-01,70.6,Grass
Hubert Hurkacz,2024-09-01,67.5,Grass
Hubert Hurkacz,2024-10-01,60.0,Grass
Hubert Hurkacz,2024-12-01,54.0,Grass
Hubert Hurkacz,2025-01-01,50.0,Grass
Hubert Hurkacz,2025-02-01,52.0,Grass
Hubert Hurkacz,2025-03-01,47.5,Grass
Hubert Hurkacz,2025-04-01,45.0,Grass
Hubert Hurkacz,2025-05-01,56.0,Grass
Hubert Hurkacz,2025-06-01,60.0,Grass
Hyeon Chung,2015-09-01,53.3,Hard
Hyeon Chung,2016-01-01,50.0,Hard
Hyeon Chung,2016-02-01,45.8,Hard
Hyeon Chung,2016-03-01,47.5,Hard
Hyeon Chung,2016-04-01,45.8,Hard
Hyeon Chung,2016-05-01,37.5,Hard
Hyeon Chung,2017-01-01,41.3,Hard
Hyeon Chung,2017-02-01,45.0,Hard
Hyeon Chung,2017-03-01,45.0,Hard
Hyeon Chung,2017-04-01,46.7,Hard
Hyeon Chung,2017-05-01,56.1,Hard
Hyeon Chung,2017-07-01,57.5,Hard
Hyeon Chung,2017-08-01,57.8,Hard
Hyeon Chung,2017-10-01,50.0,Hard
Hyeon Chung,2017-11-01,57.0,Hard
Hyeon Chung,2018-01-01,68.6,Hard
Hyeon Chung,2018-02-01,77.5,Hard
Hyeon Chung,2018-03-01,74.4,Hard
Hyeon Chung,2018-04-01,73.3,Hard
Hyeon Chung,2018-05-01,65.0,Hard
Hyeon Chung,2018-07-01,63.7,Hard
Hyeon Chung,2018-08-01,60.7,Hard
Hyeon Chung,2018-09-01,55.0,Hard
Hyeon Chung,2018-10-01,48.3,Hard
Hyeon Chung,2018-12-01,45.0,Hard
Hyeon Chung,2019-01-01,45.0,Hard
Hyeon Chung,2019-02-01,40.0,Hard
Hyeon Chung,2019-08-01,45.0,Hard
Hyeon Chung,2019-09-01,41.3,Hard
Hyeon Chung,2019-10-01,45.0,Hard
Hyeon Chung,2025-09-01,45.0,Hard
Illya Marchenko,2016-02-01,54.0,Hard
Illya Marchenko,2016-03-01,55.0,Hard
Illya Marchenko,2016-04-01,57.5,Hard
Illya Marchenko,2016-05-01,47.5,Hard
Illya Marchenko,2016-06-01,37.5,Hard
Illya Marchenko,2016-07-01,40.0,Hard
Illya Marchenko,2016-08-01,36.7,Hard
Illya Marchenko,2016-09-01,35.0,Hard
Illya Marchenko,2016-10-01,31.7,Hard
Illya Marchenko,2017-01-01,25.0,Hard
Illya Marchenko,2017-02-01,32.5,Hard
Illya Marchenko,2017-07-01,30.0,Hard
Illya Marchenko,2019-09-01,30.0,Hard
Illya Marchenko,2020-03-01,25.0,Hard
Illya Marchenko,2020-11-01,20.0,Hard
Illya Marchenko,2021-03-01,27.5,Hard
Illya Marchenko,2021-06-01,25.0,Hard
Illya Marchenko,2021-07-01,28.3,Hard
Illya Marchenko,2021-08-01,30.0,Hard
Illya Marchenko,2021-09-01,35.0,Hard
Illya Marchenko,2021-10-01,35.0,Hard
Illya Marchenko,2021-11-01,30.0,Hard
Illya Marchenko,2023-08-01,30.0,Hard
Ilya Ivashka,2018-04-01,50.0,Grass
Ilya Ivashka,2018-05-01,40.0,Grass
Ilya Ivashka,2018-07-01,40.0,Grass
Ilya Ivashka,2018-08-01,40.0,Grass
Ilya Ivashka,2018-09-01,37.5,Grass
Ilya Ivashka,2018-10-01,35.0,Grass
Ilya Ivashka,2018-12-01,40.0,Grass
Ilya Ivashka,2019-01-01,37.5,Grass
Ilya Ivashka,2019-02-01,35.0,Grass
Ilya Ivashka,2019-03-01,38.3,Grass
Ilya Ivashka,2019-07-01,45.0,Grass
Ilya Ivashka,2019-08-01,45.0,Grass
Ilya Ivashka,2019-09-01,40.0,Grass
Ilya Ivashka,2020-01-01,35.0,Grass
Ilya Ivashka,2020-02-01,38.8,Grass
Ilya Ivashka,2020-03-01,35.0,Grass
Ilya Ivashka,2020-10-01,40.0,Grass
Ilya Ivashka,2021-02-01,35.0,Grass
Ilya Ivashka,2021-03-01,37.5,Grass
Ilya Ivashka,2021-04-01,43.3,Grass
Ilya Ivashka,2021-05-01,52.5,Grass
Ilya Ivashka,2021-06-01,53.3,Grass
Ilya Ivashka,2021-07-01,60.0,Grass
Ilya Ivashka,2021-08-01,67.9,Grass
Ilya Ivashka,2021-09-01,78.3,Grass
Ilya Ivashka,2021-10-01,75.0,Grass
Ilya Ivashka,2021-11-01,72.5,Grass
Ilya Ivashka,2022-01-01,70.0,Grass
Ilya Ivashka,2022-02-01,63.3,Grass
Ilya Ivashka,2022-04-01,49.0,Grass
Ilya Ivashka,2022-05-01,41.4,Grass
Ilya Ivashka,2022-06-01,46.4,Grass
Ilya Ivashka,2022-07-01,53.8,Grass
Ilya Ivashka,2022-08-01,57.1,Grass
Ilya Ivashka,2022-09-01,61.7,Grass
Ilya Ivashka,2022-10-01,58.3,Grass
Ilya Ivashka,2023-01-01,55.0,Grass
Ilya Ivashka,2023-02-01,48.3,Grass
Ilya Ivashka,2023-03-01,46.0,Grass
Ilya Ivashka,2023-04-01,42.5,Grass
Ilya Ivashka,2023-05-01,34.0,Grass
Ilya Ivashka,2023-06-01,30.0,Grass
Ilya Ivashka,2023-07-01,39.0,Grass
Ilya Ivashka,2023-08-01,35.0,Grass
Ivo Karlovic,2015-04-01,62.5,Grass
Ivo Karlovic,2015-05-01,55.0,Grass
Ivo Karlovic,2015-06-01,56.5,Grass
Ivo Karlovic,2015-07-01,60.6,Grass
Ivo Karlovic,2015-08-01,68.9,Grass
Ivo Karlovic,2015-09-01,67.5,Grass
Ivo Karlovic,2015-10-01,58.0,Grass
Ivo Karlovic,2015-11-01,55.0,Grass
Ivo Karlovic,2016-01-01,50.0,Grass
Ivo Karlovic,2016-02-01,42.5,Grass
Ivo Karlovic,2016-04-01,39.0,Grass
Ivo Karlovic,2016-05-01,36.0,Grass
Ivo Karlovic,2016-06-01,37.9,Grass
Ivo Karlovic,2016-07-01,63.8,Grass
Ivo Karlovic,2016-08-01,78.3,Grass
Ivo Karlovic,2016-10-01,70.4,Grass
Ivo Karlovic,2016-11-01,57.5,Grass
Ivo Karlovic,2017-01-01,55.8,Grass
Ivo Karlovic,2017-02-01,46.7,Grass
Ivo Karlovic,2017-03-01,45.0,Grass
Ivo Karlovic,2017-04-01,42.5,Grass
Ivo Karlovic,2017-05-01,40.0,Grass
Ivo Karlovic,2017-06-01,47.0,Grass
Ivo Karlovic,2017-07-01,40.0,Grass
Ivo Karlovic,2017-08-01,47.5,Grass
Ivo Karlovic,2017-10-01,42.5,Grass
Ivo Karlovic,2018-01-01,45.0,Grass
Ivo Karlovic,2018-02-01,43.3,Grass
Ivo Karlovic,2018-03-01,40.0,Grass
Ivo Karlovic,2018-04-01,47.1,Grass
Ivo Karlovic,2018-05-01,45.0,Grass
Ivo Karlovic,2018-06-01,40.0,Grass
Ivo Karlovic,2018-07-01,37.5,Grass
Ivo Karlovic,2018-12-01,43.0,Grass
Ivo Karlovic,2019-01-01,42.5,Grass
Ivo Karlovic,2019-02-01,36.7,Grass
Ivo Karlovic,2019-03-01,46.0,Grass
Ivo Karlovic,2019-04-01,45.0,Grass
Ivo Karlovic,2019-05-01,45.0,Grass
Ivo Karlovic,2019-07-01,46.3,Grass
Ivo Karlovic,2019-08-01,32.5,Grass
Ivo Karlovic,2019-10-01,32.5,Grass
Ivo Karlovic,2020-01-01,35.0,Grass
Ivo Karlovic,2020-02-01,35.0,Grass
Ivo Karlovic,2020-08-01,30.0,Grass
Ivo Karlovic,2021-01-01,27.5,Grass
Ivo Karlovic,2021-07-01,30.0,Grass
Ivo Karlovic,2021-08-01,25.0,Grass
J J Wolf,2022-08-01,43.3,Hard
J J Wolf,2022-09-01,50.0,Hard
J J Wolf,2022-10-01,55.6,Hard
J J Wolf,2023-01-01,55.0,Hard
J J Wolf,2023-02-01,62.1,Hard
J J Wolf,2023-03-01,53.3,Hard
J J Wolf,2023-04-01,55.0,Hard
J J Wolf,2023-05-01,54.2,Hard
J J Wolf,2023-06-01,45.0,Hard
J J Wolf,2023-07-01,52.2,Hard
J J Wolf,2023-08-01,50.0,Hard
J J Wolf,2023-09-01,45.0,Hard
J J Wolf,2023-10-01,50.6,Hard
J J Wolf,2024-01-01,40.0,Hard
J J Wolf,2024-03-01,30.0,Hard
J J Wolf,2024-04-01,32.5,Hard
J J Wolf,2024-05-01,25.0,Hard
J J Wolf,2024-07-01,28.3,Hard
Jack Draper,2022-08-01,61.0,Grass
Jack Draper,2022-10-01,61.0,Grass
Jack Draper,2022-11-01,56.3,Grass
Jack Draper,2023-01-01,55.7,Grass
Jack Draper,2023-03-01,55.0,Grass
Jack Draper,2023-04-01,55.0,Grass
Jack Draper,2023-05-01,60.0,Grass
Jack Draper,2023-08-01,60.0,Grass
Jack Draper,2023-09-01,60.0,Grass
Jack Draper,2023-10-01,55.0,Grass
Jack Draper,2023-11-01,62.5,Grass
Jack Draper,2024-01-01,65.0,Grass
Jack Draper,2024-02-01,65.0,Grass
Jack Draper,2024-03-01,61.7,Grass
Jack Draper,2024-04-01,55.8,Grass
Jack Draper,2024-05-01,48.8,Grass
Jack Draper,2024-06-01,54.4,Grass
Jack Draper,2024-07-01,61.3,Grass
Jack Draper,2024-08-01,66.4,Grass
Jack Draper,2024-09-01,61.0,Grass
Jack Draper,2024-10-01,69.4,Grass
Jack Draper,2025-01-01,73.8,Grass
Jack Draper,2025-02-01,75.0,Grass
Jack Draper,2025-03-01,82.9,Grass
Jack Draper,2025-04-01,78.8,Grass
Jack Draper,2025-05-01,78.8,Grass
Jack Draper,2025-06-01,75.0,Grass
Jack Draper,2025-08-01,72.5,Grass
Jack Sock,2015-05-01,70.0,Hard
Jack Sock,2015-06-01,65.0,Hard
Jack Sock,2015-07-01,65.0,Hard
Jack Sock,2015-08-01,60.0,Hard
Jack Sock,2015-09-01,65.0,Hard
Jack Sock,2015-10-01,65.7,Hard
Jack Sock,2015-11-01,65.0,Hard
Jack Sock,2016-01-01,70.7,Hard
Jack Sock,2016-02-01,65.0,Hard
Jack Sock,2016-03-01,60.0,Hard
Jack Sock,2016-04-01,58.8,Hard
Jack Sock,2016-05-01,57.5,Hard
Jack Sock,2016-06-01,58.3,Hard
Jack Sock,2016-07-01,63.7,Hard
Jack Sock,2016-08-01,61.0,Hard
Jack Sock,2016-10-01,66.2,Hard
Jack Sock,2017-01-01,75.0,Hard
Jack Sock,2017-02-01,79.3,Hard
Jack Sock,2017-03-01,83.3,Hard
Jack Sock,2017-04-01,75.0,Hard
Jack Sock,2017-05-01,67.0,Hard
Jack Sock,2017-07-01,57.5,Hard
Jack Sock,2017-08-01,51.2,Hard
Jack Sock,2017-09-01,45.0,Hard
Jack Sock,2017-10-01,45.8,Hard
Jack Sock,2017-11-01,53.8,Hard
Jack Sock,2018-01-01,50.0,Hard
Jack Sock,2018-02-01,55.0,Hard
Jack Sock,2018-03-01,57.5,Hard
Jack Sock,2018-04-01,55.0,Hard
Jack Sock,2018-05-01,44.0,Hard
Jack Sock,2018-06-01,30.0,Hard
Jack Sock,2018-07-01,25.0,Hard
Jack Sock,2018-08-01,27.5,Hard
Jack Sock,2018-09-01,25.0,Hard
Jack Sock,2018-10-01,24.4,Hard
Jack Sock,2019-01-01,25.0,Hard
Jack Sock,2019-07-01,20.0,Hard
Jack Sock,2019-08-01,20.0,Hard
Jack Sock,2019-09-01,25.0,Hard
Jack Sock,2020-02-01,28.3,Hard
Jack Sock,2020-08-01,32.5,Hard
Jack Sock,2020-09-01,35.0,Hard
Jack Sock,2021-07-01,43.0,Hard
Jack Sock,2021-08-01,46.0,Hard
Jack Sock,2021-10-01,50.0,Hard
Jack Sock,2022-02-01,52.5,Hard
Jack Sock,2022-03-01,51.7,Hard
Jack Sock,2022-04-01,45.0,Hard
Jack Sock,2022-06-01,48.3,Hard
Jack Sock,2022-07-01,46.7,Hard
Jack Sock,2022-08-01,43.3,Hard
Jack Sock,2022-09-01,35.0,Hard
Jack Sock,2023-02-01,38.3,Hard
Jack Sock,2023-03-01,37.5,Hard
Jack Sock,2023-04-01,35.0,Hard
Jacob Fearnley,2025-05-01,53.3,Hard
Jacob Fearnley,2025-06-01,52.1,Hard
Jacob Fearnley,2025-07-01,50.0,Hard
Jacob Fearnley,2025-08-01,43.8,Hard
Jacob Fearnley,2025-10-01,40.0,Hard
Jacob Fearnley,2025-11-01,35.0,Hard
Jakub Mensik,2024-05-01,65.0,Hard
Jakub Mensik,2024-06-01,61.3,Hard
Jakub Mensik,2024-07-01,53.1,Hard
Jakub Mensik,2024-08-01,51.7,Hard
Jakub Mensik,2024-09-01,48.3,Hard
Jakub Mensik,2024-10-01,58.8,Hard
Jakub Mensik,2024-12-01,55.0,Hard
Jakub Mensik,2025-01-01,57.5,Hard
Jakub Mensik,2025-02-01,55.0,Hard
Jakub Mensik,2025-03-01,57.8,Hard
Jakub Mensik,2025-04-01,69.0,Hard
Jakub Mensik,2025-05-01,70.0,Hard
Jakub Mensik,2025-06-01,70.7,Hard
Jakub Mensik,2025-07-01,62.5,Hard
Jakub Mensik,2025-08-01,58.8,Hard
Jakub Mensik,2025-09-01,52.9,Hard
Jakub Mensik,2025-10-01,51.7,Hard
Jakub Mensik,2025-11-01,55.0,Hard
James Duckworth,2015-09-01,45.0,Hard
James Duckworth,2016-01-01,40.0,Hard
James Duckworth,2016-07-01,35.0,Hard
James Duckworth,2016-08-01,31.7,Hard
James Duckworth,2016-10-01,30.0,Hard
James Duckworth,2017-01-01,30.0,Hard
James Duckworth,2018-05-01,25.0,Hard
James Duckworth,2018-07-01,25.0,Hard
James Duckworth,2018-08-01,30.0,Hard
James Duckworth,2018-12-01,25.0,Hard
James Duckworth,2019-01-01,25.0,Hard
James Duckworth,2020-01-01,26.7,Hard
James Duckworth,2020-02-01,31.3,Hard
James Duckworth,2020-08-01,30.0,Hard
James Duckworth,2020-09-01,30.0,Hard
James Duckworth,2020-10-01,30.0,Hard
James Duckworth,2021-02-01,34.2,Hard
James Duckworth,2021-03-01,41.7,Hard
James Duckworth,2021-05-01,45.0,Hard
James Duckworth,2021-06-01,41.7,Hard
James Duckworth,2021-07-01,50.0,Hard
James Duckworth,2021-08-01,48.3,Hard
James Duckworth,2021-09-01,52.5,Hard
James Duckworth,2021-10-01,52.5,Hard
James Duckworth,2021-11-01,55.0,Hard
James Duckworth,2022-01-01,50.0,Hard
James Duckworth,2022-05-01,47.5,Hard
James Duckworth,2022-06-01,35.0,Hard
James Duckworth,2022-07-01,34.0,Hard
James Duckworth,2022-08-01,33.0,Hard
James Duckworth,2022-09-01,33.3,Hard
James Duckworth,2022-10-01,35.0,Hard
James Duckworth,2023-07-01,42.0,Hard
James Duckworth,2023-08-01,45.0,Hard
James Duckworth,2023-10-01,40.0,Hard
James Duckworth,2024-01-01,41.3,Hard
James Duckworth,2024-02-01,45.0,Hard
James Duckworth,2024-04-01,45.0,Hard
James Duckworth,2024-06-01,46.0,Hard
James Duckworth,2024-07-01,45.0,Hard
James Duckworth,2024-08-01,45.0,Hard
James Duckworth,2024-10-01,36.7,Hard
James Duckworth,2024-11-01,35.0,Hard
James Duckworth,2025-01-01,30.0,Hard
James Duckworth,2025-02-01,25.0,Hard
James Duckworth,2025-03-01,25.0,Hard
James Duckworth,2025-05-01,20.0,Hard
James Duckworth,2025-06-01,16.3,Hard
James Duckworth,2025-07-01,23.0,Hard
James Duckworth,2025-08-01,25.0,Hard
James Duckworth,2025-10-01,36.3,Hard
Jan Lennard Struff,2015-06-01,23.3,Clay
Jan Lennard Struff,2015-08-01,20.0,Clay
Jan Lennard Struff,2015-10-01,15.0,Clay
Jan Lennard Struff,2016-01-01,15.0,Clay
Jan Lennard Struff,2016-02-01,17.5,Clay
Jan Lennard Struff,2016-04-01,15.0,Clay
Jan Lennard Struff,2016-05-01,10.0,Clay
Jan Lennard Struff,2016-06-01,15.0,Clay
Jan Lennard Struff,2016-07-01,21.3,Clay
Jan Lennard Struff,2016-08-01,28.7,Clay
Jan Lennard Struff,2016-09-01,37.5,Clay
Jan Lennard Struff,2016-10-01,46.4,Clay
Jan Lennard Struff,2017-01-01,50.0,Clay
Jan Lennard Struff,2017-02-01,46.7,Clay
Jan Lennard Struff,2017-03-01,50.0,Clay
Jan Lennard Struff,2017-04-01,50.6,Clay
Jan Lennard Struff,2017-05-01,55.0,Clay
Jan Lennard Struff,2017-06-01,53.3,Clay
Jan Lennard Struff,2017-07-01,43.3,Clay
Jan Lennard Struff,2017-08-01,44.2,Clay
Jan Lennard Struff,2017-09-01,47.1,Clay
Jan Lennard Struff,2017-10-01,56.0,Clay
Jan Lennard Struff,2018-01-01,51.0,Clay
Jan Lennard Struff,2018-02-01,41.3,Clay
Jan Lennard Struff,2018-03-01,40.0,Clay
Jan Lennard Struff,2018-04-01,38.5,Clay
Jan Lennard Struff,2018-05-01,45.0,Clay
Jan Lennard Struff,2018-06-01,45.0,Clay
Jan Lennard Struff,2018-07-01,49.0,Clay
Jan Lennard Struff,2018-08-01,50.0,Clay
Jan Lennard Struff,2018-09-01,47.5,Clay
Jan Lennard Struff,2018-10-01,53.1,Clay
Jan Lennard Struff,2018-12-01,50.0,Clay
Jan Lennard Struff,2019-01-01,59.0,Clay
Jan Lennard Struff,2019-02-01,56.3,Clay
Jan Lennard Struff,2019-03-01,57.0,Clay
Jan Lennard Struff,2019-04-01,55.7,Clay
Jan Lennard Struff,2019-05-01,57.8,Clay
Jan Lennard Struff,2019-06-01,63.3,Clay
Jan Lennard Struff,2019-07-01,63.3,Clay
Jan Lennard Struff,2019-08-01,60.7,Clay
Jan Lennard Struff,2019-09-01,52.5,Clay
Jan Lennard Struff,2019-10-01,46.1,Clay
Jan Lennard Struff,2019-11-01,48.3,Clay
Jan Lennard Struff,2020-01-01,45.8,Clay
Jan Lennard Struff,2020-02-01,50.0,Clay
Jan Lennard Struff,2020-03-01,55.0,Clay
Jan Lennard Struff,2020-08-01,58.6,Clay
Jan Lennard Struff,2020-09-01,58.8,Clay
Jan Lennard Struff,2020-10-01,53.8,Clay
Jan Lennard Struff,2020-11-01,51.7,Clay
Jan Lennard Struff,2021-01-01,48.3,Clay
Jan Lennard Struff,2021-02-01,42.0,Clay
Jan Lennard Struff,2021-03-01,39.0,Clay
Jan Lennard Struff,2021-04-01,48.3,Clay
Jan Lennard Struff,2021-05-01,53.3,Clay
Jan Lennard Struff,2021-06-01,56.3,Clay
Jan Lennard Struff,2021-07-01,51.7,Clay
Jan Lennard Struff,2021-08-01,41.0,Clay
Jan Lennard Struff,2021-09-01,35.0,Clay
Jan Lennard Struff,2021-10-01,36.9,Clay
Jan Lennard Struff,2021-11-01,38.8,Clay
Jan Lennard Struff,2021-12-01,40.0,Clay
Jan Lennard Struff,2022-01-01,43.0,Clay
Jan Lennard Struff,2022-02-01,40.0,Clay
Jan Lennard Struff,2022-03-01,36.7,Clay
Jan Lennard Struff,2022-06-01,31.3,Clay
Jan Lennard Struff,2022-07-01,20.0,Clay
Jan Lennard Struff,2022-09-01,32.5,Clay
Jan Lennard Struff,2022-11-01,35.0,Clay
Jan Lennard Struff,2023-01-01,35.0,Clay
Jan Lennard Struff,2023-03-01,42.5,Clay
Jan Lennard Struff,2023-04-01,58.5,Clay
Jan Lennard Struff,2023-05-01,60.0,Clay
Jan Lennard Struff,2023-06-01,66.4,Clay
Jan Lennard Struff,2023-09-01,65.0,Clay
Jan Lennard Struff,2023-10-01,57.0,Clay
Jan Lennard Struff,2023-11-01,48.3,Clay
Jan Lennard Struff,2024-01-01,48.8,Clay
Jan Lennard Struff,2024-02-01,40.0,Clay
Jan Lennard Struff,2024-03-01,42.5,Clay
Jan Lennard Struff,2024-04-01,53.5,Clay
Jan Lennard Struff,2024-05-01,63.0,Clay
Jan Lennard Struff,2024-06-01,70.8,Clay
Jan Lennard Struff,2024-07-01,69.4,Clay
Jan Lennard Struff,2024-08-01,65.0,Clay
Jan Lennard Struff,2024-10-01,60.0,Clay
Jan Lennard Struff,2024-11-01,57.5,Clay
Jan Lennard Struff,2025-01-01,53.3,Clay
Jan Lennard Struff,2025-02-01,45.0,Clay
Jan Lennard Struff,2025-03-01,32.5,Clay
Jan Lennard Struff,2025-04-01,31.3,Clay
Jan Lennard Struff,2025-05-01,27.5,Clay
Jan Lennard Struff,2025-06-01,27.5,Clay
Jan Lennard Struff,2025-07-01,30.0,Clay
Jan Lennard Struff,2025-08-01,41.3,Clay
Jan Lennard Struff,2025-09-01,50.0,Clay
Jan Lennard Struff,2025-10-01,55.0,Clay
Jan Lennard Struff,2025-11-01,53.3,Clay
Jannik Sinner,2019-11-01,50.0,Hard
Jannik Sinner,2020-01-01,50.0,Hard
Jannik Sinner,2020-02-01,55.8,Hard
Jannik Sinner,2020-08-01,55.0,Hard
Jannik Sinner,2020-09-01,56.0,Hard
Jannik Sinner,2020-10-01,62.5,Hard
Jannik Sinner,2020-11-01,70.0,Hard
Jannik Sinner,2021-02-01,80.7,Hard
Jannik Sinner,2021-03-01,77.1,Hard
Jannik Sinner,2021-04-01,70.0,Hard
Jannik Sinner,2021-05-01,68.0,Hard
Jannik Sinner,2021-06-01,57.5,Hard
Jannik Sinner,2021-07-01,50.0,Hard
Jannik Sinner,2021-08-01,58.8,Hard
Jannik Sinner,2021-09-01,65.0,Hard
Jannik Sinner,2021-10-01,78.6,Hard
Jannik Sinner,2021-11-01,75.0,Hard
Jannik Sinner,2022-01-01,76.9,Hard
Jannik Sinner,2022-02-01,73.3,Hard
Jannik Sinner,2022-03-01,80.6,Hard
Jannik Sinner,2022-04-01,78.8,Hard
Jannik Sinner,2022-05-01,74.1,Hard
Jannik Sinner,2022-06-01,70.8,Hard
Jannik Sinner,2022-07-01,72.5,Hard
Jannik Sinner,2022-08-01,74.5,Hard
Jannik Sinner,2022-09-01,75.0,Hard
Jannik Sinner,2022-10-01,71.3,Hard
Jannik Sinner,2023-01-01,65.7,Hard
Jannik Sinner,2023-02-01,70.5,Hard
Jannik Sinner,2023-03-01,78.6,Hard
Jannik Sinner,2023-04-01,76.4,Hard
Jannik Sinner,2023-05-01,75.0,Hard
Jannik Sinner,2023-06-01,69.0,Hard
Jannik Sinner,2023-07-01,67.5,Hard
Jannik Sinner,2023-08-01,73.5,Hard
Jannik Sinner,2023-09-01,82.0,Hard
Jannik Sinner,2023-10-01,83.5,Hard
Jannik Sinner,2023-11-01,85.0,Hard
Jannik Sinner,2024-01-01,87.1,Hard
Jannik Sinner,2024-02-01,91.0,Hard
Jannik Sinner,2024-03-01,95.0,Hard
Jannik Sinner,2024-04-01,91.3,Hard
Jannik Sinner,2024-05-01,85.0,Hard
Jannik Sinner,2024-06-01,85.0,Hard
Jannik Sinner,2024-07-01,85.0,Hard
Jannik Sinner,2024-08-01,86.7,Hard
Jannik Sinner,2024-09-01,90.0,Hard
Jannik Sinner,2024-10-01,93.3,Hard
Jannik Sinner,2024-11-01,95.0,Hard
Jannik Sinner,2025-01-01,96.4,Hard
Jannik Sinner,2025-05-01,96.5,Hard
Jannik Sinner,2025-06-01,85.6,Hard
Jannik Sinner,2025-08-01,86.9,Hard
Jannik Sinner,2025-09-01,90.0,Hard
Jannik Sinner,2025-10-01,87.5,Hard
Jannik Sinner,2025-11-01,93.0,Hard
Jared Donaldson,2016-07-01,35.0,Hard
Jared Donaldson,2016-08-01,38.1,Hard
Jared Donaldson,2017-01-01,40.0,Hard
Jared Donaldson,2017-02-01,43.3,Hard
Jared Donaldson,2017-03-01,51.2,Hard
Jared Donaldson,2017-04-01,45.0,Hard
Jared Donaldson,2017-05-01,46.7,Hard
Jared Donaldson,2017-06-01,42.5,Hard
Jared Donaldson,2017-07-01,48.8,Hard
Jared Donaldson,2017-08-01,55.6,Hard
Jared Donaldson,2017-09-01,65.0,Hard
Jared Donaldson,2017-10-01,58.0,Hard
Jared Donaldson,2017-11-01,46.7,Hard
Jared Donaldson,2018-01-01,41.0,Hard
Jared Donaldson,2018-02-01,33.6,Hard
Jared Donaldson,2018-03-01,41.0,Hard
Jared Donaldson,2018-04-01,45.0,Hard
Jared Donaldson,2018-05-01,43.3,Hard
Jared Donaldson,2018-06-01,45.0,Hard
Jared Donaldson,2018-07-01,41.3,Hard
Jared Donaldson,2018-08-01,35.0,Hard
Jared Donaldson,2019-02-01,35.0,Hard
Jared Donaldson,2019-03-01,32.5,Hard
Jaume Munar,2018-08-01,48.3,Clay
Jaume Munar,2018-09-01,45.0,Clay
Jaume Munar,2018-10-01,45.0,Clay
Jaume Munar,2018-11-01,45.0,Clay
Jaume Munar,2018-12-01,46.7,Clay
Jaume Munar,2019-01-01,45.0,Clay
Jaume Munar,2019-02-01,45.0,Clay
Jaume Munar,2019-03-01,50.0,Clay
Jaume Munar,2019-04-01,56.9,Clay
Jaume Munar,2019-05-01,52.5,Clay
Jaume Munar,2019-06-01,43.3,Clay
Jaume Munar,2019-07-01,35.8,Clay
Jaume Munar,2019-08-01,32.5,Clay
Jaume Munar,2020-01-01,26.7,Clay
Jaume Munar,2020-02-01,25.0,Clay
Jaume Munar,2020-08-01,25.0,Clay
Jaume Munar,2020-09-01,25.0,Clay
Jaume Munar,2021-02-01,25.0,Clay
Jaume Munar,2021-03-01,31.3,Clay
Jaume Munar,2021-04-01,40.6,Clay
Jaume Munar,2021-05-01,48.6,Clay
Jaume Munar,2021-06-01,52.5,Clay
Jaume Munar,2021-07-01,45.0,Clay
Jaume Munar,2021-08-01,37.5,Clay
Jaume Munar,2021-09-01,31.7,Clay
Jaume Munar,2021-10-01,25.0,Clay
Jaume Munar,2022-01-01,30.6,Clay
Jaume Munar,2022-02-01,32.0,Clay
Jaume Munar,2022-03-01,42.5,Clay
Jaume Munar,2022-04-01,45.0,Clay
Jaume Munar,2022-05-01,45.0,Clay
Jaume Munar,2022-06-01,43.3,Clay
Jaume Munar,2022-07-01,48.0,Clay
Jaume Munar,2022-08-01,45.0,Clay
Jaume Munar,2022-09-01,43.3,Clay
Jaume Munar,2022-10-01,41.0,Clay
Jaume Munar,2023-01-01,36.7,Clay
Jaume Munar,2023-02-01,33.6,Clay
Jaume Munar,2023-03-01,35.0,Clay
Jaume Munar,2023-04-01,39.4,Clay
Jaume Munar,2023-05-01,45.0,Clay
Jaume Munar,2023-07-01,47.5,Clay
Jaume Munar,2023-10-01,51.7,Clay
Jaume Munar,2024-01-01,50.0,Clay
Jaume Munar,2024-02-01,51.3,Clay
Jaume Munar,2024-03-01,47.5,Clay
Jaume Munar,2024-04-01,44.3,Clay
Jaume Munar,2024-05-01,44.0,Clay
Jaume Munar,2024-06-01,40.0,Clay
Jaume Munar,2024-07-01,35.0,Clay
Jaume Munar,2024-08-01,28.3,Clay
Jaume Munar,2024-10-01,28.3,Clay
Jaume Munar,2024-12-01,31.3,Clay
Jaume Munar,2025-01-01,30.0,Clay
Jaume Munar,2025-02-01,38.3,Clay
Jaume Munar,2025-03-01,47.0,Clay
Jaume Munar,2025-04-01,51.7,Clay
Jaume Munar,2025-05-01,52.9,Clay
Jaume Munar,2025-06-01,47.5,Clay
Jaume Munar,2025-07-01,48.8,Clay
Jaume Munar,2025-08-01,51.3,Clay
Jaume Munar,2025-09-01,50.0,Clay
Jaume Munar,2025-10-01,56.7,Clay
Jaume Munar,2025-11-01,58.3,Clay
Jenson Brooksby,2021-10-01,68.3,Grass
Jenson Brooksby,2022-02-01,69.0,Grass
Jenson Brooksby,2022-03-01,66.9,Grass
Jenson Brooksby,2022-04-01,65.0,Grass
Jenson Brooksby,2022-05-01,61.0,Grass
Jenson Brooksby,2022-06-01,52.1,Grass
Jenson Brooksby,2022-07-01,52.0,Grass
Jenson Brooksby,2022-08-01,49.3,Grass
Jenson Brooksby,2022-09-01,57.5,Grass
Jenson Brooksby,2022-10-01,53.3,Grass
Jenson Brooksby,2023-01-01,52.1,Grass
Jenson Brooksby,2025-01-01,55.0,Grass
Jenson Brooksby,2025-02-01,50.0,Grass
Jenson Brooksby,2025-03-01,52.2,Grass
Jenson Brooksby,2025-05-01,65.0,Grass
Jenson Brooksby,2025-06-01,62.5,Grass
Jenson Brooksby,2025-07-01,62.5,Grass
Jenson Brooksby,2025-08-01,63.0,Grass
Jenson Brooksby,2025-09-01,58.8,Grass
Jenson Brooksby,2025-10-01,58.8,Grass
Jeremy Chardy,2015-04-01,50.0,Hard
Jeremy Chardy,2015-05-01,46.4,Hard
Jeremy Chardy,2015-06-01,45.0,Hard
Jeremy Chardy,2015-07-01,40.0,Hard
Jeremy Chardy,2015-08-01,50.0,Hard
Jeremy Chardy,2015-09-01,55.0,Hard
Jeremy Chardy,2015-10-01,56.4,Hard
Jeremy Chardy,2015-11-01,57.5,Hard
Jeremy Chardy,2016-01-01,56.3,Hard
Jeremy Chardy,2016-02-01,55.8,Hard
Jeremy Chardy,2016-03-01,47.5,Hard
Jeremy Chardy,2016-04-01,50.0,Hard
Jeremy Chardy,2016-05-01,46.4,Hard
Jeremy Chardy,2016-06-01,45.0,Hard
Jeremy Chardy,2016-07-01,40.0,Hard
Jeremy Chardy,2016-08-01,40.0,Hard
Jeremy Chardy,2017-01-01,40.0,Hard
Jeremy Chardy,2017-02-01,40.0,Hard
Jeremy Chardy,2017-03-01,43.0,Hard
Jeremy Chardy,2017-04-01,56.4,Hard
Jeremy Chardy,2017-05-01,55.0,Hard
Jeremy Chardy,2017-06-01,53.0,Hard
Jeremy Chardy,2017-07-01,50.0,Hard
Jeremy Chardy,2017-08-01,45.0,Hard
Jeremy Chardy,2017-09-01,45.0,Hard
Jeremy Chardy,2017-10-01,38.0,Hard
Jeremy Chardy,2018-01-01,35.0,Hard
Jeremy Chardy,2018-02-01,37.0,Hard
Jeremy Chardy,2018-03-01,44.4,Hard
Jeremy Chardy,2018-04-01,52.5,Hard
Jeremy Chardy,2018-05-01,57.5,Hard
Jeremy Chardy,2018-06-01,65.0,Hard
Jeremy Chardy,2018-07-01,60.0,Hard
Jeremy Chardy,2018-08-01,57.0,Hard
Jeremy Chardy,2018-10-01,50.0,Hard
Jeremy Chardy,2018-11-01,40.0,Hard
Jeremy Chardy,2018-12-01,40.0,Hard
Jeremy Chardy,2019-01-01,40.0,Hard
Jeremy Chardy,2019-02-01,45.0,Hard
Jeremy Chardy,2019-03-01,41.3,Hard
Jeremy Chardy,2019-04-01,42.5,Hard
Jeremy Chardy,2019-05-01,42.9,Hard
Jeremy Chardy,2019-06-01,36.7,Hard
Jeremy Chardy,2019-07-01,46.4,Hard
Jeremy Chardy,2019-08-01,50.0,Hard
Jeremy Chardy,2019-09-01,55.0,Hard
Jeremy Chardy,2019-10-01,58.8,Hard
Jeremy Chardy,2020-01-01,56.0,Hard
Jeremy Chardy,2020-08-01,50.0,Hard
Jeremy Chardy,2020-09-01,45.0,Hard
Jeremy Chardy,2021-01-01,51.2,Hard
Jeremy Chardy,2021-02-01,56.7,Hard
Jeremy Chardy,2021-03-01,56.1,Hard
Jeremy Chardy,2021-04-01,59.2,Hard
Jeremy Chardy,2021-05-01,47.5,Hard
Jeremy Chardy,2021-06-01,41.3,Hard
Jeremy Chardy,2021-07-01,43.8,Hard
Jeremy Chardy,2021-08-01,40.0,Hard
Jeremy Chardy,2023-01-01,42.5,Hard
Jeremy Chardy,2023-04-01,40.0,Hard
Jeremy Chardy,2023-05-01,35.0,Hard
Jeremy Chardy,2023-07-01,35.0,Hard
Jerzy Janowicz,2015-05-01,56.7,Hard
Jerzy Janowicz,2015-06-01,50.8,Hard
Jerzy Janowicz,2015-07-01,43.3,Hard
Jerzy Janowicz,2015-08-01,44.3,Hard
Jerzy Janowicz,2015-09-01,47.5,Hard
Jerzy Janowicz,2015-10-01,45.0,Hard
Jerzy Janowicz,2016-01-01,45.0,Hard
Jerzy Janowicz,2016-08-01,40.0,Hard
Jerzy Janowicz,2017-01-01,35.0,Hard
Jerzy Janowicz,2017-02-01,37.5,Hard
Jerzy Janowicz,2017-05-01,35.0,Hard
Jerzy Janowicz,2017-06-01,36.7,Hard
Jerzy Janowicz,2017-07-01,38.3,Hard
Jerzy Janowicz,2017-10-01,40.0,Hard
Jerzy Janowicz,2020-03-01,45.0,Hard
Jiri Lehecka,2022-07-01,35.0,Grass
Jiri Lehecka,2022-08-01,35.0,Grass
Jiri Lehecka,2022-09-01,32.5,Grass
Jiri Lehecka,2022-10-01,35.0,Grass
Jiri Lehecka,2022-11-01,41.0,Grass
Jiri Lehecka,2023-01-01,52.8,Grass
Jiri Lehecka,2023-02-01,65.7,Grass
Jiri Lehecka,2023-03-01,67.0,Grass
Jiri Lehecka,2023-04-01,67.9,Grass
Jiri Lehecka,2023-05-01,58.3,Grass
Jiri Lehecka,2023-06-01,51.2,Grass
Jiri Lehecka,2023-07-01,55.8,Grass
Jiri Lehecka,2023-08-01,53.9,Grass
Jiri Lehecka,2023-09-01,63.0,Grass
Jiri Lehecka,2023-10-01,55.0,Grass
Jiri Lehecka,2023-11-01,50.0,Grass
Jiri Lehecka,2024-01-01,50.0,Grass
Jiri Lehecka,2024-02-01,52.1,Grass
Jiri Lehecka,2024-03-01,62.0,Grass
Jiri Lehecka,2024-04-01,69.0,Grass
Jiri Lehecka,2024-08-01,65.0,Grass
Jiri Lehecka,2024-09-01,62.0,Grass
Jiri Lehecka,2024-10-01,60.0,Grass
Jiri Lehecka,2024-11-01,55.0,Grass
Jiri Lehecka,2024-12-01,61.0,Grass
Jiri Lehecka,2025-01-01,72.0,Grass
Jiri Lehecka,2025-02-01,72.9,Grass
Jiri Lehecka,2025-03-01,67.5,Grass
Jiri Lehecka,2025-04-01,65.0,Grass
Jiri Lehecka,2025-05-01,52.1,Grass
Jiri Lehecka,2025-06-01,53.0,Grass
Jiri Lehecka,2025-07-01,64.0,Grass
Jiri Lehecka,2025-08-01,68.1,Grass
Jiri Lehecka,2025-09-01,70.0,Grass
Jiri Lehecka,2025-10-01,71.1,Grass
Jiri Lehecka,2025-11-01,65.0,Grass
Jiri Vesely,2015-04-01,50.0,Grass
Jiri Vesely,2015-05-01,36.3,Grass
Jiri Vesely,2015-06-01,41.0,Grass
Jiri Vesely,2015-07-01,41.7,Grass
Jiri Vesely,2015-08-01,36.4,Grass
Jiri Vesely,2015-09-01,41.0,Grass
Jiri Vesely,2015-10-01,46.0,Grass
Jiri Vesely,2015-11-01,45.0,Grass
Jiri Vesely,2016-01-01,42.5,Grass
Jiri Vesely,2016-02-01,41.3,Grass
Jiri Vesely,2016-03-01,37.5,Grass
Jiri Vesely,2016-04-01,39.0,Grass
Jiri Vesely,2016-05-01,43.3,Grass
Jiri Vesely,2016-06-01,55.0,Grass
Jiri Vesely,2016-07-01,52.5,Grass
Jiri Vesely,2016-08-01,48.3,Grass
Jiri Vesely,2016-09-01,51.7,Grass
Jiri Vesely,2016-10-01,52.5,Grass
Jiri Vesely,2017-01-01,50.8,Grass
Jiri Vesely,2017-02-01,50.0,Grass
Jiri Vesely,2017-03-01,49.0,Grass
Jiri Vesely,2017-04-01,51.9,Grass
Jiri Vesely,2017-05-01,55.0,Grass
Jiri Vesely,2017-06-01,55.0,Grass
Jiri Vesely,2017-07-01,56.0,Grass
Jiri Vesely,2017-08-01,48.3,Grass
Jiri Vesely,2017-09-01,47.5,Grass
Jiri Vesely,2017-10-01,43.8,Grass
Jiri Vesely,2018-01-01,40.8,Grass
Jiri Vesely,2018-02-01,32.5,Grass
Jiri Vesely,2018-03-01,30.0,Grass
Jiri Vesely,2018-04-01,38.0,Grass
Jiri Vesely,2018-05-01,35.0,Grass
Jiri Vesely,2018-06-01,45.0,Grass
Jiri Vesely,2018-07-01,50.8,Grass
Jiri Vesely,2018-09-01,53.8,Grass
Jiri Vesely,2018-10-01,52.5,Grass
Jiri Vesely,2018-12-01,50.0,Grass
Jiri Vesely,2019-01-01,50.0,Grass
Jiri Vesely,2019-02-01,50.0,Grass
Jiri Vesely,2019-04-01,46.7,Grass
Jiri Vesely,2019-05-01,37.5,Grass
Jiri Vesely,2019-07-01,42.1,Grass
Jiri Vesely,2019-08-01,40.0,Grass
Jiri Vesely,2019-09-01,42.5,Grass
Jiri Vesely,2020-02-01,52.5,Grass
Jiri Vesely,2020-03-01,57.5,Grass
Jiri Vesely,2020-08-01,60.0,Grass
Jiri Vesely,2020-09-01,61.3,Grass
Jiri Vesely,2020-10-01,63.0,Grass
Jiri Vesely,2021-01-01,60.0,Grass
Jiri Vesely,2021-02-01,60.6,Grass
Jiri Vesely,2021-03-01,50.0,Grass
Jiri Vesely,2021-04-01,50.0,Grass
Jiri Vesely,2021-05-01,48.3,Grass
Jiri Vesely,2021-06-01,46.3,Grass
Jiri Vesely,2021-07-01,44.0,Grass
Jiri Vesely,2021-08-01,35.0,Grass
Jiri Vesely,2021-09-01,35.0,Grass
Jiri Vesely,2021-11-01,30.0,Grass
Jiri Vesely,2022-01-01,28.0,Grass
Jiri Vesely,2022-02-01,33.3,Grass
Jiri Vesely,2022-04-01,32.5,Grass
Jiri Vesely,2022-05-01,30.0,Grass
Jiri Vesely,2022-06-01,35.0,Grass
Jiri Vesely,2022-07-01,40.0,Grass
Jiri Vesely,2022-08-01,40.0,Grass
Jiri Vesely,2023-05-01,40.0,Grass
Jiri Vesely,2023-07-01,45.0,Grass
Jiri Vesely,2023-08-01,48.3,Grass
Jiri Vesely,2023-09-01,45.0,Grass
Jiri Vesely,2024-01-01,40.0,Grass
Jo-Wilfried Tsonga,2015-06-01,65.0,Hard
Jo-Wilfried Tsonga,2015-07-01,60.0,Hard
Jo-Wilfried Tsonga,2015-08-01,65.0,Hard
Jo-Wilfried Tsonga,2015-09-01,68.8,Hard
Jo-Wilfried Tsonga,2015-10-01,72.2,Hard
Jo-Wilfried Tsonga,2015-11-01,75.0,Hard
Jo-Wilfried Tsonga,2016-01-01,74.3,Hard
Jo-Wilfried Tsonga,2016-02-01,66.7,Hard
Jo-Wilfried Tsonga,2016-03-01,64.3,Hard
Jo-Wilfried Tsonga,2016-04-01,66.3,Hard
Jo-Wilfried Tsonga,2016-05-01,64.0,Hard
Jo-Wilfried Tsonga,2016-06-01,69.0,Hard
Jo-Wilfried Tsonga,2016-07-01,65.0,Hard
Jo-Wilfried Tsonga,2016-08-01,65.6,Hard
Jo-Wilfried Tsonga,2016-10-01,70.8,Hard
Jo-Wilfried Tsonga,2017-01-01,75.0,Hard
Jo-Wilfried Tsonga,2017-02-01,76.7,Hard
Jo-Wilfried Tsonga,2017-03-01,80.0,Hard
Jo-Wilfried Tsonga,2017-04-01,75.0,Hard
Jo-Wilfried Tsonga,2017-05-01,76.4,Hard
Jo-Wilfried Tsonga,2017-06-01,75.0,Hard
Jo-Wilfried Tsonga,2017-07-01,73.3,Hard
Jo-Wilfried Tsonga,2017-08-01,60.0,Hard
Jo-Wilfried Tsonga,2017-09-01,57.5,Hard
Jo-Wilfried Tsonga,2017-10-01,66.0,Hard
Jo-Wilfried Tsonga,2017-11-01,65.0,Hard
Jo-Wilfried Tsonga,2018-01-01,71.7,Hard
Jo-Wilfried Tsonga,2018-02-01,73.3,Hard
Jo-Wilfried Tsonga,2018-09-01,65.0,Hard
Jo-Wilfried Tsonga,2018-10-01,62.5,Hard
Jo-Wilfried Tsonga,2018-11-01,50.0,Hard
Jo-Wilfried Tsonga,2018-12-01,48.8,Hard
Jo-Wilfried Tsonga,2019-01-01,50.0,Hard
Jo-Wilfried Tsonga,2019-02-01,57.2,Hard
Jo-Wilfried Tsonga,2019-04-01,67.0,Hard
Jo-Wilfried Tsonga,2019-05-01,65.0,Hard
Jo-Wilfried Tsonga,2019-06-01,60.0,Hard
Jo-Wilfried Tsonga,2019-07-01,55.0,Hard
Jo-Wilfried Tsonga,2019-08-01,47.5,Hard
Jo-Wilfried Tsonga,2019-09-01,57.0,Hard
Jo-Wilfried Tsonga,2019-10-01,62.9,Hard
Jo-Wilfried Tsonga,2019-11-01,62.5,Hard
Jo-Wilfried Tsonga,2020-01-01,57.5,Hard
Jo-Wilfried Tsonga,2021-02-01,50.0,Hard
Jo-Wilfried Tsonga,2021-03-01,55.0,Hard
Jo-Wilfried Tsonga,2021-04-01,50.0,Hard
Jo-Wilfried Tsonga,2021-05-01,42.5,Hard
Jo-Wilfried Tsonga,2021-06-01,32.5,Hard
Jo-Wilfried Tsonga,2022-01-01,30.0,Hard
Jo-Wilfried Tsonga,2022-02-01,28.3,Hard
Jo-Wilfried Tsonga,2022-03-01,20.0,Hard
Jo-Wilfried Tsonga,2022-04-01,20.0,Hard
Jo-Wilfried Tsonga,2022-05-01,15.0,Hard
Joao Fonseca,2024-12-01,60.0,Hard
Joao Fonseca,2025-01-01,62.5,Hard
Joao Fonseca,2025-02-01,65.7,Hard
Joao Fonseca,2025-03-01,74.0,Hard
Joao Fonseca,2025-04-01,72.5,Hard
Joao Fonseca,2025-05-01,63.7,Hard
Joao Fonseca,2025-06-01,58.3,Hard
Joao Fonseca,2025-07-01,50.0,Hard
Joao Fonseca,2025-08-01,52.0,Hard
Joao Fonseca,2025-09-01,53.3,Hard
Joao Fonseca,2025-10-01,63.7,Hard
Joao Sousa,2015-04-01,45.0,Clay
Joao Sousa,2015-05-01,47.0,Clay
Joao Sousa,2015-06-01,48.3,Clay
Joao Sousa,2015-07-01,59.0,Clay
Joao Sousa,2015-08-01,56.0,Clay
Joao Sousa,2015-09-01,57.2,Clay
Joao Sousa,2015-10-01,52.2,Clay
Joao Sousa,2016-01-01,65.0,Clay
Joao Sousa,2016-02-01,53.8,Clay
Joao Sousa,2016-03-01,48.0,Clay
Joao Sousa,2016-04-01,43.0,Clay
Joao Sousa,2016-05-01,41.7,Clay
Joao Sousa,2016-06-01,50.0,Clay
Joao Sousa,2016-07-01,55.0,Clay
Joao Sousa,2016-08-01,45.7,Clay
Joao Sousa,2016-09-01,45.0,Clay
Joao Sousa,2016-10-01,45.0,Clay
Joao Sousa,2017-01-01,52.5,Clay
Joao Sousa,2017-02-01,55.0,Clay
Joao Sousa,2017-03-01,58.3,Clay
Joao Sousa,2017-04-01,60.0,Clay
Joao Sousa,2017-05-01,45.0,Clay
Joao Sousa,2017-06-01,35.0,Clay
Joao Sousa,2017-07-01,35.0,Clay
Joao Sousa,2017-08-01,40.0,Clay
Joao Sousa,2017-09-01,40.0,Clay
Joao Sousa,2017-10-01,40.6,Clay
Joao Sousa,2018-01-01,32.5,Clay
Joao Sousa,2018-02-01,35.0,Clay
Joao Sousa,2018-03-01,43.6,Clay
Joao Sousa,2018-04-01,60.4,Clay
Joao Sousa,2018-05-01,72.5,Clay
Joao Sousa,2018-06-01,67.5,Clay
Joao Sousa,2018-07-01,58.3,Clay
Joao Sousa,2018-08-01,45.0,Clay
Joao Sousa,2018-09-01,40.0,Clay
Joao Sousa,2018-10-01,38.8,Clay
Joao Sousa,2019-01-01,45.0,Clay
Joao Sousa,2019-02-01,47.1,Clay
Joao Sousa,2019-03-01,40.0,Clay
Joao Sousa,2019-04-01,40.0,Clay
Joao Sousa,2019-05-01,35.8,Clay
Joao Sousa,2019-06-01,33.8,Clay
Joao Sousa,2019-07-01,45.5,Clay
Joao Sousa,2019-08-01,48.3,Clay
Joao Sousa,2019-09-01,56.0,Clay
Joao Sousa,2019-10-01,51.7,Clay
Joao Sousa,2020-01-01,42.5,Clay
Joao Sousa,2020-02-01,35.0,Clay
Joao Sousa,2020-03-01,40.0,Clay
Joao Sousa,2020-08-01,40.0,Clay
Joao Sousa,2020-09-01,33.3,Clay
Joao Sousa,2021-02-01,25.0,Clay
Joao Sousa,2021-03-01,18.8,Clay
Joao Sousa,2021-04-01,13.3,Clay
Joao Sousa,2021-05-01,10.0,Clay
Joao Sousa,2021-06-01,10.0,Clay
Joao Sousa,2021-07-01,10.0,Clay
Joao Sousa,2021-09-01,15.0,Clay
Joao Sousa,2021-10-01,10.0,Clay
Joao Sousa,2022-01-01,22.5,Clay
Joao Sousa,2022-02-01,35.0,Clay
Joao Sousa,2022-03-01,30.0,Clay
Joao Sousa,2022-04-01,35.0,Clay
Joao Sousa,2022-05-01,50.7,Clay
Joao Sousa,2022-06-01,53.3,Clay
Joao Sousa,2022-07-01,40.0,Clay
Joao Sousa,2022-08-01,36.7,Clay
Joao Sousa,2022-09-01,42.5,Clay
Joao Sousa,2022-10-01,32.5,Clay
Joao Sousa,2023-01-01,25.0,Clay
Joao Sousa,2023-02-01,26.3,Clay
Joao Sousa,2023-04-01,30.0,Clay
Joao Sousa,2023-09-01,30.0,Clay
Joao Sousa,2024-02-01,30.0,Clay
Joao Sousa,2024-04-01,25.0,Clay
John Isner,2015-04-01,55.0,Grass
John Isner,2015-05-01,62.9,Grass
John Isner,2015-06-01,64.2,Grass
John Isner,2015-07-01,65.0,Grass
John Isner,2015-08-01,71.4,Grass
John Isner,2015-10-01,69.5,Grass
John Isner,2015-11-01,63.3,Grass
John Isner,2016-01-01,65.0,Grass
John Isner,2016-02-01,57.5,Grass
John Isner,2016-03-01,60.0,Grass
John Isner,2016-04-01,61.7,Grass
John Isner,2016-05-01,58.0,Grass
John Isner,2016-06-01,58.0,Grass
John Isner,2016-07-01,60.0,Grass
John Isner,2016-08-01,62.2,Grass
John Isner,2016-10-01,60.0,Grass
John Isner,2017-01-01,61.3,Grass
John Isner,2017-02-01,60.0,Grass
John Isner,2017-03-01,61.3,Grass
John Isner,2017-04-01,57.5,Grass
John Isner,2017-05-01,56.1,Grass
John Isner,2017-06-01,53.3,Grass
John Isner,2017-07-01,63.0,Grass
John Isner,2017-08-01,72.7,Grass
John Isner,2017-09-01,75.0,Grass
John Isner,2017-10-01,67.3,Grass
John Isner,2018-01-01,55.0,Grass
John Isner,2018-02-01,53.0,Grass
John Isner,2018-03-01,52.1,Grass
John Isner,2018-04-01,61.7,Grass
John Isner,2018-05-01,63.5,Grass
John Isner,2018-07-01,72.7,Grass
John Isner,2018-08-01,71.9,Grass
John Isner,2018-09-01,67.5,Grass
John Isner,2018-10-01,60.7,Grass
John Isner,2018-11-01,46.7,Grass
John Isner,2019-01-01,40.0,Grass
John Isner,2019-02-01,45.5,Grass
John Isner,2019-03-01,61.7,Grass
John Isner,2019-07-01,73.9,Grass
John Isner,2019-08-01,68.6,Grass
John Isner,2019-09-01,59.2,Grass
John Isner,2019-10-01,56.3,Grass
John Isner,2020-01-01,47.2,Grass
John Isner,2020-02-01,50.0,Grass
John Isner,2020-08-01,50.0,Grass
John Isner,2020-09-01,50.0,Grass
John Isner,2021-01-01,55.0,Grass
John Isner,2021-03-01,57.0,Grass
John Isner,2021-05-01,60.0,Grass
John Isner,2021-06-01,55.0,Grass
John Isner,2021-07-01,63.1,Grass
John Isner,2021-08-01,75.0,Grass
John Isner,2021-09-01,65.0,Grass
John Isner,2021-10-01,70.0,Grass
John Isner,2021-11-01,62.5,Grass
John Isner,2022-01-01,54.0,Grass
John Isner,2022-02-01,41.0,Grass
John Isner,2022-03-01,37.5,Grass
John Isner,2022-04-01,43.8,Grass
John Isner,2022-05-01,54.3,Grass
John Isner,2022-06-01,60.0,Grass
John Isner,2022-07-01,61.0,Grass
John Isner,2022-08-01,63.3,Grass
John Isner,2022-10-01,62.5,Grass
John Isner,2023-01-01,57.5,Grass
John Isner,2023-02-01,58.3,Grass
John Isner,2023-03-01,50.0,Grass
John Isner,2023-04-01,45.0,Grass
John Isner,2023-05-01,45.0,Grass
John Isner,2023-07-01,40.6,Grass
John Isner,2023-08-01,41.7,Grass
John Millman,2016-01-01,40.0,Hard
John Millman,2016-02-01,44.3,Hard
John Millman,2016-03-01,48.8,Hard
John Millman,2016-05-01,45.0,Hard
John Millman,2016-06-01,47.1,Hard
John Millman,2016-07-01,45.0,Hard
John Millman,2016-08-01,49.5,Hard
John Millman,2016-09-01,50.0,Hard
John Millman,2016-10-01,50.0,Hard
John Millman,2017-05-01,45.0,Hard
John Millman,2017-07-01,43.3,Hard
John Millman,2017-08-01,45.0,Hard
John Millman,2017-09-01,42.5,Hard
John Millman,2018-01-01,40.8,Hard
John Millman,2018-02-01,35.0,Hard
John Millman,2018-03-01,40.0,Hard
John Millman,2018-04-01,51.7,Hard
John Millman,2018-05-01,45.0,Hard
John Millman,2018-06-01,48.0,Hard
John Millman,2018-07-01,50.0,Hard
John Millman,2018-08-01,48.3,Hard
John Millman,2018-10-01,50.0,Hard
John Millman,2018-12-01,52.5,Hard
John Millman,2019-01-01,52.0,Hard
John Millman,2019-02-01,52.5,Hard
John Millman,2019-03-01,42.5,Hard
John Millman,2019-04-01,42.0,Hard
John Millman,2019-05-01,40.8,Hard
John Millman,2019-06-01,31.7,Hard
John Millman,2019-07-01,32.5,Hard
John Millman,2019-08-01,37.5,Hard
John Millman,2019-09-01,40.8,Hard
John Millman,2019-10-01,50.0,Hard
John Millman,2019-11-01,50.0,Hard
John Millman,2020-01-01,55.6,Hard
John Millman,2020-02-01,55.0,Hard
John Millman,2020-03-01,60.0,Hard
John Millman,2020-08-01,56.3,Hard
John Millman,2020-09-01,53.8,Hard
John Millman,2020-10-01,48.6,Hard
John Millman,2020-11-01,55.0,Hard
John Millman,2021-02-01,50.0,Hard
John Millman,2021-03-01,43.3,Hard
John Millman,2021-04-01,45.6,Hard
John Millman,2021-05-01,41.3,Hard
John Millman,2021-06-01,43.0,Hard
John Millman,2021-07-01,46.7,Hard
John Millman,2021-08-01,49.2,Hard
John Millman,2021-09-01,48.3,Hard
John Millman,2021-10-01,55.0,Hard
John Millman,2021-11-01,52.5,Hard
John Millman,2022-01-01,48.8,Hard
John Millman,2022-02-01,46.7,Hard
John Millman,2022-03-01,43.3,Hard
John Millman,2022-04-01,38.3,Hard
John Millman,2022-05-01,30.0,Hard
John Millman,2022-06-01,35.0,Hard
John Millman,2022-07-01,37.5,Hard
John Millman,2022-08-01,38.3,Hard
John Millman,2023-01-01,33.8,Hard
Jordan Thompson,2017-01-01,35.0,Grass
Jordan Thompson,2017-02-01,39.0,Grass
Jordan Thompson,2017-03-01,40.0,Grass
Jordan Thompson,2017-04-01,45.0,Grass
Jordan Thompson,2017-05-01,48.0,Grass
Jordan Thompson,2017-06-01,45.0,Grass
Jordan Thompson,2017-07-01,41.7,Grass
Jordan Thompson,2017-08-01,42.5,Grass
Jordan Thompson,2017-09-01,35.0,Grass
Jordan Thompson,2017-10-01,35.0,Grass
Jordan Thompson,2018-01-01,30.0,Grass
Jordan Thompson,2018-04-01,30.0,Grass
Jordan Thompson,2018-05-01,25.0,Grass
Jordan Thompson,2018-06-01,20.0,Grass
Jordan Thompson,2018-07-01,20.0,Grass
Jordan Thompson,2018-08-01,20.0,Grass
Jordan Thompson,2018-09-01,15.0,Grass
Jordan Thompson,2018-12-01,20.0,Grass
Jordan Thompson,2019-01-01,23.0,Grass
Jordan Thompson,2019-02-01,36.7,Grass
Jordan Thompson,2019-03-01,49.2,Grass
Jordan Thompson,2019-04-01,60.0,Grass
Jordan Thompson,2019-05-01,56.3,Grass
Jordan Thompson,2019-06-01,63.1,Grass
Jordan Thompson,2019-07-01,58.3,Grass
Jordan Thompson,2019-08-01,51.2,Grass
Jordan Thompson,2019-09-01,48.8,Grass
Jordan Thompson,2020-01-01,37.5,Grass
Jordan Thompson,2020-02-01,38.8,Grass
Jordan Thompson,2020-03-01,45.0,Grass
Jordan Thompson,2020-08-01,47.5,Grass
Jordan Thompson,2020-09-01,51.7,Grass
Jordan Thompson,2020-10-01,45.0,Grass
Jordan Thompson,2020-11-01,51.7,Grass
Jordan Thompson,2021-02-01,55.0,Grass
Jordan Thompson,2021-03-01,48.3,Grass
Jordan Thompson,2021-04-01,45.0,Grass
Jordan Thompson,2021-05-01,45.0,Grass
Jordan Thompson,2021-06-01,43.5,Grass
Jordan Thompson,2021-07-01,56.0,Grass
Jordan Thompson,2021-08-01,62.0,Grass
Jordan Thompson,2021-10-01,55.0,Grass
Jordan Thompson,2022-01-01,51.0,Grass
Jordan Thompson,2022-02-01,45.0,Grass
Jordan Thompson,2022-03-01,41.3,Grass
Jordan Thompson,2022-04-01,40.0,Grass
Jordan Thompson,2022-05-01,35.0,Grass
Jordan Thompson,2022-06-01,36.7,Grass
Jordan Thompson,2022-07-01,32.5,Grass
Jordan Thompson,2022-08-01,33.8,Grass
Jordan Thompson,2022-11-01,35.0,Grass
Jordan Thompson,2023-01-01,32.5,Grass
Jordan Thompson,2023-02-01,31.7,Grass
Jordan Thompson,2023-03-01,33.8,Grass
Jordan Thompson,2023-04-01,35.0,Grass
Jordan Thompson,2023-05-01,30.0,Grass
Jordan Thompson,2023-06-01,43.3,Grass
Jordan Thompson,2023-07-01,52.0,Grass
Jordan Thompson,2023-08-01,60.0,Grass
Jordan Thompson,2023-09-01,55.0,Grass
Jordan Thompson,2023-10-01,51.2,Grass
Jordan Thompson,2023-11-01,45.0,Grass
Jordan Thompson,2024-01-01,50.0,Grass
Jordan Thompson,2024-02-01,57.5,Grass
Jordan Thompson,2024-03-01,62.5,Grass
Jordan Thompson,2024-04-01,61.7,Grass
Jordan Thompson,2024-05-01,52.5,Grass
Jordan Thompson,2024-06-01,51.0,Grass
Jordan Thompson,2024-07-01,49.4,Grass
Jordan Thompson,2024-08-01,61.1,Grass
Jordan Thompson,2024-09-01,61.7,Grass
Jordan Thompson,2024-10-01,60.0,Grass
Jordan Thompson,2024-12-01,60.0,Grass
Jordan Thompson,2025-01-01,60.0,Grass
Jordan Thompson,2025-03-01,55.0,Grass
Jordan Thompson,2025-04-01,50.0,Grass
Jordan Thompson,2025-05-01,51.7,Grass
Jordan Thompson,2025-06-01,48.6,Grass
Jordan Thompson,2025-08-01,45.0,Grass
Jordan Thompson,2025-09-01,40.0,Grass
Jordan Thompson,2025-10-01,40.0,Grass
Juan Ignacio Londero,2019-05-01,57.5,Clay
Juan Ignacio Londero,2019-06-01,52.5,Clay
Juan Ignacio Londero,2019-07-01,54.0,Clay
Juan Ignacio Londero,2019-08-01,60.0,Clay
Juan Ignacio Londero,2019-09-01,52.5,Clay
Juan Ignacio Londero,2019-10-01,43.3,Clay
Juan Ignacio Londero,2020-01-01,40.0,Clay
Juan Ignacio Londero,2020-02-01,38.0,Clay
Juan Ignacio Londero,2020-03-01,37.5,Clay
Juan Ignacio Londero,2020-08-01,40.0,Clay
Juan Ignacio Londero,2020-09-01,43.3,Clay
Juan Ignacio Londero,2021-02-01,45.0,Clay
Juan Ignacio Londero,2021-03-01,40.0,Clay
Juan Ignacio Londero,2021-04-01,31.3,Clay
Juan Ignacio Londero,2021-05-01,20.0,Clay
Juan Ignacio Londero,2021-06-01,20.0,Clay
Juan Ignacio Londero,2021-07-01,20.0,Clay
Juan Ignacio Londero,2022-01-01,23.8,Clay
Juan Ignacio Londero,2022-02-01,21.3,Clay
Juan Ignacio Londero,2022-05-01,20.0,Clay
Juan Martin del Potro,2016-06-01,60.8,Hard
Juan Martin del Potro,2016-08-01,67.3,Hard
Juan Martin del Potro,2016-09-01,75.0,Hard
Juan Martin del Potro,2016-10-01,76.7,Hard
Juan Martin del Potro,2016-11-01,80.0,Hard
Juan Martin del Potro,2017-02-01,80.0,Hard
Juan Martin del Potro,2017-03-01,75.0,Hard
Juan Martin del Potro,2017-05-01,67.3,Hard
Juan Martin del Potro,2017-07-01,57.5,Hard
Juan Martin del Potro,2017-08-01,61.8,Hard
Juan Martin del Potro,2017-10-01,74.5,Hard
Juan Martin del Potro,2018-01-01,80.0,Hard
Juan Martin del Potro,2018-02-01,75.7,Hard
Juan Martin del Potro,2018-03-01,82.3,Hard
Juan Martin del Potro,2018-05-01,84.5,Hard
Juan Martin del Potro,2018-07-01,76.7,Hard
Juan Martin del Potro,2018-08-01,77.5,Hard
Juan Martin del Potro,2018-10-01,78.6,Hard
Juan Martin del Potro,2019-02-01,75.0,Hard
Juan Martin del Potro,2019-05-01,70.0,Hard
Juan Martin del Potro,2019-06-01,65.0,Hard
Juan Martin del Potro,2022-02-01,60.0,Hard
Juan Monaco,2015-03-01,60.0,Clay
Juan Monaco,2015-04-01,66.3,Clay
Juan Monaco,2015-05-01,65.0,Clay
Juan Monaco,2015-06-01,56.7,Clay
Juan Monaco,2015-07-01,48.3,Clay
Juan Monaco,2015-08-01,45.0,Clay
Juan Monaco,2016-02-01,45.0,Clay
Juan Monaco,2016-03-01,40.0,Clay
Juan Monaco,2016-04-01,46.0,Clay
Juan Monaco,2016-05-01,53.6,Clay
Juan Monaco,2016-06-01,60.0,Clay
Juan Monaco,2016-07-01,55.0,Clay
Juan Monaco,2016-08-01,59.0,Clay
Juan Monaco,2016-09-01,52.5,Clay
Juan Monaco,2016-10-01,50.0,Clay
Juan Monaco,2017-03-01,42.5,Clay
Juan Monaco,2017-04-01,35.0,Clay
Julien Benneteau,2016-08-01,26.3,Hard
Julien Benneteau,2016-09-01,33.3,Hard
Julien Benneteau,2016-10-01,35.0,Hard
Julien Benneteau,2017-02-01,38.3,Hard
Julien Benneteau,2017-03-01,40.0,Hard
Julien Benneteau,2017-04-01,40.0,Hard
Julien Benneteau,2017-05-01,40.0,Hard
Julien Benneteau,2017-06-01,42.0,Hard
Julien Benneteau,2017-07-01,35.0,Hard
Julien Benneteau,2017-08-01,40.0,Hard
Julien Benneteau,2017-09-01,35.0,Hard
Julien Benneteau,2017-10-01,46.5,Hard
Julien Benneteau,2018-01-01,56.7,Hard
Julien Benneteau,2018-02-01,57.5,Hard
Julien Benneteau,2018-03-01,55.0,Hard
Julien Benneteau,2018-04-01,55.0,Hard
Julien Benneteau,2018-05-01,53.3,Hard
Julien Benneteau,2018-06-01,52.5,Hard
Julien Benneteau,2018-07-01,52.5,Hard
Julien Benneteau,2018-08-01,43.3,Hard
Juncheng Shang,2024-01-01,43.3,Hard
Juncheng Shang,2024-02-01,45.0,Hard
Juncheng Shang,2024-03-01,47.5,Hard
Juncheng Shang,2024-04-01,46.7,Hard
Juncheng Shang,2024-05-01,40.0,Hard
Juncheng Shang,2024-06-01,48.3,Hard
Juncheng Shang,2024-07-01,51.2,Hard
Juncheng Shang,2024-08-01,56.7,Hard
Juncheng Shang,2024-09-01,67.5,Hard
Juncheng Shang,2024-10-01,66.3,Hard
Juncheng Shang,2024-11-01,55.0,Hard
Juncheng Shang,2024-12-01,51.4,Hard
Juncheng Shang,2025-01-01,45.0,Hard
Juncheng Shang,2025-07-01,45.0,Hard
Juncheng Shang,2025-08-01,37.5,Hard
Juncheng Shang,2025-09-01,30.0,Hard
Juncheng Shang,2025-10-01,30.0,Hard
Karen Khachanov,2016-10-01,60.0,Grass
Karen Khachanov,2017-01-01,59.0,Grass
Karen Khachanov,2017-02-01,49.0,Grass
Karen Khachanov,2017-03-01,45.0,Grass
Karen Khachanov,2017-04-01,37.5,Grass
Karen Khachanov,2017-05-01,43.5,Grass
Karen Khachanov,2017-06-01,62.5,Grass
Karen Khachanov,2017-07-01,65.0,Grass
Karen Khachanov,2017-08-01,64.0,Grass
Karen Khachanov,2017-09-01,56.7,Grass
Karen Khachanov,2017-10-01,47.0,Grass
Karen Khachanov,2017-11-01,36.7,Grass
Karen Khachanov,2018-01-01,39.0,Grass
Karen Khachanov,2018-02-01,47.3,Grass
Karen Khachanov,2018-03-01,61.7,Grass
Karen Khachanov,2018-04-01,63.0,Grass
Karen Khachanov,2018-05-01,59.2,Grass
Karen Khachanov,2018-06-01,58.3,Grass
Karen Khachanov,2018-07-01,57.0,Grass
Karen Khachanov,2018-08-01,65.0,Grass
Karen Khachanov,2018-09-01,65.0,Grass
Karen Khachanov,2018-10-01,65.9,Grass
Karen Khachanov,2018-12-01,70.0,Grass
Karen Khachanov,2019-01-01,73.3,Grass
Karen Khachanov,2019-02-01,75.0,Grass
Karen Khachanov,2019-03-01,68.0,Grass
Karen Khachanov,2019-04-01,55.0,Grass
Karen Khachanov,2019-05-01,48.0,Grass
Karen Khachanov,2019-06-01,52.5,Grass
Karen Khachanov,2019-07-01,53.8,Grass
Karen Khachanov,2019-08-01,62.9,Grass
Karen Khachanov,2019-09-01,55.0,Grass
Karen Khachanov,2019-10-01,55.6,Grass
Karen Khachanov,2019-11-01,48.8,Grass
Karen Khachanov,2020-01-01,52.2,Grass
Karen Khachanov,2020-02-01,50.8,Grass
Karen Khachanov,2020-08-01,58.3,Grass
Karen Khachanov,2020-09-01,55.7,Grass
Karen Khachanov,2020-10-01,59.2,Grass
Karen Khachanov,2020-11-01,55.0,Grass
Karen Khachanov,2021-02-01,57.1,Grass
Karen Khachanov,2021-03-01,58.3,Grass
Karen Khachanov,2021-04-01,56.7,Grass
Karen Khachanov,2021-05-01,51.2,Grass
Karen Khachanov,2021-06-01,48.1,Grass
Karen Khachanov,2021-07-01,62.5,Grass
Karen Khachanov,2021-08-01,67.5,Grass
Karen Khachanov,2021-09-01,67.5,Grass
Karen Khachanov,2021-10-01,65.6,Grass
Karen Khachanov,2021-11-01,57.5,Grass
Karen Khachanov,2022-01-01,58.9,Grass
Karen Khachanov,2022-02-01,62.5,Grass
Karen Khachanov,2022-03-01,57.5,Grass
Karen Khachanov,2022-04-01,53.8,Grass
Karen Khachanov,2022-05-01,51.5,Grass
Karen Khachanov,2022-06-01,55.0,Grass
Karen Khachanov,2022-07-01,63.3,Grass
Karen Khachanov,2022-08-01,63.6,Grass
Karen Khachanov,2022-10-01,61.7,Grass
Karen Khachanov,2023-01-01,64.1,Grass
Karen Khachanov,2023-02-01,60.0,Grass
Karen Khachanov,2023-03-01,65.0,Grass
Karen Khachanov,2023-04-01,68.3,Grass
Karen Khachanov,2023-05-01,65.8,Grass
Karen Khachanov,2023-08-01,65.0,Grass
Karen Khachanov,2023-09-01,66.0,Grass
Karen Khachanov,2023-10-01,64.0,Grass
Karen Khachanov,2023-11-01,62.5,Grass
Karen Khachanov,2024-01-01,61.0,Grass
Karen Khachanov,2024-02-01,65.0,Grass
Karen Khachanov,2024-03-01,65.0,Grass
Karen Khachanov,2024-04-01,70.0,Grass
Karen Khachanov,2024-05-01,69.0,Grass
Karen Khachanov,2024-06-01,57.5,Grass
Karen Khachanov,2024-07-01,55.0,Grass
Karen Khachanov,2024-08-01,51.0,Grass
Karen Khachanov,2024-09-01,42.5,Grass
Karen Khachanov,2024-10-01,55.7,Grass
Karen Khachanov,2024-12-01,70.0,Grass
Karen Khachanov,2025-01-01,73.3,Grass
Karen Khachanov,2025-02-01,68.8,Grass
Karen Khachanov,2025-03-01,60.0,Grass
Karen Khachanov,2025-04-01,50.7,Grass
Karen Khachanov,2025-05-01,53.1,Grass
Karen Khachanov,2025-06-01,63.2,Grass
Karen Khachanov,2025-07-01,72.5,Grass
Karen Khachanov,2025-08-01,75.0,Grass
Karen Khachanov,2025-09-01,70.0,Grass
Karen Khachanov,2025-10-01,60.0,Grass
Kei Nishikori,2015-03-01,84.3,Clay
Kei Nishikori,2015-04-01,85.0,Clay
Kei Nishikori,2015-05-01,81.3,Clay
Kei Nishikori,2015-06-01,80.0,Clay
Kei Nishikori,2015-08-01,77.0,Clay
Kei Nishikori,2015-09-01,77.5,Clay
Kei Nishikori,2015-10-01,77.5,Clay
Kei Nishikori,2015-11-01,71.0,Clay
Kei Nishikori,2016-01-01,62.1,Clay
Kei Nishikori,2016-02-01,65.0,Clay
Kei Nishikori,2016-03-01,72.9,Clay
Kei Nishikori,2016-04-01,78.0,Clay
Kei Nishikori,2016-05-01,77.9,Clay
Kei Nishikori,2016-06-01,73.3,Clay
Kei Nishikori,2016-07-01,73.0,Clay
Kei Nishikori,2016-08-01,75.7,Clay
Kei Nishikori,2016-10-01,75.6,Clay
Kei Nishikori,2016-11-01,65.0,Clay
Kei Nishikori,2017-01-01,62.5,Clay
Kei Nishikori,2017-02-01,62.0,Clay
Kei Nishikori,2017-03-01,66.3,Clay
Kei Nishikori,2017-05-01,68.5,Clay
Kei Nishikori,2017-06-01,67.5,Clay
Kei Nishikori,2017-07-01,67.9,Clay
Kei Nishikori,2017-08-01,65.0,Clay
Kei Nishikori,2018-02-01,67.0,Clay
Kei Nishikori,2018-03-01,62.5,Clay
Kei Nishikori,2018-04-01,63.6,Clay
Kei Nishikori,2018-05-01,61.7,Clay
Kei Nishikori,2018-06-01,65.0,Clay
Kei Nishikori,2018-07-01,66.9,Clay
Kei Nishikori,2018-08-01,67.2,Clay
Kei Nishikori,2018-09-01,70.0,Clay
Kei Nishikori,2018-10-01,72.8,Clay
Kei Nishikori,2018-11-01,66.7,Clay
Kei Nishikori,2018-12-01,70.0,Clay
Kei Nishikori,2019-01-01,74.0,Clay
Kei Nishikori,2019-02-01,73.3,Clay
Kei Nishikori,2019-03-01,70.0,Clay
Kei Nishikori,2019-04-01,69.0,Clay
Kei Nishikori,2019-05-01,60.0,Clay
Kei Nishikori,2019-07-01,66.0,Clay
Kei Nishikori,2019-08-01,66.0,Clay
Kei Nishikori,2020-09-01,59.2,Clay
Kei Nishikori,2021-02-01,45.0,Clay
Kei Nishikori,2021-03-01,41.5,Clay
Kei Nishikori,2021-04-01,46.7,Clay
Kei Nishikori,2021-05-01,56.7,Clay
Kei Nishikori,2021-06-01,63.7,Clay
Kei Nishikori,2021-07-01,63.7,Clay
Kei Nishikori,2021-08-01,68.0,Clay
Kei Nishikori,2021-10-01,65.0,Clay
Kei Nishikori,2023-07-01,66.7,Clay
Kei Nishikori,2024-03-01,65.0,Clay
Kei Nishikori,2024-05-01,62.5,Clay
Kei Nishikori,2024-07-01,55.0,Clay
Kei Nishikori,2024-08-01,53.8,Clay
Kei Nishikori,2024-09-01,53.0,Clay
Kei Nishikori,2024-10-01,51.7,Clay
Kei Nishikori,2024-12-01,54.0,Clay
Kei Nishikori,2025-01-01,60.0,Clay
Kei Nishikori,2025-02-01,52.5,Clay
Kei Nishikori,2025-03-01,52.5,Clay
Kei Nishikori,2025-04-01,50.0,Clay
Kei Nishikori,2025-05-01,50.0,Clay
Kei Nishikori,2025-08-01,50.0,Clay
Kevin Anderson,2015-03-01,67.5,Grass
Kevin Anderson,2015-04-01,68.8,Grass
Kevin Anderson,2015-05-01,59.3,Grass
Kevin Anderson,2015-06-01,61.7,Grass
Kevin Anderson,2015-08-01,67.0,Grass
Kevin Anderson,2015-10-01,74.0,Grass
Kevin Anderson,2015-11-01,72.5,Grass
Kevin Anderson,2016-01-01,65.0,Grass
Kevin Anderson,2016-02-01,55.0,Grass
Kevin Anderson,2016-05-01,50.0,Grass
Kevin Anderson,2016-06-01,40.0,Grass
Kevin Anderson,2016-07-01,39.0,Grass
Kevin Anderson,2016-08-01,43.8,Grass
Kevin Anderson,2016-09-01,53.3,Grass
Kevin Anderson,2016-10-01,52.9,Grass
Kevin Anderson,2017-02-01,45.0,Grass
Kevin Anderson,2017-03-01,46.3,Grass
Kevin Anderson,2017-04-01,45.0,Grass
Kevin Anderson,2017-05-01,50.4,Grass
Kevin Anderson,2017-06-01,60.0,Grass
Kevin Anderson,2017-07-01,66.7,Grass
Kevin Anderson,2017-08-01,72.9,Grass
Kevin Anderson,2017-10-01,68.1,Grass
Kevin Anderson,2018-01-01,60.0,Grass
Kevin Anderson,2018-02-01,61.7,Grass
Kevin Anderson,2018-03-01,73.1,Grass
Kevin Anderson,2018-04-01,70.0,Grass
Kevin Anderson,2018-05-01,72.8,Grass
Kevin Anderson,2018-06-01,60.0,Grass
Kevin Anderson,2018-07-01,66.4,Grass
Kevin Anderson,2018-08-01,70.5,Grass
Kevin Anderson,2018-09-01,67.5,Grass
Kevin Anderson,2018-10-01,70.4,Grass
Kevin Anderson,2018-11-01,71.3,Grass
Kevin Anderson,2018-12-01,73.8,Grass
Kevin Anderson,2019-01-01,75.0,Grass
Kevin Anderson,2019-03-01,76.3,Grass
Kevin Anderson,2019-06-01,72.5,Grass
Kevin Anderson,2019-07-01,68.3,Grass
Kevin Anderson,2020-01-01,69.0,Grass
Kevin Anderson,2020-02-01,65.0,Grass
Kevin Anderson,2020-08-01,60.0,Grass
Kevin Anderson,2020-09-01,49.0,Grass
Kevin Anderson,2020-10-01,51.2,Grass
Kevin Anderson,2020-11-01,50.0,Grass
Kevin Anderson,2021-02-01,48.8,Grass
Kevin Anderson,2021-03-01,45.0,Grass
Kevin Anderson,2021-04-01,50.0,Grass
Kevin Anderson,2021-05-01,50.0,Grass
Kevin Anderson,2021-06-01,55.0,Grass
Kevin Anderson,2021-07-01,57.5,Grass
Kevin Anderson,2021-08-01,52.5,Grass
Kevin Anderson,2021-09-01,45.0,Grass
Kevin Anderson,2021-10-01,52.5,Grass
Kevin Anderson,2022-01-01,45.0,Grass
Kevin Anderson,2022-02-01,46.7,Grass
Kevin Anderson,2022-03-01,40.0,Grass
Kevin Anderson,2023-07-01,36.3,Grass
Kyle Edmund,2016-05-01,35.0,Hard
Kyle Edmund,2016-06-01,42.5,Hard
Kyle Edmund,2016-07-01,45.0,Hard
Kyle Edmund,2016-08-01,51.9,Hard
Kyle Edmund,2016-09-01,55.0,Hard
Kyle Edmund,2016-10-01,57.5,Hard
Kyle Edmund,2017-01-01,58.3,Hard
Kyle Edmund,2017-02-01,53.3,Hard
Kyle Edmund,2017-03-01,51.7,Hard
Kyle Edmund,2017-04-01,41.7,Hard
Kyle Edmund,2017-05-01,40.6,Hard
Kyle Edmund,2017-06-01,35.0,Hard
Kyle Edmund,2017-07-01,45.0,Hard
Kyle Edmund,2017-08-01,52.0,Hard
Kyle Edmund,2017-09-01,60.0,Hard
Kyle Edmund,2017-10-01,57.2,Hard
Kyle Edmund,2018-01-01,63.3,Hard
Kyle Edmund,2018-03-01,60.0,Hard
Kyle Edmund,2018-04-01,65.0,Hard
Kyle Edmund,2018-05-01,63.0,Hard
Kyle Edmund,2018-06-01,63.7,Hard
Kyle Edmund,2018-07-01,60.0,Hard
Kyle Edmund,2018-08-01,55.0,Hard
Kyle Edmund,2018-09-01,50.0,Hard
Kyle Edmund,2018-10-01,61.1,Hard
Kyle Edmund,2018-12-01,70.0,Hard
Kyle Edmund,2019-01-01,65.0,Hard
Kyle Edmund,2019-03-01,68.3,Hard
Kyle Edmund,2019-04-01,61.3,Hard
Kyle Edmund,2019-05-01,48.8,Hard
Kyle Edmund,2019-06-01,40.0,Hard
Kyle Edmund,2019-07-01,45.0,Hard
Kyle Edmund,2019-08-01,40.0,Hard
Kyle Edmund,2019-09-01,35.0,Hard
Kyle Edmund,2019-10-01,38.0,Hard
Kyle Edmund,2019-11-01,45.0,Hard
Kyle Edmund,2020-01-01,45.0,Hard
Kyle Edmund,2020-02-01,57.5,Hard
Kyle Edmund,2020-08-01,68.3,Hard
Kyle Edmund,2020-09-01,65.0,Hard
Kyle Edmund,2020-10-01,57.5,Hard
Kyle Edmund,2022-08-01,53.0,Hard
Kyle Edmund,2023-01-01,45.0,Hard
Kyle Edmund,2023-03-01,35.0,Hard
Kyle Edmund,2023-04-01,27.5,Hard
Kyle Edmund,2023-05-01,20.0,Hard
Laslo Djere,2018-02-01,40.0,Clay
Laslo Djere,2018-03-01,40.0,Clay
Laslo Djere,2018-04-01,46.3,Clay
Laslo Djere,2018-05-01,37.5,Clay
Laslo Djere,2018-07-01,39.5,Clay
Laslo Djere,2018-08-01,48.3,Clay
Laslo Djere,2018-09-01,55.0,Clay
Laslo Djere,2018-10-01,47.5,Clay
Laslo Djere,2018-12-01,45.0,Clay
Laslo Djere,2019-01-01,45.0,Clay
Laslo Djere,2019-02-01,50.0,Clay
Laslo Djere,2019-03-01,57.5,Clay
Laslo Djere,2019-04-01,56.7,Clay
Laslo Djere,2019-05-01,66.3,Clay
Laslo Djere,2019-06-01,52.5,Clay
Laslo Djere,2019-07-01,52.5,Clay
Laslo Djere,2019-08-01,45.0,Clay
Laslo Djere,2019-10-01,37.5,Clay
Laslo Djere,2020-01-01,34.0,Clay
Laslo Djere,2020-02-01,35.0,Clay
Laslo Djere,2020-08-01,35.0,Clay
Laslo Djere,2020-09-01,38.0,Clay
Laslo Djere,2020-10-01,54.0,Clay
Laslo Djere,2020-11-01,60.0,Clay
Laslo Djere,2021-01-01,55.0,Clay
Laslo Djere,2021-02-01,55.0,Clay
Laslo Djere,2021-03-01,55.0,Clay
Laslo Djere,2021-04-01,55.0,Clay
Laslo Djere,2021-05-01,52.9,Clay
Laslo Djere,2021-06-01,51.7,Clay
Laslo Djere,2021-07-01,55.6,Clay
Laslo Djere,2021-08-01,55.0,Clay
Laslo Djere,2021-09-01,54.0,Clay
Laslo Djere,2021-10-01,48.3,Clay
Laslo Djere,2021-11-01,45.0,Clay
Laslo Djere,2022-01-01,42.5,Clay
Laslo Djere,2022-02-01,30.0,Clay
Laslo Djere,2022-03-01,30.0,Clay
Laslo Djere,2022-04-01,38.3,Clay
Laslo Djere,2022-05-01,46.3,Clay
Laslo Djere,2022-06-01,50.0,Clay
Laslo Djere,2022-07-01,51.0,Clay
Laslo Djere,2022-08-01,50.0,Clay
Laslo Djere,2022-09-01,46.7,Clay
Laslo Djere,2022-10-01,45.0,Clay
Laslo Djere,2023-01-01,49.3,Clay
Laslo Djere,2023-02-01,48.8,Clay
Laslo Djere,2023-03-01,51.7,Clay
Laslo Djere,2023-04-01,53.0,Clay
Laslo Djere,2023-05-01,53.0,Clay
Laslo Djere,2023-06-01,50.0,Clay
Laslo Djere,2023-07-01,56.2,Clay
Laslo Djere,2023-08-01,65.0,Clay
Laslo Djere,2023-09-01,67.5,Clay
Laslo Djere,2023-10-01,63.6,Clay
Laslo Djere,2024-01-01,52.5,Clay
Laslo Djere,2024-02-01,48.0,Clay
Laslo Djere,2024-03-01,45.0,Clay
Laslo Djere,2024-04-01,37.5,Clay
Laslo Djere,2024-05-01,35.0,Clay
Laslo Djere,2024-06-01,35.0,Clay
Laslo Djere,2024-07-01,32.0,Clay
Laslo Djere,2024-08-01,28.3,Clay
Laslo Djere,2024-10-01,35.0,Clay
Laslo Djere,2024-11-01,38.8,Clay
Laslo Djere,2025-02-01,55.6,Clay
Laslo Djere,2025-03-01,65.0,Clay
Laslo Djere,2025-04-01,70.0,Clay
Laslo Djere,2025-05-01,70.0,Clay
Laslo Djere,2025-06-01,57.0,Clay
Laslo Djere,2025-07-01,50.0,Clay
Laslo Djere,2025-10-01,42.5,Clay
Laslo Djere,2025-11-01,35.0,Clay
Learner Tien,2025-02-01,58.3,Hard
Learner Tien,2025-03-01,50.0,Hard
Learner Tien,2025-04-01,45.0,Hard
Learner Tien,2025-05-01,42.5,Hard
Learner Tien,2025-06-01,38.6,Hard
Learner Tien,2025-07-01,42.9,Hard
Learner Tien,2025-08-01,53.3,Hard
Learner Tien,2025-09-01,61.9,Hard
Learner Tien,2025-10-01,67.5,Hard
Learner Tien,2025-11-01,69.0,Hard
Learner Tien,2025-12-01,77.0,Hard
Leonardo Mayer,2015-05-01,54.5,Clay
Leonardo Mayer,2015-06-01,61.7,Clay
Leonardo Mayer,2015-07-01,65.0,Clay
Leonardo Mayer,2015-08-01,64.2,Clay
Leonardo Mayer,2015-09-01,60.0,Clay
Leonardo Mayer,2015-10-01,57.0,Clay
Leonardo Mayer,2015-11-01,52.5,Clay
Leonardo Mayer,2016-01-01,49.0,Clay
Leonardo Mayer,2016-02-01,41.7,Clay
Leonardo Mayer,2016-03-01,47.5,Clay
Leonardo Mayer,2016-04-01,51.7,Clay
Leonardo Mayer,2016-05-01,46.0,Clay
Leonardo Mayer,2016-06-01,40.0,Clay
Leonardo Mayer,2016-07-01,41.7,Clay
Leonardo Mayer,2016-09-01,45.0,Clay
Leonardo Mayer,2017-02-01,47.5,Clay
Leonardo Mayer,2017-04-01,42.5,Clay
Leonardo Mayer,2017-07-01,43.3,Clay
Leonardo Mayer,2017-08-01,56.7,Clay
Leonardo Mayer,2017-09-01,55.0,Clay
Leonardo Mayer,2017-10-01,60.0,Clay
Leonardo Mayer,2018-01-01,55.0,Clay
Leonardo Mayer,2018-02-01,52.9,Clay
Leonardo Mayer,2018-03-01,51.7,Clay
Leonardo Mayer,2018-04-01,55.0,Clay
Leonardo Mayer,2018-05-01,55.0,Clay
Leonardo Mayer,2018-06-01,51.2,Clay
Leonardo Mayer,2018-07-01,45.7,Clay
Leonardo Mayer,2018-08-01,50.0,Clay
Leonardo Mayer,2018-10-01,43.8,Clay
Leonardo Mayer,2018-12-01,40.0,Clay
Leonardo Mayer,2019-01-01,45.0,Clay
Leonardo Mayer,2019-02-01,35.8,Clay
Leonardo Mayer,2019-03-01,36.0,Clay
Leonardo Mayer,2019-04-01,47.5,Clay
Leonardo Mayer,2019-05-01,48.0,Clay
Leonardo Mayer,2019-07-01,54.3,Clay
Leonardo Mayer,2019-08-01,50.0,Clay
Leonardo Mayer,2020-01-01,42.5,Clay
Leonardo Mayer,2020-02-01,35.0,Clay
Leonardo Mayer,2020-03-01,30.0,Clay
Leonardo Mayer,2020-08-01,30.0,Clay
Leonardo Mayer,2021-03-01,25.0,Clay
Lloyd Harris,2019-02-01,52.5,Hard
Lloyd Harris,2019-03-01,45.0,Hard
Lloyd Harris,2019-04-01,45.0,Hard
Lloyd Harris,2019-05-01,43.3,Hard
Lloyd Harris,2019-07-01,35.0,Hard
Lloyd Harris,2019-08-01,31.7,Hard
Lloyd Harris,2019-09-01,41.3,Hard
Lloyd Harris,2020-01-01,56.1,Hard
Lloyd Harris,2020-02-01,55.0,Hard
Lloyd Harris,2020-03-01,60.0,Hard
Lloyd Harris,2020-08-01,53.3,Hard
Lloyd Harris,2020-09-01,47.5,Hard
Lloyd Harris,2020-10-01,50.0,Hard
Lloyd Harris,2021-02-01,45.0,Hard
Lloyd Harris,2021-03-01,55.0,Hard
Lloyd Harris,2021-04-01,55.0,Hard
Lloyd Harris,2021-05-01,55.0,Hard
Lloyd Harris,2021-06-01,54.4,Hard
Lloyd Harris,2021-07-01,45.0,Hard
Lloyd Harris,2021-08-01,51.5,Hard
Lloyd Harris,2021-09-01,60.0,Hard
Lloyd Harris,2021-10-01,65.7,Hard
Lloyd Harris,2022-01-01,57.5,Hard
Lloyd Harris,2022-02-01,51.7,Hard
Lloyd Harris,2022-03-01,46.7,Hard
Lloyd Harris,2022-04-01,43.0,Hard
Lloyd Harris,2022-05-01,31.7,Hard
Lloyd Harris,2023-01-01,35.0,Hard
Lloyd Harris,2023-05-01,35.0,Hard
Lloyd Harris,2023-06-01,40.0,Hard
Lloyd Harris,2023-07-01,35.0,Hard
Lloyd Harris,2023-08-01,30.0,Hard
Lloyd Harris,2023-09-01,35.0,Hard
Lloyd Harris,2024-01-01,35.0,Hard
Lloyd Harris,2024-07-01,35.0,Hard
Lloyd Harris,2025-05-01,35.0,Hard
Lloyd Harris,2025-06-01,40.0,Hard
Lloyd Harris,2025-08-01,37.5,Hard
Lorenzo Musetti,2021-04-01,65.0,Clay
Lorenzo Musetti,2021-05-01,62.5,Clay
Lorenzo Musetti,2021-06-01,55.0,Clay
Lorenzo Musetti,2021-07-01,52.5,Clay
Lorenzo Musetti,2021-08-01,48.3,Clay
Lorenzo Musetti,2021-09-01,48.3,Clay
Lorenzo Musetti,2021-10-01,41.3,Clay
Lorenzo Musetti,2021-11-01,36.0,Clay
Lorenzo Musetti,2022-01-01,27.5,Clay
Lorenzo Musetti,2022-02-01,36.3,Clay
Lorenzo Musetti,2022-03-01,38.8,Clay
Lorenzo Musetti,2022-04-01,47.8,Clay
Lorenzo Musetti,2022-05-01,58.8,Clay
Lorenzo Musetti,2022-06-01,50.0,Clay
Lorenzo Musetti,2022-07-01,52.5,Clay
Lorenzo Musetti,2022-08-01,50.0,Clay
Lorenzo Musetti,2022-09-01,51.0,Clay
Lorenzo Musetti,2022-10-01,64.6,Clay
Lorenzo Musetti,2022-11-01,63.0,Clay
Lorenzo Musetti,2023-01-01,61.7,Clay
Lorenzo Musetti,2023-02-01,52.5,Clay
Lorenzo Musetti,2023-03-01,42.5,Clay
Lorenzo Musetti,2023-04-01,45.9,Clay
Lorenzo Musetti,2023-05-01,52.9,Clay
Lorenzo Musetti,2023-06-01,67.5,Clay
Lorenzo Musetti,2023-07-01,66.7,Clay
Lorenzo Musetti,2023-08-01,65.8,Clay
Lorenzo Musetti,2023-09-01,57.5,Clay
Lorenzo Musetti,2023-10-01,48.3,Clay
Lorenzo Musetti,2023-11-01,40.0,Clay
Lorenzo Musetti,2024-01-01,36.7,Clay
Lorenzo Musetti,2024-02-01,34.0,Clay
Lorenzo Musetti,2024-03-01,32.0,Clay
Lorenzo Musetti,2024-04-01,40.8,Clay
Lorenzo Musetti,2024-05-01,38.8,Clay
Lorenzo Musetti,2024-06-01,52.2,Clay
Lorenzo Musetti,2024-07-01,74.1,Clay
Lorenzo Musetti,2024-08-01,77.0,Clay
Lorenzo Musetti,2024-09-01,73.3,Clay
Lorenzo Musetti,2024-10-01,65.8,Clay
Lorenzo Musetti,2024-11-01,55.0,Clay
Lorenzo Musetti,2024-12-01,57.5,Clay
Lorenzo Musetti,2025-01-01,56.7,Clay
Lorenzo Musetti,2025-02-01,55.0,Clay
Lorenzo Musetti,2025-03-01,52.0,Clay
Lorenzo Musetti,2025-04-01,64.1,Clay
Lorenzo Musetti,2025-05-01,78.6,Clay
Lorenzo Musetti,2025-06-01,75.0,Clay
Lorenzo Musetti,2025-07-01,70.0,Clay
Lorenzo Musetti,2025-08-01,65.8,Clay
Lorenzo Musetti,2025-09-01,64.3,Clay
Lorenzo Musetti,2025-10-01,65.5,Clay
Lorenzo Musetti,2025-11-01,64.3,Clay
Lorenzo Sonego,2019-03-01,45.0,Grass
Lorenzo Sonego,2019-04-01,48.1,Grass
Lorenzo Sonego,2019-05-01,46.7,Grass
Lorenzo Sonego,2019-06-01,48.3,Grass
Lorenzo Sonego,2019-07-01,54.2,Grass
Lorenzo Sonego,2019-08-01,49.0,Grass
Lorenzo Sonego,2019-09-01,55.0,Grass
Lorenzo Sonego,2019-10-01,50.0,Grass
Lorenzo Sonego,2020-01-01,35.0,Grass
Lorenzo Sonego,2020-02-01,29.0,Grass
Lorenzo Sonego,2020-08-01,25.0,Grass
Lorenzo Sonego,2020-09-01,25.7,Grass
Lorenzo Sonego,2020-10-01,45.0,Grass
Lorenzo Sonego,2020-11-01,57.5,Grass
Lorenzo Sonego,2021-02-01,56.7,Grass
Lorenzo Sonego,2021-03-01,55.0,Grass
Lorenzo Sonego,2021-04-01,55.8,Grass
Lorenzo Sonego,2021-05-01,63.6,Grass
Lorenzo Sonego,2021-06-01,66.1,Grass
Lorenzo Sonego,2021-07-01,62.5,Grass
Lorenzo Sonego,2021-08-01,56.0,Grass
Lorenzo Sonego,2021-09-01,55.0,Grass
Lorenzo Sonego,2021-10-01,53.3,Grass
Lorenzo Sonego,2021-11-01,48.8,Grass
Lorenzo Sonego,2022-01-01,52.5,Grass
Lorenzo Sonego,2022-02-01,55.8,Grass
Lorenzo Sonego,2022-03-01,50.0,Grass
Lorenzo Sonego,2022-04-01,47.5,Grass
Lorenzo Sonego,2022-05-01,40.0,Grass
Lorenzo Sonego,2022-06-01,40.6,Grass
Lorenzo Sonego,2022-07-01,43.3,Grass
Lorenzo Sonego,2022-08-01,40.0,Grass
Lorenzo Sonego,2022-09-01,47.9,Grass
Lorenzo Sonego,2022-10-01,45.0,Grass
Lorenzo Sonego,2022-11-01,42.5,Grass
Lorenzo Sonego,2023-01-01,47.5,Grass
Lorenzo Sonego,2023-02-01,48.1,Grass
Lorenzo Sonego,2023-03-01,44.0,Grass
Lorenzo Sonego,2023-04-01,51.0,Grass
Lorenzo Sonego,2023-05-01,54.3,Grass
Lorenzo Sonego,2023-06-01,58.0,Grass
Lorenzo Sonego,2023-07-01,49.0,Grass
Lorenzo Sonego,2023-08-01,48.0,Grass
Lorenzo Sonego,2023-09-01,43.8,Grass
Lorenzo Sonego,2023-10-01,46.4,Grass
Lorenzo Sonego,2023-11-01,53.3,Grass
Lorenzo Sonego,2024-01-01,50.0,Grass
Lorenzo Sonego,2024-02-01,46.3,Grass
Lorenzo Sonego,2024-03-01,41.7,Grass
Lorenzo Sonego,2024-04-01,37.9,Grass
Lorenzo Sonego,2024-05-01,35.0,Grass
Lorenzo Sonego,2024-06-01,37.5,Grass
Lorenzo Sonego,2024-07-01,42.0,Grass
Lorenzo Sonego,2024-08-01,51.9,Grass
Lorenzo Sonego,2024-09-01,57.5,Grass
Lorenzo Sonego,2024-10-01,53.0,Grass
Lorenzo Sonego,2024-11-01,50.0,Grass
Lorenzo Sonego,2024-12-01,47.5,Grass
Lorenzo Sonego,2025-01-01,48.6,Grass
Lorenzo Sonego,2025-02-01,47.0,Grass
Lorenzo Sonego,2025-03-01,48.8,Grass
Lorenzo Sonego,2025-04-01,46.7,Grass
Lorenzo Sonego,2025-05-01,42.5,Grass
Lorenzo Sonego,2025-06-01,36.7,Grass
Lorenzo Sonego,2025-07-01,38.3,Grass
Lorenzo Sonego,2025-08-01,42.0,Grass
Lorenzo Sonego,2025-09-01,45.0,Grass
Lorenzo Sonego,2025-10-01,45.0,Grass
Lorenzo Sonego,2025-11-01,48.8,Grass
Lucas Pouille,2015-09-01,43.3,Grass
Lucas Pouille,2015-10-01,48.3,Grass
Lucas Pouille,2015-11-01,45.0,Grass
Lucas Pouille,2016-01-01,51.2,Grass
Lucas Pouille,2016-02-01,45.0,Grass
Lucas Pouille,2016-03-01,45.0,Grass
Lucas Pouille,2016-04-01,52.5,Grass
Lucas Pouille,2016-05-01,62.5,Grass
Lucas Pouille,2016-06-01,63.6,Grass
Lucas Pouille,2016-07-01,63.3,Grass
Lucas Pouille,2016-08-01,60.8,Grass
Lucas Pouille,2016-09-01,64.2,Grass
Lucas Pouille,2016-10-01,68.8,Grass
Lucas Pouille,2017-01-01,65.0,Grass
Lucas Pouille,2017-02-01,58.9,Grass
Lucas Pouille,2017-03-01,53.3,Grass
Lucas Pouille,2017-04-01,63.5,Grass
Lucas Pouille,2017-05-01,68.0,Grass
Lucas Pouille,2017-06-01,72.5,Grass
Lucas Pouille,2017-07-01,70.0,Grass
Lucas Pouille,2017-08-01,63.0,Grass
Lucas Pouille,2017-09-01,55.0,Grass
Lucas Pouille,2017-10-01,54.5,Grass
Lucas Pouille,2017-11-01,52.5,Grass
Lucas Pouille,2018-01-01,55.0,Grass
Lucas Pouille,2018-02-01,67.9,Grass
Lucas Pouille,2018-03-01,65.0,Grass
Lucas Pouille,2018-04-01,67.5,Grass
Lucas Pouille,2018-05-01,61.7,Grass
Lucas Pouille,2018-06-01,57.5,Grass
Lucas Pouille,2018-07-01,50.0,Grass
Lucas Pouille,2018-08-01,47.5,Grass
Lucas Pouille,2018-09-01,55.0,Grass
Lucas Pouille,2018-10-01,50.0,Grass
Lucas Pouille,2018-11-01,45.0,Grass
Lucas Pouille,2019-01-01,47.1,Grass
Lucas Pouille,2019-02-01,50.0,Grass
Lucas Pouille,2019-03-01,47.5,Grass
Lucas Pouille,2019-04-01,42.5,Grass
Lucas Pouille,2019-05-01,38.0,Grass
Lucas Pouille,2019-06-01,45.0,Grass
Lucas Pouille,2019-07-01,41.3,Grass
Lucas Pouille,2019-08-01,46.4,Grass
Lucas Pouille,2019-09-01,55.7,Grass
Lucas Pouille,2019-10-01,55.0,Grass
Lucas Pouille,2021-02-01,50.0,Grass
Lucas Pouille,2021-03-01,50.0,Grass
Lucas Pouille,2021-04-01,52.5,Grass
Lucas Pouille,2021-05-01,45.0,Grass
Lucas Pouille,2021-06-01,40.0,Grass
Lucas Pouille,2021-07-01,31.7,Grass
Lucas Pouille,2021-08-01,30.0,Grass
Lucas Pouille,2021-09-01,27.5,Grass
Lucas Pouille,2022-01-01,25.0,Grass
Lucas Pouille,2022-02-01,28.3,Grass
Lucas Pouille,2022-05-01,26.3,Grass
Lucas Pouille,2023-05-01,30.0,Grass
Lucas Pouille,2024-01-01,30.0,Grass
Lucas Pouille,2024-03-01,35.0,Grass
Lucas Pouille,2024-04-01,35.0,Grass
Lucas Pouille,2024-07-01,38.3,Grass
Lucas Pouille,2025-01-01,35.0,Grass
Luciano Darderi,2024-04-01,62.5,Clay
Luciano Darderi,2024-05-01,63.9,Clay
Luciano Darderi,2024-06-01,55.0,Clay
Luciano Darderi,2024-07-01,56.3,Clay
Luciano Darderi,2024-08-01,47.0,Clay
Luciano Darderi,2024-09-01,35.0,Clay
Luciano Darderi,2024-10-01,31.0,Clay
Luciano Darderi,2024-11-01,25.0,Clay
Luciano Darderi,2024-12-01,25.0,Clay
Luciano Darderi,2025-01-01,17.5,Clay
Luciano Darderi,2025-02-01,15.0,Clay
Luciano Darderi,2025-03-01,24.4,Clay
Luciano Darderi,2025-04-01,47.0,Clay
Luciano Darderi,2025-05-01,59.2,Clay
Luciano Darderi,2025-06-01,58.3,Clay
Luciano Darderi,2025-07-01,58.3,Clay
Luciano Darderi,2025-08-01,65.8,Clay
Luciano Darderi,2025-09-01,71.7,Clay
Luciano Darderi,2025-10-01,64.0,Clay
Luciano Darderi,2025-11-01,50.0,Clay
Lukas Rosol,2015-05-01,37.1,Clay
Lukas Rosol,2015-06-01,43.8,Clay
Lukas Rosol,2015-07-01,37.5,Clay
Lukas Rosol,2015-08-01,37.1,Clay
Lukas Rosol,2015-09-01,40.0,Clay
Lukas Rosol,2015-10-01,43.3,Clay
Lukas Rosol,2015-11-01,42.5,Clay
Lukas Rosol,2016-01-01,54.4,Clay
Lukas Rosol,2016-02-01,56.0,Clay
Lukas Rosol,2016-03-01,48.8,Clay
Lukas Rosol,2016-04-01,43.8,Clay
Lukas Rosol,2016-05-01,44.0,Clay
Lukas Rosol,2016-06-01,35.0,Clay
Lukas Rosol,2016-07-01,35.0,Clay
Lukas Rosol,2016-08-01,35.0,Clay
Lukas Rosol,2016-09-01,35.0,Clay
Lukas Rosol,2016-10-01,36.7,Clay
Lukas Rosol,2017-02-01,35.0,Clay
Lukas Rosol,2017-07-01,32.5,Clay
Lukas Rosol,2017-09-01,30.0,Clay
Lukas Rosol,2017-10-01,35.0,Clay
Lukas Rosol,2018-05-01,37.5,Clay
Lukas Rosol,2018-09-01,42.5,Clay
Lukas Rosol,2018-10-01,45.0,Clay
Lukas Rosol,2019-02-01,45.0,Clay
Lukas Rosol,2019-05-01,40.0,Clay
Lukas Rosol,2019-09-01,40.0,Clay
Lukas Rosol,2019-10-01,45.0,Clay
Lukas Rosol,2020-02-01,40.0,Clay
Lukas Rosol,2020-03-01,45.0,Clay
Lukas Rosol,2022-06-01,45.0,Clay
Lukas Rosol,2022-10-01,40.0,Clay
Mackenzie Mcdonald,2018-09-01,35.0,Grass
Mackenzie Mcdonald,2018-10-01,40.0,Grass
Mackenzie Mcdonald,2019-01-01,43.3,Grass
Mackenzie Mcdonald,2019-02-01,42.5,Grass
Mackenzie Mcdonald,2019-03-01,51.2,Grass
Mackenzie Mcdonald,2019-04-01,51.0,Grass
Mackenzie Mcdonald,2019-05-01,47.5,Grass
Mackenzie Mcdonald,2020-01-01,45.0,Grass
Mackenzie Mcdonald,2020-02-01,45.0,Grass
Mackenzie Mcdonald,2020-08-01,35.0,Grass
Mackenzie Mcdonald,2020-09-01,32.5,Grass
Mackenzie Mcdonald,2020-10-01,31.3,Grass
Mackenzie Mcdonald,2021-01-01,30.0,Grass
Mackenzie Mcdonald,2021-02-01,35.0,Grass
Mackenzie Mcdonald,2021-03-01,45.0,Grass
Mackenzie Mcdonald,2021-04-01,50.0,Grass
Mackenzie Mcdonald,2021-05-01,52.5,Grass
Mackenzie Mcdonald,2021-06-01,50.0,Grass
Mackenzie Mcdonald,2021-07-01,47.5,Grass
Mackenzie Mcdonald,2021-08-01,51.8,Grass
Mackenzie Mcdonald,2021-10-01,50.0,Grass
Mackenzie Mcdonald,2021-11-01,50.0,Grass
Mackenzie Mcdonald,2022-01-01,45.0,Grass
Mackenzie Mcdonald,2022-02-01,41.7,Grass
Mackenzie Mcdonald,2022-03-01,44.0,Grass
Mackenzie Mcdonald,2022-04-01,46.3,Grass
Mackenzie Mcdonald,2022-05-01,50.0,Grass
Mackenzie Mcdonald,2022-06-01,47.9,Grass
Mackenzie Mcdonald,2022-07-01,47.5,Grass
Mackenzie Mcdonald,2022-08-01,41.0,Grass
Mackenzie Mcdonald,2022-09-01,42.0,Grass
Mackenzie Mcdonald,2022-10-01,48.5,Grass
Mackenzie Mcdonald,2023-01-01,57.1,Grass
Mackenzie Mcdonald,2023-02-01,62.0,Grass
Mackenzie Mcdonald,2023-03-01,63.0,Grass
Mackenzie Mcdonald,2023-04-01,58.3,Grass
Mackenzie Mcdonald,2023-05-01,50.0,Grass
Mackenzie Mcdonald,2023-06-01,47.5,Grass
Mackenzie Mcdonald,2023-07-01,42.0,Grass
Mackenzie Mcdonald,2023-08-01,52.8,Grass
Mackenzie Mcdonald,2023-09-01,58.3,Grass
Mackenzie Mcdonald,2023-10-01,57.5,Grass
Mackenzie Mcdonald,2024-01-01,46.7,Grass
Mackenzie Mcdonald,2024-05-01,36.7,Grass
Mackenzie Mcdonald,2024-06-01,35.0,Grass
Mackenzie Mcdonald,2024-07-01,32.9,Grass
Mackenzie Mcdonald,2024-08-01,27.5,Grass
Mackenzie Mcdonald,2024-09-01,30.0,Grass
Mackenzie Mcdonald,2025-01-01,30.0,Grass
Mackenzie Mcdonald,2025-02-01,35.0,Grass
Mackenzie Mcdonald,2025-03-01,42.0,Grass
Mackenzie Mcdonald,2025-05-01,40.0,Grass
Mackenzie Mcdonald,2025-06-01,43.0,Grass
Mackenzie Mcdonald,2025-07-01,42.5,Grass
Mackenzie Mcdonald,2025-08-01,41.3,Grass
Mackenzie Mcdonald,2025-09-01,37.5,Grass
Mackenzie Mcdonald,2025-10-01,35.0,Grass
Mackenzie Mcdonald,2025-11-01,30.0,Grass
Malek Jaziri,2015-07-01,33.0,Clay
Malek Jaziri,2015-08-01,40.7,Clay
Malek Jaziri,2015-10-01,45.0,Clay
Malek Jaziri,2016-01-01,42.5,Clay
Malek Jaziri,2016-02-01,38.0,Clay
Malek Jaziri,2016-03-01,37.5,Clay
Malek Jaziri,2016-04-01,42.0,Clay
Malek Jaziri,2016-05-01,37.5,Clay
Malek Jaziri,2016-06-01,36.7,Clay
Malek Jaziri,2016-07-01,48.3,Clay
Malek Jaziri,2016-08-01,44.0,Clay
Malek Jaziri,2016-09-01,42.5,Clay
Malek Jaziri,2016-10-01,46.7,Clay
Malek Jaziri,2017-01-01,44.2,Clay
Malek Jaziri,2017-02-01,54.3,Clay
Malek Jaziri,2017-03-01,56.4,Clay
Malek Jaziri,2017-04-01,56.7,Clay
Malek Jaziri,2017-05-01,47.5,Clay
Malek Jaziri,2017-06-01,45.0,Clay
Malek Jaziri,2017-07-01,38.0,Clay
Malek Jaziri,2017-08-01,36.7,Clay
Malek Jaziri,2017-09-01,30.0,Clay
Malek Jaziri,2017-10-01,25.0,Clay
Malek Jaziri,2018-01-01,20.0,Clay
Malek Jaziri,2018-02-01,34.4,Clay
Malek Jaziri,2018-04-01,54.5,Clay
Malek Jaziri,2018-05-01,63.3,Clay
Malek Jaziri,2018-06-01,63.3,Clay
Malek Jaziri,2018-07-01,52.5,Clay
Malek Jaziri,2018-08-01,43.3,Clay
Malek Jaziri,2018-09-01,41.7,Clay
Malek Jaziri,2018-10-01,37.5,Clay
Malek Jaziri,2018-12-01,37.5,Clay
Malek Jaziri,2019-01-01,35.0,Clay
Malek Jaziri,2019-02-01,37.0,Clay
Malek Jaziri,2019-03-01,38.3,Clay
Malek Jaziri,2019-04-01,30.0,Clay
Malek Jaziri,2019-05-01,30.0,Clay
Malek Jaziri,2019-07-01,25.0,Clay
Malek Jaziri,2020-01-01,25.0,Clay
Malek Jaziri,2020-02-01,20.0,Clay
Malek Jaziri,2020-03-01,27.5,Clay
Malek Jaziri,2021-01-01,30.0,Clay
Malek Jaziri,2021-03-01,33.8,Clay
Malek Jaziri,2021-09-01,35.0,Clay
Malek Jaziri,2021-11-01,40.0,Clay
Malek Jaziri,2022-02-01,35.0,Clay
Malek Jaziri,2022-04-01,32.5,Clay
Malek Jaziri,2023-02-01,30.0,Clay
Marc Andrea Huesler,2022-08-01,40.0,Hard
Marc Andrea Huesler,2022-09-01,43.8,Hard
Marc Andrea Huesler,2022-10-01,51.0,Hard
Marc Andrea Huesler,2023-01-01,56.0,Hard
Marc Andrea Huesler,2023-02-01,57.1,Hard
Marc Andrea Huesler,2023-03-01,43.3,Hard
Marc Andrea Huesler,2023-04-01,42.5,Hard
Marc Andrea Huesler,2023-05-01,35.0,Hard
Marc Andrea Huesler,2023-06-01,31.3,Hard
Marc Andrea Huesler,2023-07-01,21.3,Hard
Marc Andrea Huesler,2023-08-01,25.0,Hard
Marc Andrea Huesler,2023-09-01,20.0,Hard
Marc Andrea Huesler,2023-11-01,20.0,Hard
Marc Andrea Huesler,2024-01-01,22.5,Hard
Marc Andrea Huesler,2024-02-01,20.0,Hard
Marc Andrea Huesler,2024-04-01,28.3,Hard
Marc Andrea Huesler,2024-06-01,25.0,Hard
Marc Andrea Huesler,2024-07-01,25.0,Hard
Marc Andrea Huesler,2024-09-01,25.0,Hard
Marc Andrea Huesler,2024-10-01,25.0,Hard
Marc Andrea Huesler,2024-12-01,25.0,Hard
Marc Andrea Huesler,2025-09-01,25.0,Hard
Marcel Granollers,2015-05-01,45.0,Clay
Marcel Granollers,2015-06-01,41.3,Clay
Marcel Granollers,2015-07-01,40.0,Clay
Marcel Granollers,2015-08-01,45.0,Clay
Marcel Granollers,2015-09-01,45.0,Clay
Marcel Granollers,2015-10-01,45.0,Clay
Marcel Granollers,2015-11-01,40.0,Clay
Marcel Granollers,2016-01-01,38.3,Clay
Marcel Granollers,2016-02-01,32.0,Clay
Marcel Granollers,2016-03-01,30.0,Clay
Marcel Granollers,2016-04-01,40.0,Clay
Marcel Granollers,2016-05-01,49.3,Clay
Marcel Granollers,2016-06-01,55.0,Clay
Marcel Granollers,2016-07-01,50.0,Clay
Marcel Granollers,2016-08-01,49.3,Clay
Marcel Granollers,2016-10-01,46.9,Clay
Marcel Granollers,2017-01-01,46.7,Clay
Marcel Granollers,2017-02-01,43.8,Clay
Marcel Granollers,2017-03-01,37.5,Clay
Marcel Granollers,2017-04-01,33.8,Clay
Marcel Granollers,2017-05-01,26.7,Clay
Marcel Granollers,2017-07-01,25.0,Clay
Marcel Granollers,2017-09-01,21.7,Clay
Marcel Granollers,2017-10-01,15.0,Clay
Marcel Granollers,2018-04-01,20.0,Clay
Marcel Granollers,2018-07-01,28.7,Clay
Marcel Granollers,2018-08-01,30.0,Clay
Marcel Granollers,2018-09-01,35.0,Clay
Marcel Granollers,2018-10-01,35.0,Clay
Marcel Granollers,2018-12-01,35.0,Clay
Marcel Granollers,2019-01-01,30.0,Clay
Marcel Granollers,2019-02-01,35.0,Clay
Marcel Granollers,2019-04-01,40.0,Clay
Marcel Granollers,2019-07-01,43.8,Clay
Marcel Granollers,2019-08-01,40.0,Clay
Marcel Granollers,2019-09-01,40.0,Clay
Marco Cecchinato,2017-07-01,18.8,Clay
Marco Cecchinato,2018-01-01,20.0,Clay
Marco Cecchinato,2018-02-01,20.0,Clay
Marco Cecchinato,2018-04-01,29.4,Clay
Marco Cecchinato,2018-05-01,52.8,Clay
Marco Cecchinato,2018-06-01,71.7,Clay
Marco Cecchinato,2018-07-01,69.2,Clay
Marco Cecchinato,2018-08-01,57.5,Clay
Marco Cecchinato,2018-09-01,57.5,Clay
Marco Cecchinato,2018-10-01,47.5,Clay
Marco Cecchinato,2018-12-01,43.8,Clay
Marco Cecchinato,2019-01-01,35.0,Clay
Marco Cecchinato,2019-02-01,45.0,Clay
Marco Cecchinato,2019-03-01,46.7,Clay
Marco Cecchinato,2019-04-01,52.5,Clay
Marco Cecchinato,2019-05-01,50.0,Clay
Marco Cecchinato,2019-06-01,50.0,Clay
Marco Cecchinato,2019-07-01,37.5,Clay
Marco Cecchinato,2019-08-01,29.0,Clay
Marco Cecchinato,2019-09-01,20.0,Clay
Marco Cecchinato,2019-10-01,15.0,Clay
Marco Cecchinato,2020-01-01,12.5,Clay
Marco Cecchinato,2020-02-01,10.0,Clay
Marco Cecchinato,2020-08-01,10.0,Clay
Marco Cecchinato,2020-09-01,20.0,Clay
Marco Cecchinato,2020-10-01,35.0,Clay
Marco Cecchinato,2020-11-01,40.0,Clay
Marco Cecchinato,2021-02-01,37.5,Clay
Marco Cecchinato,2021-03-01,40.0,Clay
Marco Cecchinato,2021-04-01,40.6,Clay
Marco Cecchinato,2021-05-01,42.3,Clay
Marco Cecchinato,2021-06-01,55.0,Clay
Marco Cecchinato,2021-07-01,55.0,Clay
Marco Cecchinato,2021-08-01,55.0,Clay
Marco Cecchinato,2021-09-01,50.0,Clay
Marco Cecchinato,2022-01-01,50.0,Clay
Marco Cecchinato,2022-02-01,45.0,Clay
Marco Cecchinato,2022-04-01,37.5,Clay
Marco Cecchinato,2022-05-01,33.8,Clay
Marco Cecchinato,2022-07-01,36.7,Clay
Marco Cecchinato,2023-01-01,37.5,Clay
Marco Cecchinato,2023-02-01,37.5,Clay
Marco Cecchinato,2023-04-01,49.2,Clay
Marco Cecchinato,2023-05-01,59.2,Clay
Marco Cecchinato,2023-06-01,50.0,Clay
Marco Cecchinato,2023-07-01,47.0,Clay
Marco Cecchinato,2023-08-01,40.0,Clay
Marcos Baghdatis,2015-06-01,55.6,Grass
Marcos Baghdatis,2015-07-01,59.2,Grass
Marcos Baghdatis,2015-08-01,60.0,Grass
Marcos Baghdatis,2015-09-01,60.0,Grass
Marcos Baghdatis,2015-10-01,56.7,Grass
Marcos Baghdatis,2016-01-01,55.0,Grass
Marcos Baghdatis,2016-02-01,56.5,Grass
Marcos Baghdatis,2016-03-01,62.5,Grass
Marcos Baghdatis,2016-04-01,63.7,Grass
Marcos Baghdatis,2016-05-01,56.7,Grass
Marcos Baghdatis,2016-06-01,55.0,Grass
Marcos Baghdatis,2016-07-01,50.0,Grass
Marcos Baghdatis,2016-08-01,53.1,Grass
Marcos Baghdatis,2016-09-01,57.5,Grass
Marcos Baghdatis,2016-10-01,53.3,Grass
Marcos Baghdatis,2017-01-01,50.7,Grass
Marcos Baghdatis,2017-05-01,45.0,Grass
Marcos Baghdatis,2017-06-01,40.0,Grass
Marcos Baghdatis,2017-07-01,46.7,Grass
Marcos Baghdatis,2017-08-01,47.5,Grass
Marcos Baghdatis,2017-09-01,54.3,Grass
Marcos Baghdatis,2017-10-01,57.5,Grass
Marcos Baghdatis,2018-01-01,57.5,Grass
Marcos Baghdatis,2018-02-01,61.0,Grass
Marcos Baghdatis,2018-03-01,62.0,Grass
Marcos Baghdatis,2018-04-01,60.0,Grass
Marcos Baghdatis,2018-05-01,52.5,Grass
Marcos Baghdatis,2018-06-01,45.0,Grass
Marcos Baghdatis,2018-07-01,43.8,Grass
Marcos Baghdatis,2018-08-01,40.0,Grass
Marcos Baghdatis,2018-09-01,35.0,Grass
Marcos Baghdatis,2018-10-01,30.0,Grass
Marcos Baghdatis,2019-02-01,36.0,Grass
Marcos Baghdatis,2019-07-01,45.0,Grass
Marcos Giron,2020-10-01,38.8,Grass
Marcos Giron,2020-11-01,43.3,Grass
Marcos Giron,2021-02-01,52.0,Grass
Marcos Giron,2021-03-01,46.7,Grass
Marcos Giron,2021-04-01,45.0,Grass
Marcos Giron,2021-05-01,45.8,Grass
Marcos Giron,2021-06-01,47.0,Grass
Marcos Giron,2021-07-01,42.5,Grass
Marcos Giron,2021-08-01,50.6,Grass
Marcos Giron,2021-09-01,59.3,Grass
Marcos Giron,2021-10-01,60.0,Grass
Marcos Giron,2021-11-01,61.7,Grass
Marcos Giron,2022-01-01,58.3,Grass
Marcos Giron,2022-02-01,56.7,Grass
Marcos Giron,2022-03-01,47.5,Grass
Marcos Giron,2022-04-01,40.0,Grass
Marcos Giron,2022-05-01,39.0,Grass
Marcos Giron,2022-06-01,32.1,Grass
Marcos Giron,2022-07-01,25.0,Grass
Marcos Giron,2022-08-01,28.0,Grass
Marcos Giron,2022-09-01,37.5,Grass
Marcos Giron,2022-10-01,43.3,Grass
Marcos Giron,2023-01-01,47.5,Grass
Marcos Giron,2023-02-01,55.7,Grass
Marcos Giron,2023-03-01,51.7,Grass
Marcos Giron,2023-04-01,52.1,Grass
Marcos Giron,2023-05-01,49.2,Grass
Marcos Giron,2023-06-01,41.7,Grass
Marcos Giron,2023-07-01,41.7,Grass
Marcos Giron,2023-08-01,42.0,Grass
Marcos Giron,2023-09-01,38.8,Grass
Marcos Giron,2023-10-01,42.5,Grass
Marcos Giron,2023-11-01,40.0,Grass
Marcos Giron,2024-01-01,40.0,Grass
Marcos Giron,2024-02-01,50.0,Grass
Marcos Giron,2024-03-01,47.5,Grass
Marcos Giron,2024-04-01,49.0,Grass
Marcos Giron,2024-05-01,51.3,Grass
Marcos Giron,2024-06-01,42.1,Grass
Marcos Giron,2024-07-01,46.4,Grass
Marcos Giron,2024-08-01,48.3,Grass
Marcos Giron,2024-09-01,45.0,Grass
Marcos Giron,2024-10-01,54.1,Grass
Marcos Giron,2025-01-01,54.3,Grass
Marcos Giron,2025-02-01,65.0,Grass
Marcos Giron,2025-03-01,64.0,Grass
Marcos Giron,2025-04-01,60.0,Grass
Marcos Giron,2025-05-01,56.0,Grass
Marcos Giron,2025-06-01,47.5,Grass
Marcos Giron,2025-07-01,37.5,Grass
Marcos Giron,2025-08-01,35.0,Grass
Marcos Giron,2025-09-01,38.8,Grass
Marcos Giron,2025-10-01,34.0,Grass
Marcos Giron,2025-11-01,35.0,Grass
Mariano Navone,2024-05-01,65.0,Clay
Mariano Navone,2024-06-01,62.5,Clay
Mariano Navone,2024-07-01,50.8,Clay
Mariano Navone,2024-08-01,36.0,Clay
Mariano Navone,2024-09-01,30.0,Clay
Mariano Navone,2024-10-01,27.0,Clay
Mariano Navone,2024-11-01,25.0,Clay
Mariano Navone,2024-12-01,25.0,Clay
Mariano Navone,2025-01-01,26.0,Clay
Mariano Navone,2025-02-01,35.7,Clay
Mariano Navone,2025-03-01,39.0,Clay
Mariano Navone,2025-04-01,44.0,Clay
Mariano Navone,2025-05-01,49.0,Clay
Mariano Navone,2025-06-01,47.5,Clay
Mariano Navone,2025-07-01,47.5,Clay
Mariano Navone,2025-08-01,49.0,Clay
Mariano Navone,2025-09-01,45.0,Clay
Mariano Navone,2025-10-01,45.0,Clay
Marin Cilic,2015-06-01,56.0,Grass
Marin Cilic,2015-08-01,67.7,Grass
Marin Cilic,2015-09-01,73.3,Grass
Marin Cilic,2015-10-01,72.3,Grass
Marin Cilic,2015-11-01,70.0,Grass
Marin Cilic,2016-01-01,70.0,Grass
Marin Cilic,2016-02-01,65.0,Grass
Marin Cilic,2016-03-01,58.8,Grass
Marin Cilic,2016-05-01,62.0,Grass
Marin Cilic,2016-06-01,61.5,Grass
Marin Cilic,2016-07-01,60.0,Grass
Marin Cilic,2016-08-01,67.9,Grass
Marin Cilic,2016-09-01,75.0,Grass
Marin Cilic,2016-10-01,80.7,Grass
Marin Cilic,2016-11-01,74.0,Grass
Marin Cilic,2017-01-01,63.3,Grass
Marin Cilic,2017-02-01,59.4,Grass
Marin Cilic,2017-03-01,47.5,Grass
Marin Cilic,2017-04-01,46.7,Grass
Marin Cilic,2017-05-01,61.9,Grass
Marin Cilic,2017-06-01,73.1,Grass
Marin Cilic,2017-07-01,77.9,Grass
Marin Cilic,2017-08-01,78.3,Grass
Marin Cilic,2017-09-01,78.3,Grass
Marin Cilic,2017-10-01,80.0,Grass
Marin Cilic,2017-11-01,68.3,Grass
Marin Cilic,2018-01-01,63.5,Grass
Marin Cilic,2018-02-01,62.5,Grass
Marin Cilic,2018-03-01,60.0,Grass
Marin Cilic,2018-04-01,70.8,Grass
Marin Cilic,2018-05-01,68.3,Grass
Marin Cilic,2018-06-01,75.0,Grass
Marin Cilic,2018-07-01,77.5,Grass
Marin Cilic,2018-08-01,77.9,Grass
Marin Cilic,2018-09-01,77.5,Grass
Marin Cilic,2018-10-01,63.6,Grass
Marin Cilic,2018-11-01,57.0,Grass
Marin Cilic,2019-01-01,58.8,Grass
Marin Cilic,2019-02-01,50.0,Grass
Marin Cilic,2019-03-01,51.7,Grass
Marin Cilic,2019-04-01,50.0,Grass
Marin Cilic,2019-05-01,53.1,Grass
Marin Cilic,2019-06-01,52.5,Grass
Marin Cilic,2019-07-01,48.0,Grass
Marin Cilic,2019-08-01,56.3,Grass
Marin Cilic,2019-09-01,57.5,Grass
Marin Cilic,2019-10-01,55.7,Grass
Marin Cilic,2020-01-01,55.7,Grass
Marin Cilic,2020-02-01,55.0,Grass
Marin Cilic,2020-03-01,55.0,Grass
Marin Cilic,2020-08-01,57.5,Grass
Marin Cilic,2020-09-01,61.3,Grass
Marin Cilic,2020-10-01,58.3,Grass
Marin Cilic,2020-11-01,52.5,Grass
Marin Cilic,2021-02-01,47.0,Grass
Marin Cilic,2021-03-01,46.0,Grass
Marin Cilic,2021-04-01,47.0,Grass
Marin Cilic,2021-05-01,50.0,Grass
Marin Cilic,2021-06-01,64.5,Grass
Marin Cilic,2021-07-01,67.5,Grass
Marin Cilic,2021-08-01,64.2,Grass
Marin Cilic,2021-10-01,63.0,Grass
Marin Cilic,2021-11-01,64.0,Grass
Marin Cilic,2021-12-01,57.5,Grass
Marin Cilic,2022-01-01,63.0,Grass
Marin Cilic,2022-02-01,55.0,Grass
Marin Cilic,2022-03-01,46.7,Grass
Marin Cilic,2022-04-01,50.0,Grass
Marin Cilic,2022-05-01,53.2,Grass
Marin Cilic,2022-06-01,61.3,Grass
Marin Cilic,2022-08-01,71.5,Grass
Marin Cilic,2022-09-01,73.8,Grass
Marin Cilic,2022-10-01,66.3,Grass
Marin Cilic,2022-11-01,60.0,Grass
Marin Cilic,2023-01-01,57.5,Grass
Marin Cilic,2023-07-01,55.0,Grass
Marin Cilic,2024-01-01,47.5,Grass
Marin Cilic,2024-02-01,42.5,Grass
Marin Cilic,2024-09-01,42.5,Grass
Marin Cilic,2024-10-01,36.7,Grass
Marin Cilic,2024-11-01,40.0,Grass
Marin Cilic,2025-02-01,38.8,Grass
Marin Cilic,2025-04-01,40.0,Grass
Marin Cilic,2025-05-01,40.0,Grass
Marin Cilic,2025-06-01,50.0,Grass
Marin Cilic,2025-08-01,45.0,Grass
Marin Cilic,2025-09-01,33.8,Grass
Marin Cilic,2025-10-01,37.5,Grass
Martin Klizan,2015-04-01,63.7,Clay
Martin Klizan,2015-05-01,65.0,Clay
Martin Klizan,2015-06-01,57.5,Clay
Martin Klizan,2015-07-01,55.0,Clay
Martin Klizan,2015-08-01,41.9,Clay
Martin Klizan,2015-09-01,48.3,Clay
Martin Klizan,2015-10-01,52.5,Clay
Martin Klizan,2015-11-01,45.0,Clay
Martin Klizan,2016-01-01,45.0,Clay
Martin Klizan,2016-02-01,52.0,Clay
Martin Klizan,2016-03-01,50.0,Clay
Martin Klizan,2016-05-01,45.0,Clay
Martin Klizan,2016-06-01,45.0,Clay
Martin Klizan,2016-07-01,59.3,Clay
Martin Klizan,2016-08-01,65.0,Clay
Martin Klizan,2016-09-01,60.0,Clay
Martin Klizan,2016-10-01,51.3,Clay
Martin Klizan,2017-01-01,35.0,Clay
Martin Klizan,2017-02-01,37.8,Clay
Martin Klizan,2017-03-01,30.0,Clay
Martin Klizan,2017-04-01,35.0,Clay
Martin Klizan,2017-05-01,49.0,Clay
Martin Klizan,2017-06-01,45.0,Clay
Martin Klizan,2017-07-01,40.0,Clay
Martin Klizan,2018-02-01,40.0,Clay
Martin Klizan,2018-04-01,51.7,Clay
Martin Klizan,2018-05-01,57.5,Clay
Martin Klizan,2018-07-01,61.4,Clay
Martin Klizan,2018-09-01,78.0,Clay
Martin Klizan,2018-10-01,71.7,Clay
Martin Klizan,2019-01-01,66.7,Clay
Martin Klizan,2019-02-01,65.0,Clay
Martin Klizan,2019-03-01,55.0,Clay
Martin Klizan,2019-04-01,43.0,Clay
Martin Klizan,2019-05-01,40.0,Clay
Martin Klizan,2019-07-01,39.0,Clay
Martin Klizan,2019-08-01,30.0,Clay
Martin Klizan,2019-09-01,27.5,Clay
Martin Klizan,2020-02-01,25.0,Clay
Martin Klizan,2020-11-01,25.0,Clay
Martin Klizan,2025-03-01,20.0,Clay
Marton Fucsovics,2017-07-01,55.0,Clay
Marton Fucsovics,2017-08-01,57.5,Clay
Marton Fucsovics,2017-09-01,55.0,Clay
Marton Fucsovics,2017-10-01,48.8,Clay
Marton Fucsovics,2018-01-01,52.5,Clay
Marton Fucsovics,2018-02-01,50.0,Clay
Marton Fucsovics,2018-03-01,53.3,Clay
Marton Fucsovics,2018-04-01,45.0,Clay
Marton Fucsovics,2018-05-01,50.0,Clay
Marton Fucsovics,2018-06-01,50.0,Clay
Marton Fucsovics,2018-07-01,50.0,Clay
Marton Fucsovics,2018-08-01,55.7,Clay
Marton Fucsovics,2018-09-01,47.5,Clay
Marton Fucsovics,2018-10-01,46.0,Clay
Marton Fucsovics,2018-12-01,52.5,Clay
Marton Fucsovics,2019-01-01,51.2,Clay
Marton Fucsovics,2019-02-01,61.4,Clay
Marton Fucsovics,2019-03-01,57.5,Clay
Marton Fucsovics,2019-04-01,58.6,Clay
Marton Fucsovics,2019-05-01,51.0,Clay
Marton Fucsovics,2019-06-01,43.8,Clay
Marton Fucsovics,2019-07-01,42.0,Clay
Marton Fucsovics,2019-08-01,37.5,Clay
Marton Fucsovics,2019-09-01,35.0,Clay
Marton Fucsovics,2019-10-01,35.0,Clay
Marton Fucsovics,2020-01-01,43.6,Clay
Marton Fucsovics,2020-02-01,41.7,Clay
Marton Fucsovics,2020-03-01,47.5,Clay
Marton Fucsovics,2020-08-01,56.7,Clay
Marton Fucsovics,2020-09-01,62.5,Clay
Marton Fucsovics,2020-10-01,60.0,Clay
Marton Fucsovics,2020-11-01,52.5,Clay
Marton Fucsovics,2021-02-01,55.0,Clay
Marton Fucsovics,2021-03-01,60.7,Clay
Marton Fucsovics,2021-04-01,65.0,Clay
Marton Fucsovics,2021-05-01,60.0,Clay
Marton Fucsovics,2021-06-01,51.2,Clay
Marton Fucsovics,2021-08-01,46.3,Clay
Marton Fucsovics,2021-09-01,45.0,Clay
Marton Fucsovics,2021-10-01,43.0,Clay
Marton Fucsovics,2021-11-01,44.0,Clay
Marton Fucsovics,2022-01-01,32.5,Clay
Marton Fucsovics,2022-02-01,40.0,Clay
Marton Fucsovics,2022-03-01,42.0,Clay
Marton Fucsovics,2022-04-01,46.0,Clay
Marton Fucsovics,2022-05-01,50.0,Clay
Marton Fucsovics,2022-06-01,51.0,Clay
Marton Fucsovics,2022-08-01,43.3,Clay
Marton Fucsovics,2022-09-01,47.5,Clay
Marton Fucsovics,2022-10-01,47.5,Clay
Marton Fucsovics,2023-01-01,50.0,Clay
Marton Fucsovics,2023-02-01,42.0,Clay
Marton Fucsovics,2023-03-01,45.0,Clay
Marton Fucsovics,2023-04-01,45.0,Clay
Marton Fucsovics,2023-05-01,45.0,Clay
Marton Fucsovics,2023-06-01,52.5,Clay
Marton Fucsovics,2023-07-01,53.3,Clay
Marton Fucsovics,2023-08-01,53.8,Clay
Marton Fucsovics,2023-09-01,50.0,Clay
Marton Fucsovics,2023-10-01,54.0,Clay
Marton Fucsovics,2023-11-01,55.0,Clay
Marton Fucsovics,2024-01-01,47.5,Clay
Marton Fucsovics,2024-02-01,45.0,Clay
Marton Fucsovics,2024-03-01,42.5,Clay
Marton Fucsovics,2024-04-01,51.2,Clay
Marton Fucsovics,2024-05-01,55.0,Clay
Marton Fucsovics,2024-07-01,53.3,Clay
Marton Fucsovics,2024-08-01,48.3,Clay
Marton Fucsovics,2024-10-01,48.3,Clay
Marton Fucsovics,2024-11-01,45.0,Clay
Marton Fucsovics,2025-02-01,45.0,Clay
Marton Fucsovics,2025-03-01,43.8,Clay
Marton Fucsovics,2025-05-01,42.5,Clay
Marton Fucsovics,2025-06-01,54.2,Clay
Marton Fucsovics,2025-07-01,60.0,Clay
Marton Fucsovics,2025-08-01,67.1,Clay
Marton Fucsovics,2025-09-01,62.5,Clay
Marton Fucsovics,2025-10-01,58.3,Clay
Matteo Arnaldi,2023-07-01,45.0,Clay
Matteo Arnaldi,2023-08-01,55.8,Clay
Matteo Arnaldi,2023-09-01,60.0,Clay
Matteo Arnaldi,2023-10-01,64.0,Clay
Matteo Arnaldi,2023-11-01,60.0,Clay
Matteo Arnaldi,2024-01-01,60.7,Clay
Matteo Arnaldi,2024-02-01,54.0,Clay
Matteo Arnaldi,2024-03-01,53.3,Clay
Matteo Arnaldi,2024-04-01,55.0,Clay
Matteo Arnaldi,2024-05-01,58.3,Clay
Matteo Arnaldi,2024-06-01,62.5,Clay
Matteo Arnaldi,2024-07-01,53.0,Clay
Matteo Arnaldi,2024-08-01,54.4,Clay
Matteo Arnaldi,2024-09-01,52.5,Clay
Matteo Arnaldi,2024-10-01,47.5,Clay
Matteo Arnaldi,2024-12-01,50.0,Clay
Matteo Arnaldi,2025-01-01,50.0,Clay
Matteo Arnaldi,2025-02-01,49.3,Clay
Matteo Arnaldi,2025-03-01,48.0,Clay
Matteo Arnaldi,2025-04-01,49.3,Clay
Matteo Arnaldi,2025-05-01,54.2,Clay
Matteo Arnaldi,2025-06-01,50.0,Clay
Matteo Arnaldi,2025-07-01,50.0,Clay
Matteo Arnaldi,2025-08-01,48.3,Clay
Matteo Arnaldi,2025-09-01,40.0,Clay
Matteo Arnaldi,2025-10-01,37.0,Clay
Matteo Berrettini,2018-07-01,49.4,Grass
Matteo Berrettini,2018-08-01,63.7,Grass
Matteo Berrettini,2018-09-01,62.5,Grass
Matteo Berrettini,2018-10-01,63.3,Grass
Matteo Berrettini,2018-12-01,60.0,Grass
Matteo Berrettini,2019-01-01,55.0,Grass
Matteo Berrettini,2019-02-01,48.8,Grass
Matteo Berrettini,2019-03-01,42.5,Grass
Matteo Berrettini,2019-04-01,54.1,Grass
Matteo Berrettini,2019-05-01,63.0,Grass
Matteo Berrettini,2019-06-01,78.9,Grass
Matteo Berrettini,2019-07-01,78.8,Grass
Matteo Berrettini,2019-08-01,76.4,Grass
Matteo Berrettini,2019-09-01,75.0,Grass
Matteo Berrettini,2019-10-01,68.5,Grass
Matteo Berrettini,2019-11-01,60.0,Grass
Matteo Berrettini,2020-01-01,50.0,Grass
Matteo Berrettini,2020-08-01,52.5,Grass
Matteo Berrettini,2020-09-01,50.8,Grass
Matteo Berrettini,2020-11-01,50.0,Grass
Matteo Berrettini,2021-01-01,53.3,Grass
Matteo Berrettini,2021-02-01,65.6,Grass
Matteo Berrettini,2021-04-01,65.0,Grass
Matteo Berrettini,2021-05-01,75.8,Grass
Matteo Berrettini,2021-06-01,83.8,Grass
Matteo Berrettini,2021-08-01,83.6,Grass
Matteo Berrettini,2021-09-01,85.0,Grass
Matteo Berrettini,2021-10-01,80.0,Grass
Matteo Berrettini,2021-11-01,70.0,Grass
Matteo Berrettini,2022-01-01,63.9,Grass
Matteo Berrettini,2022-02-01,60.0,Grass
Matteo Berrettini,2022-03-01,58.3,Grass
Matteo Berrettini,2022-06-01,69.4,Grass
Matteo Berrettini,2022-07-01,78.8,Grass
Matteo Berrettini,2022-08-01,77.1,Grass
Matteo Berrettini,2022-09-01,80.0,Grass
Matteo Berrettini,2022-10-01,74.0,Grass
Matteo Berrettini,2023-01-01,70.0,Grass
Matteo Berrettini,2023-02-01,68.3,Grass
Matteo Berrettini,2023-03-01,60.0,Grass
Matteo Berrettini,2023-04-01,58.3,Grass
Matteo Berrettini,2023-06-01,50.0,Grass
Matteo Berrettini,2023-07-01,53.8,Grass
Matteo Berrettini,2023-08-01,48.0,Grass
Matteo Berrettini,2024-03-01,45.0,Grass
Matteo Berrettini,2024-04-01,54.2,Grass
Matteo Berrettini,2024-06-01,63.6,Grass
Matteo Berrettini,2024-07-01,73.8,Grass
Matteo Berrettini,2024-08-01,78.3,Grass
Matteo Berrettini,2024-09-01,78.0,Grass
Matteo Berrettini,2024-10-01,75.0,Grass
Matteo Berrettini,2024-11-01,65.0,Grass
Matteo Berrettini,2024-12-01,60.0,Grass
Matteo Berrettini,2025-01-01,60.0,Grass
Matteo Berrettini,2025-02-01,56.4,Grass
Matteo Berrettini,2025-03-01,56.7,Grass
Matteo Berrettini,2025-04-01,61.0,Grass
Matteo Berrettini,2025-05-01,60.0,Grass
Matteo Berrettini,2025-06-01,60.0,Grass
Matteo Berrettini,2025-09-01,55.0,Grass
Matteo Berrettini,2025-10-01,50.8,Grass
Matteo Berrettini,2025-11-01,50.8,Grass
Matthew Ebden,2017-07-01,37.0,Grass
Matthew Ebden,2017-09-01,40.0,Grass
Matthew Ebden,2017-10-01,45.0,Grass
Matthew Ebden,2018-01-01,52.5,Grass
Matthew Ebden,2018-02-01,48.8,Grass
Matthew Ebden,2018-03-01,46.7,Grass
Matthew Ebden,2018-05-01,37.5,Grass
Matthew Ebden,2018-06-01,41.4,Grass
Matthew Ebden,2018-07-01,48.6,Grass
Matthew Ebden,2018-08-01,51.7,Grass
Matthew Ebden,2018-09-01,58.3,Grass
Matthew Ebden,2018-10-01,53.1,Grass
Matthew Ebden,2019-01-01,43.3,Grass
Matthew Ebden,2019-02-01,41.3,Grass
Matthew Ebden,2019-03-01,35.0,Grass
Matthew Ebden,2019-05-01,27.5,Grass
Matthew Ebden,2019-06-01,23.3,Grass
Matthew Ebden,2019-07-01,20.7,Grass
Matthew Ebden,2021-02-01,27.0,Grass
Matthew Ebden,2021-03-01,42.0,Grass
Matthew Ebden,2021-07-01,45.0,Grass
Matthew Ebden,2022-06-01,45.0,Grass
Matthew Ebden,2024-07-01,45.0,Grass
Max Purcell,2022-08-01,40.0,Hard
Max Purcell,2022-09-01,40.0,Hard
Max Purcell,2023-01-01,40.0,Hard
Max Purcell,2023-04-01,40.0,Hard
Max Purcell,2023-05-01,33.3,Hard
Max Purcell,2023-06-01,30.0,Hard
Max Purcell,2023-07-01,22.5,Hard
Max Purcell,2023-08-01,35.5,Hard
Max Purcell,2023-09-01,40.0,Hard
Max Purcell,2023-10-01,35.0,Hard
Max Purcell,2023-11-01,40.0,Hard
Max Purcell,2024-01-01,39.0,Hard
Max Purcell,2024-02-01,30.0,Hard
Max Purcell,2024-03-01,25.0,Hard
Max Purcell,2024-04-01,32.5,Hard
Max Purcell,2024-05-01,35.0,Hard
Max Purcell,2024-06-01,35.7,Hard
Max Purcell,2024-07-01,40.0,Hard
Max Purcell,2024-08-01,46.3,Hard
Maxime Cressy,2022-01-01,63.6,Grass
Maxime Cressy,2022-02-01,62.5,Grass
Maxime Cressy,2022-03-01,55.0,Grass
Maxime Cressy,2022-04-01,50.0,Grass
Maxime Cressy,2022-05-01,42.5,Grass
Maxime Cressy,2022-06-01,32.2,Grass
Maxime Cressy,2022-07-01,42.5,Grass
Maxime Cressy,2022-08-01,59.4,Grass
Maxime Cressy,2022-09-01,67.5,Grass
Maxime Cressy,2022-10-01,52.1,Grass
Maxime Cressy,2023-01-01,38.3,Grass
Maxime Cressy,2023-02-01,45.0,Grass
Maxime Cressy,2023-03-01,45.0,Grass
Maxime Cressy,2023-04-01,40.0,Grass
Maxime Cressy,2023-05-01,35.0,Grass
Maxime Cressy,2023-06-01,32.5,Grass
Maxime Cressy,2023-07-01,20.0,Grass
Maxime Cressy,2024-02-01,12.5,Grass
Maxime Cressy,2024-07-01,15.0,Grass
Maximilian Marterer,2018-02-01,20.0,Clay
Maximilian Marterer,2018-03-01,27.5,Clay
Maximilian Marterer,2018-04-01,40.7,Clay
Maximilian Marterer,2018-05-01,55.8,Clay
Maximilian Marterer,2018-06-01,55.0,Clay
Maximilian Marterer,2018-07-01,52.9,Clay
Maximilian Marterer,2018-08-01,47.5,Clay
Maximilian Marterer,2018-09-01,40.0,Clay
Maximilian Marterer,2018-10-01,35.0,Clay
Maximilian Marterer,2018-12-01,27.5,Clay
Maximilian Marterer,2019-01-01,25.0,Clay
Maximilian Marterer,2019-02-01,26.0,Clay
Maximilian Marterer,2019-03-01,23.8,Clay
Maximilian Marterer,2019-04-01,25.0,Clay
Maximilian Marterer,2019-05-01,25.0,Clay
Maximilian Marterer,2020-09-01,33.3,Clay
Maximilian Marterer,2021-04-01,35.0,Clay
Maximilian Marterer,2021-05-01,30.0,Clay
Maximilian Marterer,2021-07-01,30.0,Clay
Maximilian Marterer,2021-08-01,30.0,Clay
Maximilian Marterer,2022-01-01,25.0,Clay
Maximilian Marterer,2022-06-01,30.0,Clay
Maximilian Marterer,2022-08-01,25.0,Clay
Maximilian Marterer,2023-01-01,33.3,Clay
Maximilian Marterer,2023-03-01,30.0,Clay
Maximilian Marterer,2023-07-01,37.0,Clay
Maximilian Marterer,2023-09-01,40.0,Clay
Maximilian Marterer,2023-10-01,46.3,Clay
Maximilian Marterer,2023-11-01,50.0,Clay
Maximilian Marterer,2024-01-01,50.0,Clay
Maximilian Marterer,2024-02-01,45.0,Clay
Maximilian Marterer,2024-04-01,37.5,Clay
Maximilian Marterer,2024-05-01,36.7,Clay
Maximilian Marterer,2024-06-01,30.0,Clay
Maximilian Marterer,2024-07-01,29.0,Clay
Maximilian Marterer,2024-08-01,20.0,Clay
Maximilian Marterer,2024-09-01,23.8,Clay
Maximilian Marterer,2024-10-01,30.0,Clay
Maximilian Marterer,2025-01-01,35.0,Clay
Maximilian Marterer,2025-05-01,35.0,Clay
Mikael Ymer,2019-02-01,40.0,Hard
Mikael Ymer,2019-03-01,40.0,Hard
Mikael Ymer,2019-05-01,40.0,Hard
Mikael Ymer,2019-07-01,45.0,Hard
Mikael Ymer,2019-09-01,50.0,Hard
Mikael Ymer,2019-10-01,50.0,Hard
Mikael Ymer,2019-11-01,48.3,Hard
Mikael Ymer,2020-01-01,43.0,Hard
Mikael Ymer,2020-02-01,47.5,Hard
Mikael Ymer,2020-03-01,52.5,Hard
Mikael Ymer,2020-08-01,50.0,Hard
Mikael Ymer,2020-09-01,50.0,Hard
Mikael Ymer,2021-02-01,45.0,Hard
Mikael Ymer,2021-03-01,48.3,Hard
Mikael Ymer,2021-05-01,46.0,Hard
Mikael Ymer,2021-06-01,45.0,Hard
Mikael Ymer,2021-07-01,45.0,Hard
Mikael Ymer,2021-08-01,56.4,Hard
Mikael Ymer,2021-09-01,56.7,Hard
Mikael Ymer,2021-10-01,55.0,Hard
Mikael Ymer,2021-11-01,53.3,Hard
Mikael Ymer,2021-12-01,50.0,Hard
Mikael Ymer,2022-01-01,49.4,Hard
Mikael Ymer,2022-02-01,37.5,Hard
Mikael Ymer,2022-04-01,35.0,Hard
Mikael Ymer,2022-05-01,40.0,Hard
Mikael Ymer,2022-06-01,45.0,Hard
Mikael Ymer,2022-07-01,42.5,Hard
Mikael Ymer,2022-08-01,49.4,Hard
Mikael Ymer,2022-09-01,51.4,Hard
Mikael Ymer,2022-10-01,59.4,Hard
Mikael Ymer,2023-01-01,57.0,Hard
Mikael Ymer,2023-02-01,55.6,Hard
Mikael Ymer,2023-03-01,47.5,Hard
Mikael Ymer,2023-05-01,43.3,Hard
Mikael Ymer,2023-06-01,40.0,Hard
Mikael Ymer,2023-07-01,43.3,Hard
Mikael Ymer,2025-01-01,40.0,Hard
Mikael Ymer,2025-07-01,40.0,Hard
Mikael Ymer,2025-10-01,35.0,Hard
Mikhail Kukushkin,2015-04-01,50.0,Hard
Mikhail Kukushkin,2015-05-01,42.5,Hard
Mikhail Kukushkin,2015-06-01,35.0,Hard
Mikhail Kukushkin,2015-07-01,37.5,Hard
Mikhail Kukushkin,2015-08-01,36.0,Hard
Mikhail Kukushkin,2015-09-01,40.0,Hard
Mikhail Kukushkin,2015-10-01,40.0,Hard
Mikhail Kukushkin,2016-01-01,42.5,Hard
Mikhail Kukushkin,2016-02-01,45.8,Hard
Mikhail Kukushkin,2016-03-01,45.7,Hard
Mikhail Kukushkin,2016-04-01,45.0,Hard
Mikhail Kukushkin,2016-05-01,45.0,Hard
Mikhail Kukushkin,2016-06-01,40.0,Hard
Mikhail Kukushkin,2016-08-01,37.5,Hard
Mikhail Kukushkin,2016-09-01,36.0,Hard
Mikhail Kukushkin,2016-10-01,30.0,Hard
Mikhail Kukushkin,2017-01-01,25.0,Hard
Mikhail Kukushkin,2017-02-01,33.0,Hard
Mikhail Kukushkin,2017-03-01,37.5,Hard
Mikhail Kukushkin,2017-04-01,40.0,Hard
Mikhail Kukushkin,2017-05-01,40.8,Hard
Mikhail Kukushkin,2017-07-01,45.0,Hard
Mikhail Kukushkin,2017-08-01,43.3,Hard
Mikhail Kukushkin,2017-09-01,47.5,Hard
Mikhail Kukushkin,2017-10-01,45.0,Hard
Mikhail Kukushkin,2018-01-01,48.8,Hard
Mikhail Kukushkin,2018-02-01,50.0,Hard
Mikhail Kukushkin,2018-03-01,45.0,Hard
Mikhail Kukushkin,2018-04-01,42.5,Hard
Mikhail Kukushkin,2018-05-01,40.8,Hard
Mikhail Kukushkin,2018-06-01,40.0,Hard
Mikhail Kukushkin,2018-07-01,43.8,Hard
Mikhail Kukushkin,2018-08-01,51.7,Hard
Mikhail Kukushkin,2018-09-01,56.3,Hard
Mikhail Kukushkin,2018-10-01,56.1,Hard
Mikhail Kukushkin,2019-01-01,50.0,Hard
Mikhail Kukushkin,2019-02-01,57.7,Hard
Mikhail Kukushkin,2019-03-01,60.0,Hard
Mikhail Kukushkin,2019-04-01,53.8,Hard
Mikhail Kukushkin,2019-05-01,45.0,Hard
Mikhail Kukushkin,2019-06-01,38.8,Hard
Mikhail Kukushkin,2019-07-01,36.4,Hard
Mikhail Kukushkin,2019-08-01,35.0,Hard
Mikhail Kukushkin,2019-09-01,43.8,Hard
Mikhail Kukushkin,2019-10-01,50.0,Hard
Mikhail Kukushkin,2019-11-01,47.5,Hard
Mikhail Kukushkin,2020-01-01,45.0,Hard
Mikhail Kukushkin,2020-02-01,40.0,Hard
Mikhail Kukushkin,2020-03-01,35.0,Hard
Mikhail Kukushkin,2020-08-01,38.3,Hard
Mikhail Kukushkin,2020-09-01,40.0,Hard
Mikhail Kukushkin,2020-10-01,38.8,Hard
Mikhail Kukushkin,2021-02-01,38.3,Hard
Mikhail Kukushkin,2021-03-01,33.8,Hard
Mikhail Kukushkin,2021-04-01,35.0,Hard
Mikhail Kukushkin,2021-05-01,35.0,Hard
Mikhail Kukushkin,2021-06-01,35.0,Hard
Mikhail Kukushkin,2021-07-01,32.5,Hard
Mikhail Kukushkin,2021-08-01,30.0,Hard
Mikhail Kukushkin,2021-09-01,25.0,Hard
Mikhail Kukushkin,2021-11-01,27.5,Hard
Mikhail Kukushkin,2021-12-01,30.0,Hard
Mikhail Kukushkin,2022-01-01,25.0,Hard
Mikhail Kukushkin,2022-02-01,25.0,Hard
Mikhail Kukushkin,2022-03-01,22.5,Hard
Mikhail Kukushkin,2022-04-01,25.0,Hard
Mikhail Kukushkin,2022-06-01,20.0,Hard
Mikhail Kukushkin,2022-09-01,20.0,Hard
Mikhail Kukushkin,2022-10-01,20.0,Hard
Mikhail Kukushkin,2023-09-01,20.0,Hard
Mikhail Kukushkin,2023-10-01,22.5,Hard
Mikhail Kukushkin,2024-05-01,20.0,Hard
Mikhail Kukushkin,2024-09-01,28.3,Hard
Mikhail Kukushkin,2024-10-01,25.0,Hard
Mikhail Kukushkin,2024-12-01,20.0,Hard
Mikhail Kukushkin,2025-01-01,20.0,Hard
Mikhail Youzhny,2015-06-01,30.0,Hard
Mikhail Youzhny,2015-07-01,27.5,Hard
Mikhail Youzhny,2015-08-01,29.2,Hard
Mikhail Youzhny,2015-09-01,27.5,Hard
Mikhail Youzhny,2015-10-01,22.5,Hard
Mikhail Youzhny,2016-02-01,20.0,Hard
Mikhail Youzhny,2016-03-01,23.8,Hard
Mikhail Youzhny,2016-04-01,30.0,Hard
Mikhail Youzhny,2016-05-01,30.0,Hard
Mikhail Youzhny,2016-06-01,35.6,Hard
Mikhail Youzhny,2016-07-01,45.8,Hard
Mikhail Youzhny,2016-08-01,52.1,Hard
Mikhail Youzhny,2016-09-01,56.7,Hard
Mikhail Youzhny,2016-10-01,48.3,Hard
Mikhail Youzhny,2017-01-01,50.0,Hard
Mikhail Youzhny,2017-02-01,47.0,Hard
Mikhail Youzhny,2017-03-01,43.3,Hard
Mikhail Youzhny,2017-04-01,35.0,Hard
Mikhail Youzhny,2017-05-01,35.0,Hard
Mikhail Youzhny,2017-06-01,33.3,Hard
Mikhail Youzhny,2017-07-01,33.0,Hard
Mikhail Youzhny,2017-08-01,25.0,Hard
Mikhail Youzhny,2017-09-01,27.5,Hard
Mikhail Youzhny,2018-01-01,25.0,Hard
Mikhail Youzhny,2018-02-01,28.0,Hard
Mikhail Youzhny,2018-03-01,31.3,Hard
Mikhail Youzhny,2018-04-01,35.0,Hard
Mikhail Youzhny,2018-05-01,35.0,Hard
Mikhail Youzhny,2018-06-01,33.3,Hard
Mikhail Youzhny,2018-07-01,30.0,Hard
Mikhail Youzhny,2018-08-01,27.5,Hard
Mikhail Youzhny,2018-09-01,27.5,Hard
Milos Raonic,2015-03-01,71.0,Grass
Milos Raonic,2015-04-01,70.0,Grass
Milos Raonic,2015-05-01,68.3,Grass
Milos Raonic,2015-06-01,65.8,Grass
Milos Raonic,2015-08-01,61.0,Grass
Milos Raonic,2015-09-01,62.5,Grass
Milos Raonic,2015-10-01,62.5,Grass
Milos Raonic,2016-01-01,73.5,Grass
Milos Raonic,2016-03-01,84.0,Grass
Milos Raonic,2016-04-01,83.8,Grass
Milos Raonic,2016-05-01,76.0,Grass
Milos Raonic,2016-06-01,75.0,Grass
Milos Raonic,2016-07-01,76.7,Grass
Milos Raonic,2016-08-01,78.3,Grass
Milos Raonic,2016-09-01,70.0,Grass
Milos Raonic,2016-10-01,65.9,Grass
Milos Raonic,2016-11-01,60.0,Grass
Milos Raonic,2017-01-01,60.6,Grass
Milos Raonic,2017-02-01,69.0,Grass
Milos Raonic,2017-03-01,67.5,Grass
Milos Raonic,2017-05-01,70.0,Grass
Milos Raonic,2017-06-01,60.0,Grass
Milos Raonic,2017-07-01,66.9,Grass
Milos Raonic,2017-08-01,65.0,Grass
Milos Raonic,2017-10-01,62.5,Grass
Milos Raonic,2018-01-01,57.5,Grass
Milos Raonic,2018-02-01,55.0,Grass
Milos Raonic,2018-03-01,57.8,Grass
Milos Raonic,2018-04-01,58.3,Grass
Milos Raonic,2018-05-01,61.7,Grass
Milos Raonic,2018-06-01,72.1,Grass
Milos Raonic,2018-07-01,72.0,Grass
Milos Raonic,2018-08-01,71.5,Grass
Milos Raonic,2018-09-01,70.0,Grass
Milos Raonic,2018-10-01,67.5,Grass
Milos Raonic,2018-12-01,61.7,Grass
Milos Raonic,2019-01-01,62.0,Grass
Milos Raonic,2019-02-01,58.3,Grass
Milos Raonic,2019-03-01,59.3,Grass
Milos Raonic,2019-06-01,67.9,Grass
Milos Raonic,2019-07-01,67.5,Grass
Milos Raonic,2019-08-01,67.5,Grass
Milos Raonic,2019-09-01,57.5,Grass
Milos Raonic,2019-10-01,55.0,Grass
Milos Raonic,2020-01-01,51.7,Grass
Milos Raonic,2020-02-01,50.0,Grass
Milos Raonic,2020-08-01,60.6,Grass
Milos Raonic,2020-09-01,70.0,Grass
Milos Raonic,2020-10-01,68.6,Grass
Milos Raonic,2020-11-01,72.0,Grass
Milos Raonic,2021-02-01,67.5,Grass
Milos Raonic,2021-03-01,69.0,Grass
Milos Raonic,2021-07-01,65.0,Grass
Milos Raonic,2023-06-01,67.5,Grass
Milos Raonic,2023-07-01,62.5,Grass
Milos Raonic,2023-08-01,57.5,Grass
Milos Raonic,2023-11-01,60.0,Grass
Milos Raonic,2024-01-01,55.0,Grass
Milos Raonic,2024-02-01,53.3,Grass
Milos Raonic,2024-03-01,52.5,Grass
Milos Raonic,2024-06-01,54.0,Grass
Milos Raonic,2024-07-01,50.0,Grass
Miomir Kecmanovic,2019-06-01,53.3,Hard
Miomir Kecmanovic,2019-07-01,56.9,Hard
Miomir Kecmanovic,2019-08-01,62.9,Hard
Miomir Kecmanovic,2019-09-01,60.0,Hard
Miomir Kecmanovic,2019-10-01,51.2,Hard
Miomir Kecmanovic,2019-11-01,48.8,Hard
Miomir Kecmanovic,2020-01-01,47.0,Hard
Miomir Kecmanovic,2020-02-01,50.6,Hard
Miomir Kecmanovic,2020-08-01,55.0,Hard
Miomir Kecmanovic,2020-09-01,62.9,Hard
Miomir Kecmanovic,2020-10-01,60.0,Hard
Miomir Kecmanovic,2020-11-01,55.0,Hard
Miomir Kecmanovic,2021-01-01,50.0,Hard
Miomir Kecmanovic,2021-02-01,54.2,Hard
Miomir Kecmanovic,2021-03-01,47.1,Hard
Miomir Kecmanovic,2021-04-01,47.5,Hard
Miomir Kecmanovic,2021-05-01,44.0,Hard
Miomir Kecmanovic,2021-06-01,40.0,Hard
Miomir Kecmanovic,2021-07-01,42.5,Hard
Miomir Kecmanovic,2021-08-01,32.5,Hard
Miomir Kecmanovic,2021-09-01,31.3,Hard
Miomir Kecmanovic,2021-10-01,25.0,Hard
Miomir Kecmanovic,2021-11-01,25.0,Hard
Miomir Kecmanovic,2021-12-01,25.0,Hard
Miomir Kecmanovic,2022-01-01,31.7,Hard
Miomir Kecmanovic,2022-02-01,43.8,Hard
Miomir Kecmanovic,2022-03-01,65.5,Hard
Miomir Kecmanovic,2022-04-01,73.6,Hard
Miomir Kecmanovic,2022-05-01,70.0,Hard
Miomir Kecmanovic,2022-06-01,59.0,Hard
Miomir Kecmanovic,2022-08-01,52.5,Hard
Miomir Kecmanovic,2022-09-01,45.0,Hard
Miomir Kecmanovic,2022-10-01,49.5,Hard
Miomir Kecmanovic,2023-01-01,50.8,Hard
Miomir Kecmanovic,2023-02-01,55.7,Hard
Miomir Kecmanovic,2023-03-01,48.3,Hard
Miomir Kecmanovic,2023-04-01,54.5,Hard
Miomir Kecmanovic,2023-05-01,50.0,Hard
Miomir Kecmanovic,2023-06-01,44.0,Hard
Miomir Kecmanovic,2023-07-01,42.0,Hard
Miomir Kecmanovic,2023-08-01,36.3,Hard
Miomir Kecmanovic,2023-09-01,38.3,Hard
Miomir Kecmanovic,2023-10-01,43.6,Hard
Miomir Kecmanovic,2023-11-01,43.3,Hard
Miomir Kecmanovic,2024-01-01,50.6,Hard
Miomir Kecmanovic,2024-02-01,49.2,Hard
Miomir Kecmanovic,2024-03-01,45.0,Hard
Miomir Kecmanovic,2024-04-01,44.3,Hard
Miomir Kecmanovic,2024-05-01,42.0,Hard
Miomir Kecmanovic,2024-06-01,42.0,Hard
Miomir Kecmanovic,2024-07-01,49.2,Hard
Miomir Kecmanovic,2024-08-01,45.0,Hard
Miomir Kecmanovic,2024-09-01,42.5,Hard
Miomir Kecmanovic,2024-10-01,46.7,Hard
Miomir Kecmanovic,2024-11-01,40.0,Hard
Miomir Kecmanovic,2024-12-01,45.0,Hard
Miomir Kecmanovic,2025-01-01,54.4,Hard
Miomir Kecmanovic,2025-02-01,58.6,Hard
Miomir Kecmanovic,2025-03-01,61.7,Hard
Miomir Kecmanovic,2025-04-01,56.3,Hard
Miomir Kecmanovic,2025-05-01,46.3,Hard
Miomir Kecmanovic,2025-06-01,42.0,Hard
Miomir Kecmanovic,2025-07-01,33.3,Hard
Miomir Kecmanovic,2025-08-01,34.0,Hard
Miomir Kecmanovic,2025-09-01,35.0,Hard
Miomir Kecmanovic,2025-10-01,38.3,Hard
Miomir Kecmanovic,2025-11-01,43.3,Hard
Mischa Zverev,2016-07-01,41.7,Grass
Mischa Zverev,2016-08-01,38.3,Grass
Mischa Zverev,2016-09-01,37.5,Grass
Mischa Zverev,2016-10-01,47.2,Grass
Mischa Zverev,2017-01-01,60.0,Grass
Mischa Zverev,2017-02-01,56.3,Grass
Mischa Zverev,2017-03-01,48.3,Grass
Mischa Zverev,2017-04-01,36.7,Grass
Mischa Zverev,2017-05-01,34.0,Grass
Mischa Zverev,2017-06-01,44.4,Grass
Mischa Zverev,2017-07-01,56.3,Grass
Mischa Zverev,2017-08-01,58.1,Grass
Mischa Zverev,2017-09-01,59.0,Grass
Mischa Zverev,2017-10-01,55.0,Grass
Mischa Zverev,2018-01-01,50.0,Grass
Mischa Zverev,2018-02-01,36.0,Grass
Mischa Zverev,2018-03-01,30.0,Grass
Mischa Zverev,2018-04-01,32.5,Grass
Mischa Zverev,2018-05-01,35.0,Grass
Mischa Zverev,2018-06-01,46.9,Grass
Mischa Zverev,2018-07-01,53.6,Grass
Mischa Zverev,2018-08-01,58.3,Grass
Mischa Zverev,2018-09-01,50.0,Grass
Mischa Zverev,2018-10-01,45.0,Grass
Mischa Zverev,2019-01-01,40.0,Grass
Mischa Zverev,2019-02-01,35.0,Grass
Mischa Zverev,2019-03-01,28.3,Grass
Mischa Zverev,2019-04-01,23.3,Grass
Mischa Zverev,2019-05-01,15.0,Grass
Mischa Zverev,2019-06-01,10.0,Grass
Mischa Zverev,2019-07-01,12.5,Grass
Mischa Zverev,2020-02-01,15.0,Grass
Mischa Zverev,2020-10-01,20.0,Grass
Mischa Zverev,2021-03-01,20.0,Grass
Nick Kyrgios,2015-05-01,60.0,Hard
Nick Kyrgios,2015-06-01,58.0,Hard
Nick Kyrgios,2015-07-01,60.0,Hard
Nick Kyrgios,2015-08-01,55.0,Hard
Nick Kyrgios,2015-09-01,51.2,Hard
Nick Kyrgios,2015-10-01,58.3,Hard
Nick Kyrgios,2016-01-01,56.7,Hard
Nick Kyrgios,2016-02-01,66.1,Hard
Nick Kyrgios,2016-03-01,70.8,Hard
Nick Kyrgios,2016-04-01,76.7,Hard
Nick Kyrgios,2016-05-01,73.5,Hard
Nick Kyrgios,2016-06-01,68.0,Hard
Nick Kyrgios,2016-07-01,60.0,Hard
Nick Kyrgios,2016-08-01,66.7,Hard
Nick Kyrgios,2016-09-01,65.0,Hard
Nick Kyrgios,2016-10-01,70.7,Hard
Nick Kyrgios,2017-01-01,75.0,Hard
Nick Kyrgios,2017-02-01,73.1,Hard
Nick Kyrgios,2017-03-01,75.0,Hard
Nick Kyrgios,2017-04-01,75.0,Hard
Nick Kyrgios,2017-05-01,75.0,Hard
Nick Kyrgios,2017-06-01,65.0,Hard
Nick Kyrgios,2017-07-01,60.0,Hard
Nick Kyrgios,2017-08-01,59.0,Hard
Nick Kyrgios,2017-09-01,50.0,Hard
Nick Kyrgios,2017-10-01,60.7,Hard
Nick Kyrgios,2018-01-01,64.4,Hard
Nick Kyrgios,2018-02-01,67.5,Hard
Nick Kyrgios,2018-03-01,71.7,Hard
Nick Kyrgios,2018-04-01,67.5,Hard
Nick Kyrgios,2018-06-01,69.3,Hard
Nick Kyrgios,2018-07-01,66.0,Hard
Nick Kyrgios,2018-08-01,61.4,Hard
Nick Kyrgios,2018-09-01,60.0,Hard
Nick Kyrgios,2018-10-01,55.0,Hard
Nick Kyrgios,2018-12-01,50.0,Hard
Nick Kyrgios,2019-01-01,45.0,Hard
Nick Kyrgios,2019-02-01,50.0,Hard
Nick Kyrgios,2019-03-01,55.0,Hard
Nick Kyrgios,2019-05-01,55.0,Hard
Nick Kyrgios,2019-06-01,55.0,Hard
Nick Kyrgios,2019-07-01,61.3,Hard
Nick Kyrgios,2019-08-01,60.0,Hard
Nick Kyrgios,2019-09-01,57.5,Hard
Nick Kyrgios,2019-11-01,62.5,Hard
Nick Kyrgios,2020-01-01,68.8,Hard
Nick Kyrgios,2020-02-01,60.0,Hard
Nick Kyrgios,2021-02-01,62.5,Hard
Nick Kyrgios,2021-06-01,68.3,Hard
Nick Kyrgios,2021-07-01,67.5,Hard
Nick Kyrgios,2021-08-01,55.0,Hard
Nick Kyrgios,2021-09-01,50.0,Hard
Nick Kyrgios,2022-01-01,47.5,Hard
Nick Kyrgios,2022-03-01,52.8,Hard
Nick Kyrgios,2022-04-01,56.3,Hard
Nick Kyrgios,2022-06-01,72.9,Hard
Nick Kyrgios,2022-08-01,81.8,Hard
Nick Kyrgios,2022-10-01,80.0,Hard
Nick Kyrgios,2023-06-01,75.0,Hard
Nick Kyrgios,2024-12-01,70.0,Hard
Nick Kyrgios,2025-01-01,65.0,Hard
Nick Kyrgios,2025-03-01,58.3,Hard
Nicolas Almagro,2015-04-01,55.0,Clay
Nicolas Almagro,2015-05-01,56.0,Clay
Nicolas Almagro,2015-06-01,52.5,Clay
Nicolas Almagro,2015-07-01,45.0,Clay
Nicolas Almagro,2015-08-01,47.5,Clay
Nicolas Almagro,2015-09-01,45.0,Clay
Nicolas Almagro,2015-10-01,41.7,Clay
Nicolas Almagro,2016-01-01,40.0,Clay
Nicolas Almagro,2016-02-01,48.8,Clay
Nicolas Almagro,2016-03-01,50.0,Clay
Nicolas Almagro,2016-04-01,48.3,Clay
Nicolas Almagro,2016-05-01,57.5,Clay
Nicolas Almagro,2016-06-01,52.5,Clay
Nicolas Almagro,2016-07-01,51.7,Clay
Nicolas Almagro,2016-08-01,58.6,Clay
Nicolas Almagro,2016-09-01,55.0,Clay
Nicolas Almagro,2016-10-01,48.3,Clay
Nicolas Almagro,2017-01-01,43.0,Clay
Nicolas Almagro,2017-04-01,39.0,Clay
Nicolas Almagro,2017-05-01,42.2,Clay
Nicolas Almagro,2017-08-01,45.0,Clay
Nicolas Almagro,2017-09-01,42.5,Clay
Nicolas Almagro,2018-07-01,40.0,Clay
Nicolas Jarry,2018-02-01,52.9,Clay
Nicolas Jarry,2018-03-01,65.0,Clay
Nicolas Jarry,2018-04-01,67.5,Clay
Nicolas Jarry,2018-05-01,57.5,Clay
Nicolas Jarry,2018-06-01,55.0,Clay
Nicolas Jarry,2018-07-01,49.1,Clay
Nicolas Jarry,2018-08-01,53.0,Clay
Nicolas Jarry,2018-10-01,55.8,Clay
Nicolas Jarry,2018-12-01,57.5,Clay
Nicolas Jarry,2019-01-01,50.0,Clay
Nicolas Jarry,2019-02-01,46.7,Clay
Nicolas Jarry,2019-03-01,36.7,Clay
Nicolas Jarry,2019-04-01,39.0,Clay
Nicolas Jarry,2019-05-01,47.5,Clay
Nicolas Jarry,2019-06-01,52.0,Clay
Nicolas Jarry,2019-07-01,60.7,Clay
Nicolas Jarry,2019-08-01,60.0,Clay
Nicolas Jarry,2019-10-01,55.0,Clay
Nicolas Jarry,2019-11-01,47.5,Clay
Nicolas Jarry,2020-01-01,40.0,Clay
Nicolas Jarry,2021-02-01,37.5,Clay
Nicolas Jarry,2021-03-01,35.0,Clay
Nicolas Jarry,2021-09-01,30.0,Clay
Nicolas Jarry,2022-01-01,30.0,Clay
Nicolas Jarry,2022-02-01,27.5,Clay
Nicolas Jarry,2022-03-01,25.0,Clay
Nicolas Jarry,2022-07-01,22.5,Clay
Nicolas Jarry,2022-08-01,20.0,Clay
Nicolas Jarry,2022-09-01,26.3,Clay
Nicolas Jarry,2022-10-01,30.0,Clay
Nicolas Jarry,2023-01-01,35.0,Clay
Nicolas Jarry,2023-02-01,51.5,Clay
Nicolas Jarry,2023-04-01,66.4,Clay
Nicolas Jarry,2023-05-01,70.0,Clay
Nicolas Jarry,2023-06-01,67.5,Clay
Nicolas Jarry,2023-07-01,66.7,Clay
Nicolas Jarry,2023-08-01,65.8,Clay
Nicolas Jarry,2023-09-01,57.5,Clay
Nicolas Jarry,2023-10-01,61.9,Clay
Nicolas Jarry,2024-01-01,65.0,Clay
Nicolas Jarry,2024-02-01,61.1,Clay
Nicolas Jarry,2024-03-01,55.0,Clay
Nicolas Jarry,2024-04-01,50.0,Clay
Nicolas Jarry,2024-05-01,53.6,Clay
Nicolas Jarry,2024-07-01,45.0,Clay
Nicolas Jarry,2024-08-01,41.7,Clay
Nicolas Jarry,2024-09-01,40.0,Clay
Nicolas Jarry,2024-10-01,35.0,Clay
Nicolas Jarry,2024-12-01,33.3,Clay
Nicolas Jarry,2025-01-01,25.0,Clay
Nicolas Jarry,2025-02-01,28.7,Clay
Nicolas Jarry,2025-03-01,30.0,Clay
Nicolas Jarry,2025-04-01,30.0,Clay
Nicolas Jarry,2025-05-01,32.5,Clay
Nicolas Jarry,2025-06-01,34.2,Clay
Nicolas Jarry,2025-07-01,35.0,Clay
Nicolas Jarry,2025-08-01,31.7,Clay
Nicolas Mahut,2015-09-01,52.5,Grass
Nicolas Mahut,2015-11-01,55.0,Grass
Nicolas Mahut,2016-01-01,55.8,Grass
Nicolas Mahut,2016-02-01,45.0,Grass
Nicolas Mahut,2016-03-01,48.3,Grass
Nicolas Mahut,2016-04-01,45.0,Grass
Nicolas Mahut,2016-05-01,43.0,Grass
Nicolas Mahut,2016-06-01,52.0,Grass
Nicolas Mahut,2016-08-01,61.0,Grass
Nicolas Mahut,2016-09-01,70.0,Grass
Nicolas Mahut,2016-10-01,63.7,Grass
Nicolas Mahut,2017-01-01,55.0,Grass
Nicolas Mahut,2017-02-01,47.5,Grass
Nicolas Mahut,2017-03-01,46.0,Grass
Nicolas Mahut,2017-04-01,40.0,Grass
Nicolas Mahut,2017-05-01,43.8,Grass
Nicolas Mahut,2017-06-01,40.0,Grass
Nicolas Mahut,2017-07-01,36.7,Grass
Nicolas Mahut,2017-08-01,40.0,Grass
Nicolas Mahut,2017-09-01,42.5,Grass
Nicolas Mahut,2017-10-01,40.0,Grass
Nicolas Mahut,2018-02-01,44.2,Grass
Nicolas Mahut,2018-03-01,45.0,Grass
Nicolas Mahut,2018-05-01,45.0,Grass
Nicolas Mahut,2018-07-01,50.0,Grass
Nicolas Mahut,2018-08-01,50.0,Grass
Nicolas Mahut,2018-09-01,45.0,Grass
Nicolas Mahut,2018-10-01,40.0,Grass
Nicolas Mahut,2019-02-01,40.0,Grass
Nicolas Mahut,2019-05-01,41.7,Grass
Nicolas Mahut,2019-06-01,41.7,Grass
Nicolas Mahut,2021-02-01,45.0,Grass
Nikoloz Basilashvili,2016-07-01,40.0,Clay
Nikoloz Basilashvili,2016-08-01,35.0,Clay
Nikoloz Basilashvili,2016-09-01,40.0,Clay
Nikoloz Basilashvili,2016-10-01,37.5,Clay
Nikoloz Basilashvili,2017-01-01,35.0,Clay
Nikoloz Basilashvili,2017-02-01,51.9,Clay
Nikoloz Basilashvili,2017-03-01,55.0,Clay
Nikoloz Basilashvili,2017-04-01,62.0,Clay
Nikoloz Basilashvili,2017-05-01,58.8,Clay
Nikoloz Basilashvili,2017-06-01,46.7,Clay
Nikoloz Basilashvili,2017-07-01,44.0,Clay
Nikoloz Basilashvili,2017-08-01,39.0,Clay
Nikoloz Basilashvili,2017-09-01,39.2,Clay
Nikoloz Basilashvili,2017-10-01,35.0,Clay
Nikoloz Basilashvili,2018-01-01,41.0,Clay
Nikoloz Basilashvili,2018-02-01,40.0,Clay
Nikoloz Basilashvili,2018-03-01,33.3,Clay
Nikoloz Basilashvili,2018-04-01,35.7,Clay
Nikoloz Basilashvili,2018-05-01,35.0,Clay
Nikoloz Basilashvili,2018-06-01,38.3,Clay
Nikoloz Basilashvili,2018-07-01,45.6,Clay
Nikoloz Basilashvili,2018-08-01,52.0,Clay
Nikoloz Basilashvili,2018-09-01,61.3,Clay
Nikoloz Basilashvili,2018-10-01,66.5,Clay
Nikoloz Basilashvili,2018-12-01,66.7,Clay
Nikoloz Basilashvili,2019-01-01,65.0,Clay
Nikoloz Basilashvili,2019-02-01,61.7,Clay
Nikoloz Basilashvili,2019-03-01,53.8,Clay
Nikoloz Basilashvili,2019-04-01,51.7,Clay
Nikoloz Basilashvili,2019-05-01,50.0,Clay
Nikoloz Basilashvili,2019-06-01,45.0,Clay
Nikoloz Basilashvili,2019-07-01,47.9,Clay
Nikoloz Basilashvili,2019-08-01,60.0,Clay
Nikoloz Basilashvili,2019-09-01,58.8,Clay
Nikoloz Basilashvili,2019-10-01,65.0,Clay
Nikoloz Basilashvili,2020-01-01,52.0,Clay
Nikoloz Basilashvili,2020-02-01,43.3,Clay
Nikoloz Basilashvili,2020-03-01,45.0,Clay
Nikoloz Basilashvili,2020-08-01,40.0,Clay
Nikoloz Basilashvili,2020-09-01,32.5,Clay
Nikoloz Basilashvili,2020-11-01,22.5,Clay
Nikoloz Basilashvili,2021-01-01,28.3,Clay
Nikoloz Basilashvili,2021-02-01,25.0,Clay
Nikoloz Basilashvili,2021-03-01,30.6,Clay
Nikoloz Basilashvili,2021-04-01,48.5,Clay
Nikoloz Basilashvili,2021-05-01,59.0,Clay
Nikoloz Basilashvili,2021-06-01,53.6,Clay
Nikoloz Basilashvili,2021-07-01,57.0,Clay
Nikoloz Basilashvili,2021-08-01,54.3,Clay
Nikoloz Basilashvili,2021-09-01,58.8,Clay
Nikoloz Basilashvili,2021-10-01,61.3,Clay
Nikoloz Basilashvili,2021-11-01,60.0,Clay
Nikoloz Basilashvili,2022-01-01,50.0,Clay
Nikoloz Basilashvili,2022-02-01,44.2,Clay
Nikoloz Basilashvili,2022-03-01,40.0,Clay
Nikoloz Basilashvili,2022-04-01,27.5,Clay
Nikoloz Basilashvili,2022-05-01,37.5,Clay
Nikoloz Basilashvili,2022-06-01,42.9,Clay
Nikoloz Basilashvili,2022-07-01,45.0,Clay
Nikoloz Basilashvili,2022-08-01,41.7,Clay
Nikoloz Basilashvili,2022-09-01,38.3,Clay
Nikoloz Basilashvili,2022-10-01,35.0,Clay
Nikoloz Basilashvili,2023-01-01,30.0,Clay
Nikoloz Basilashvili,2023-02-01,28.3,Clay
Nikoloz Basilashvili,2023-03-01,25.0,Clay
Nikoloz Basilashvili,2025-01-01,22.5,Clay
Nikoloz Basilashvili,2025-03-01,25.0,Clay
Nikoloz Basilashvili,2025-05-01,25.0,Clay
Nikoloz Basilashvili,2025-06-01,30.0,Clay
Nikoloz Basilashvili,2025-07-01,28.3,Clay
Nikoloz Basilashvili,2025-09-01,35.0,Clay
Nikoloz Basilashvili,2025-10-01,36.7,Clay
Novak Djokovic,2015-03-01,93.3,Grass
Novak Djokovic,2015-04-01,95.0,Grass
Novak Djokovic,2015-05-01,98.3,Grass
Novak Djokovic,2015-06-01,95.0,Grass
Novak Djokovic,2015-08-01,90.9,Grass
Novak Djokovic,2015-10-01,91.5,Grass
Novak Djokovic,2015-11-01,97.0,Grass
Novak Djokovic,2016-01-01,95.0,Grass
Novak Djokovic,2016-02-01,93.3,Grass
Novak Djokovic,2016-03-01,94.6,Grass
Novak Djokovic,2016-04-01,90.0,Grass
Novak Djokovic,2016-05-01,91.5,Grass
Novak Djokovic,2016-06-01,90.0,Grass
Novak Djokovic,2016-07-01,90.0,Grass
Novak Djokovic,2016-08-01,86.9,Grass
Novak Djokovic,2016-10-01,82.1,Grass
Novak Djokovic,2016-11-01,79.0,Grass
Novak Djokovic,2017-01-01,79.3,Grass
Novak Djokovic,2017-02-01,78.8,Grass
Novak Djokovic,2017-03-01,78.3,Grass
Novak Djokovic,2017-04-01,78.8,Grass
Novak Djokovic,2017-05-01,76.1,Grass
Novak Djokovic,2017-06-01,78.8,Grass
Novak Djokovic,2017-07-01,83.0,Grass
Novak Djokovic,2018-01-01,83.8,Grass
Novak Djokovic,2018-03-01,75.0,Grass
Novak Djokovic,2018-04-01,71.3,Grass
Novak Djokovic,2018-05-01,63.8,Grass
Novak Djokovic,2018-06-01,68.0,Grass
Novak Djokovic,2018-07-01,80.0,Grass
Novak Djokovic,2018-08-01,89.1,Grass
Novak Djokovic,2018-09-01,90.0,Grass
Novak Djokovic,2018-10-01,92.0,Grass
Novak Djokovic,2018-11-01,89.0,Grass
Novak Djokovic,2018-12-01,83.8,Grass
Novak Djokovic,2019-01-01,85.0,Grass
Novak Djokovic,2019-03-01,82.0,Grass
Novak Djokovic,2019-04-01,78.3,Grass
Novak Djokovic,2019-05-01,82.2,Grass
Novak Djokovic,2019-07-01,87.9,Grass
Novak Djokovic,2019-08-01,87.5,Grass
Novak Djokovic,2019-09-01,86.0,Grass
Novak Djokovic,2019-10-01,86.3,Grass
Novak Djokovic,2019-11-01,80.8,Grass
Novak Djokovic,2020-01-01,86.9,Grass
Novak Djokovic,2020-02-01,95.0,Grass
Novak Djokovic,2020-08-01,99.4,Grass
Novak Djokovic,2020-09-01,94.6,Grass
Novak Djokovic,2020-10-01,88.3,Grass
Novak Djokovic,2020-11-01,81.3,Grass
Novak Djokovic,2021-02-01,80.0,Grass
Novak Djokovic,2021-04-01,77.0,Grass
Novak Djokovic,2021-05-01,83.1,Grass
Novak Djokovic,2021-06-01,92.9,Grass
Novak Djokovic,2021-07-01,96.7,Grass
Novak Djokovic,2021-08-01,89.3,Grass
Novak Djokovic,2021-11-01,83.6,Grass
Novak Djokovic,2021-12-01,87.5,Grass
Novak Djokovic,2022-02-01,88.3,Grass
Novak Djokovic,2022-04-01,81.0,Grass
Novak Djokovic,2022-05-01,78.2,Grass
Novak Djokovic,2022-06-01,85.7,Grass
Novak Djokovic,2022-09-01,88.3,Grass
Novak Djokovic,2022-10-01,91.5,Grass
Novak Djokovic,2022-11-01,91.0,Grass
Novak Djokovic,2023-01-01,95.0,Grass
Novak Djokovic,2023-02-01,96.2,Grass
Novak Djokovic,2023-04-01,90.0,Grass
Novak Djokovic,2023-05-01,81.4,Grass
Novak Djokovic,2023-07-01,82.1,Grass
Novak Djokovic,2023-08-01,92.5,Grass
Novak Djokovic,2023-09-01,95.0,Grass
Novak Djokovic,2023-10-01,95.0,Grass
Novak Djokovic,2023-11-01,95.0,Grass
Novak Djokovic,2024-01-01,85.6,Grass
Novak Djokovic,2024-03-01,77.5,Grass
Novak Djokovic,2024-04-01,73.8,Grass
Novak Djokovic,2024-05-01,71.5,Grass
Novak Djokovic,2024-07-01,76.5,Grass
Novak Djokovic,2024-08-01,86.7,Grass
Novak Djokovic,2024-09-01,85.0,Grass
Novak Djokovic,2024-10-01,87.5,Grass
Novak Djokovic,2024-12-01,83.3,Grass
Novak Djokovic,2025-01-01,84.2,Grass
Novak Djokovic,2025-02-01,75.0,Grass
Novak Djokovic,2025-03-01,72.9,Grass
Novak Djokovic,2025-04-01,62.5,Grass
Novak Djokovic,2025-05-01,68.5,Grass
Novak Djokovic,2025-06-01,78.3,Grass
Novak Djokovic,2025-08-01,84.2,Grass
Novak Djokovic,2025-10-01,84.0,Grass
Novak Djokovic,2025-11-01,82.5,Grass
Nuno Borges,2023-03-01,40.0,Clay
Nuno Borges,2023-04-01,36.3,Clay
Nuno Borges,2023-05-01,40.0,Clay
Nuno Borges,2023-06-01,35.0,Clay
Nuno Borges,2023-07-01,30.0,Clay
Nuno Borges,2023-08-01,27.5,Clay
Nuno Borges,2023-09-01,34.0,Clay
Nuno Borges,2023-10-01,33.3,Clay
Nuno Borges,2024-01-01,38.6,Clay
Nuno Borges,2024-02-01,47.1,Clay
Nuno Borges,2024-03-01,42.5,Clay
Nuno Borges,2024-04-01,47.5,Clay
Nuno Borges,2024-05-01,48.0,Clay
Nuno Borges,2024-06-01,42.5,Clay
Nuno Borges,2024-07-01,46.4,Clay
Nuno Borges,2024-08-01,55.0,Clay
Nuno Borges,2024-10-01,55.0,Clay
Nuno Borges,2024-11-01,55.0,Clay
Nuno Borges,2024-12-01,57.5,Clay
Nuno Borges,2025-01-01,53.6,Clay
Nuno Borges,2025-02-01,52.5,Clay
Nuno Borges,2025-03-01,55.0,Clay
Nuno Borges,2025-04-01,53.0,Clay
Nuno Borges,2025-05-01,48.3,Clay
Nuno Borges,2025-06-01,52.2,Clay
Nuno Borges,2025-07-01,50.0,Clay
Nuno Borges,2025-08-01,46.3,Clay
Nuno Borges,2025-09-01,41.3,Clay
Nuno Borges,2025-10-01,41.7,Clay
Nuno Borges,2025-11-01,40.0,Clay
Oscar Otte,2022-01-01,45.0,Clay
Oscar Otte,2022-02-01,41.3,Clay
Oscar Otte,2022-03-01,45.0,Clay
Oscar Otte,2022-04-01,48.8,Clay
Oscar Otte,2022-05-01,48.3,Clay
Oscar Otte,2022-06-01,60.0,Clay
Oscar Otte,2022-08-01,60.0,Clay
Oscar Otte,2022-09-01,50.8,Clay
Oscar Otte,2022-10-01,41.7,Clay
Oscar Otte,2022-11-01,30.0,Clay
Oscar Otte,2023-01-01,26.7,Clay
Oscar Otte,2023-02-01,20.0,Clay
Oscar Otte,2023-03-01,25.0,Clay
Oscar Otte,2023-04-01,26.3,Clay
Oscar Otte,2023-05-01,25.0,Clay
Oscar Otte,2023-06-01,25.0,Clay
Oscar Otte,2023-07-01,30.0,Clay
Oscar Otte,2024-06-01,25.0,Clay
Pablo Andujar,2015-04-01,45.0,Clay
Pablo Andujar,2015-05-01,47.5,Clay
Pablo Andujar,2015-06-01,53.0,Clay
Pablo Andujar,2015-07-01,55.0,Clay
Pablo Andujar,2015-08-01,44.0,Clay
Pablo Andujar,2016-01-01,41.3,Clay
Pablo Andujar,2016-02-01,31.7,Clay
Pablo Andujar,2016-09-01,30.0,Clay
Pablo Andujar,2018-01-01,30.0,Clay
Pablo Andujar,2018-02-01,23.3,Clay
Pablo Andujar,2018-04-01,33.1,Clay
Pablo Andujar,2018-05-01,35.0,Clay
Pablo Andujar,2018-12-01,35.0,Clay
Pablo Andujar,2019-01-01,35.0,Clay
Pablo Andujar,2019-02-01,35.0,Clay
Pablo Andujar,2019-03-01,40.0,Clay
Pablo Andujar,2019-04-01,52.0,Clay
Pablo Andujar,2019-05-01,47.5,Clay
Pablo Andujar,2019-07-01,41.1,Clay
Pablo Andujar,2019-08-01,56.7,Clay
Pablo Andujar,2019-09-01,50.0,Clay
Pablo Andujar,2019-10-01,50.0,Clay
Pablo Andujar,2020-01-01,45.0,Clay
Pablo Andujar,2020-02-01,35.8,Clay
Pablo Andujar,2020-08-01,30.0,Clay
Pablo Andujar,2020-09-01,25.0,Clay
Pablo Andujar,2020-10-01,22.5,Clay
Pablo Andujar,2020-11-01,20.0,Clay
Pablo Andujar,2021-01-01,20.0,Clay
Pablo Andujar,2021-02-01,23.3,Clay
Pablo Andujar,2021-03-01,32.5,Clay
Pablo Andujar,2021-04-01,31.3,Clay
Pablo Andujar,2021-05-01,38.6,Clay
Pablo Andujar,2021-06-01,43.3,Clay
Pablo Andujar,2021-07-01,40.0,Clay
Pablo Andujar,2021-08-01,43.3,Clay
Pablo Andujar,2021-09-01,40.0,Clay
Pablo Andujar,2021-10-01,41.7,Clay
Pablo Andujar,2022-01-01,48.3,Clay
Pablo Andujar,2022-02-01,47.9,Clay
Pablo Andujar,2022-03-01,45.0,Clay
Pablo Andujar,2022-04-01,46.3,Clay
Pablo Andujar,2022-05-01,40.0,Clay
Pablo Andujar,2022-06-01,40.0,Clay
Pablo Andujar,2022-07-01,40.0,Clay
Pablo Andujar,2022-09-01,37.5,Clay
Pablo Andujar,2023-01-01,35.0,Clay
Pablo Andujar,2023-02-01,30.0,Clay
Pablo Andujar,2023-04-01,25.0,Clay
Pablo Carreno Busta,2015-05-01,36.7,Hard
Pablo Carreno Busta,2015-06-01,32.5,Hard
Pablo Carreno Busta,2015-07-01,33.8,Hard
Pablo Carreno Busta,2015-08-01,46.4,Hard
Pablo Carreno Busta,2015-09-01,45.0,Hard
Pablo Carreno Busta,2015-10-01,42.5,Hard
Pablo Carreno Busta,2015-11-01,35.0,Hard
Pablo Carreno Busta,2016-01-01,32.5,Hard
Pablo Carreno Busta,2016-02-01,40.0,Hard
Pablo Carreno Busta,2016-03-01,38.3,Hard
Pablo Carreno Busta,2016-04-01,53.3,Hard
Pablo Carreno Busta,2016-05-01,60.7,Hard
Pablo Carreno Busta,2016-06-01,57.5,Hard
Pablo Carreno Busta,2016-07-01,58.8,Hard
Pablo Carreno Busta,2016-08-01,62.3,Hard
Pablo Carreno Busta,2016-09-01,65.0,Hard
Pablo Carreno Busta,2016-10-01,70.8,Hard
Pablo Carreno Busta,2017-01-01,65.0,Hard
Pablo Carreno Busta,2017-02-01,66.2,Hard
Pablo Carreno Busta,2017-03-01,69.2,Hard
Pablo Carreno Busta,2017-04-01,66.7,Hard
Pablo Carreno Busta,2017-05-01,64.2,Hard
Pablo Carreno Busta,2017-07-01,60.0,Hard
Pablo Carreno Busta,2017-08-01,64.6,Hard
Pablo Carreno Busta,2017-10-01,54.2,Hard
Pablo Carreno Busta,2017-11-01,45.0,Hard
Pablo Carreno Busta,2018-01-01,44.0,Hard
Pablo Carreno Busta,2018-02-01,40.0,Hard
Pablo Carreno Busta,2018-03-01,42.5,Hard
Pablo Carreno Busta,2018-04-01,62.1,Hard
Pablo Carreno Busta,2018-05-01,68.1,Hard
Pablo Carreno Busta,2018-07-01,62.5,Hard
Pablo Carreno Busta,2018-08-01,61.2,Hard
Pablo Carreno Busta,2018-09-01,55.0,Hard
Pablo Carreno Busta,2018-10-01,55.0,Hard
Pablo Carreno Busta,2019-01-01,55.8,Hard
Pablo Carreno Busta,2019-02-01,55.0,Hard
Pablo Carreno Busta,2019-04-01,47.5,Hard
Pablo Carreno Busta,2019-05-01,39.0,Hard
Pablo Carreno Busta,2019-06-01,40.0,Hard
Pablo Carreno Busta,2019-07-01,43.6,Hard
Pablo Carreno Busta,2019-08-01,51.7,Hard
Pablo Carreno Busta,2019-09-01,63.9,Hard
Pablo Carreno Busta,2019-10-01,71.1,Hard
Pablo Carreno Busta,2019-11-01,65.0,Hard
Pablo Carreno Busta,2020-01-01,67.0,Hard
Pablo Carreno Busta,2020-02-01,59.2,Hard
Pablo Carreno Busta,2020-08-01,58.1,Hard
Pablo Carreno Busta,2020-09-01,63.3,Hard
Pablo Carreno Busta,2020-10-01,63.3,Hard
Pablo Carreno Busta,2020-11-01,65.0,Hard
Pablo Carreno Busta,2021-02-01,65.8,Hard
Pablo Carreno Busta,2021-03-01,60.0,Hard
Pablo Carreno Busta,2021-04-01,68.6,Hard
Pablo Carreno Busta,2021-05-01,67.1,Hard
Pablo Carreno Busta,2021-06-01,70.0,Hard
Pablo Carreno Busta,2021-07-01,68.5,Hard
Pablo Carreno Busta,2021-08-01,75.0,Hard
Pablo Carreno Busta,2021-09-01,75.0,Hard
Pablo Carreno Busta,2021-10-01,70.0,Hard
Pablo Carreno Busta,2021-11-01,60.0,Hard
Pablo Carreno Busta,2022-01-01,61.1,Hard
Pablo Carreno Busta,2022-02-01,58.3,Hard
Pablo Carreno Busta,2022-03-01,55.0,Hard
Pablo Carreno Busta,2022-04-01,61.9,Hard
Pablo Carreno Busta,2022-05-01,53.0,Hard
Pablo Carreno Busta,2022-06-01,51.0,Hard
Pablo Carreno Busta,2022-07-01,52.5,Hard
Pablo Carreno Busta,2022-08-01,59.5,Hard
Pablo Carreno Busta,2022-09-01,65.0,Hard
Pablo Carreno Busta,2022-10-01,68.0,Hard
Pablo Carreno Busta,2022-11-01,60.0,Hard
Pablo Carreno Busta,2023-01-01,53.3,Hard
Pablo Carreno Busta,2023-02-01,50.0,Hard
Pablo Carreno Busta,2024-05-01,45.0,Hard
Pablo Carreno Busta,2024-06-01,40.0,Hard
Pablo Carreno Busta,2024-08-01,45.9,Hard
Pablo Carreno Busta,2024-09-01,45.0,Hard
Pablo Carreno Busta,2024-10-01,45.0,Hard
Pablo Carreno Busta,2024-12-01,47.5,Hard
Pablo Carreno Busta,2025-01-01,48.3,Hard
Pablo Carreno Busta,2025-03-01,50.0,Hard
Pablo Carreno Busta,2025-04-01,42.5,Hard
Pablo Carreno Busta,2025-05-01,38.3,Hard
Pablo Carreno Busta,2025-07-01,32.5,Hard
Pablo Carreno Busta,2025-08-01,35.0,Hard
Pablo Carreno Busta,2025-09-01,35.0,Hard
Pablo Carreno Busta,2025-11-01,36.7,Hard
Pablo Cuevas,2015-04-01,65.0,Clay
Pablo Cuevas,2015-05-01,55.0,Clay
Pablo Cuevas,2015-06-01,50.0,Clay
Pablo Cuevas,2015-07-01,51.7,Clay
Pablo Cuevas,2015-08-01,45.0,Clay
Pablo Cuevas,2015-10-01,46.1,Clay
Pablo Cuevas,2015-11-01,45.0,Clay
Pablo Cuevas,2016-01-01,45.0,Clay
Pablo Cuevas,2016-02-01,60.0,Clay
Pablo Cuevas,2016-03-01,71.7,Clay
Pablo Cuevas,2016-04-01,72.5,Clay
Pablo Cuevas,2016-05-01,70.7,Clay
Pablo Cuevas,2016-06-01,62.5,Clay
Pablo Cuevas,2016-07-01,62.5,Clay
Pablo Cuevas,2016-08-01,61.3,Clay
Pablo Cuevas,2016-10-01,48.6,Clay
Pablo Cuevas,2017-01-01,40.0,Clay
Pablo Cuevas,2017-02-01,38.3,Clay
Pablo Cuevas,2017-03-01,49.0,Clay
Pablo Cuevas,2017-04-01,57.0,Clay
Pablo Cuevas,2017-05-01,67.5,Clay
Pablo Cuevas,2017-07-01,55.0,Clay
Pablo Cuevas,2017-08-01,50.0,Clay
Pablo Cuevas,2017-10-01,38.6,Clay
Pablo Cuevas,2018-01-01,32.5,Clay
Pablo Cuevas,2018-02-01,40.0,Clay
Pablo Cuevas,2018-03-01,58.3,Clay
Pablo Cuevas,2018-04-01,63.0,Clay
Pablo Cuevas,2018-05-01,62.5,Clay
Pablo Cuevas,2018-07-01,52.5,Clay
Pablo Cuevas,2018-09-01,52.5,Clay
Pablo Cuevas,2019-01-01,50.0,Clay
Pablo Cuevas,2019-02-01,55.0,Clay
Pablo Cuevas,2019-03-01,60.0,Clay
Pablo Cuevas,2019-04-01,60.0,Clay
Pablo Cuevas,2019-05-01,60.0,Clay
Pablo Cuevas,2019-06-01,55.0,Clay
Pablo Cuevas,2019-07-01,52.5,Clay
Pablo Cuevas,2019-08-01,52.5,Clay
Pablo Cuevas,2019-09-01,53.3,Clay
Pablo Cuevas,2019-10-01,43.0,Clay
Pablo Cuevas,2020-01-01,31.7,Clay
Pablo Cuevas,2020-02-01,36.9,Clay
Pablo Cuevas,2020-03-01,35.0,Clay
Pablo Cuevas,2020-08-01,30.0,Clay
Pablo Cuevas,2020-09-01,37.5,Clay
Pablo Cuevas,2020-10-01,40.0,Clay
Pablo Cuevas,2021-02-01,46.0,Clay
Pablo Cuevas,2021-04-01,45.0,Clay
Pablo Cuevas,2021-05-01,50.6,Clay
Pablo Cuevas,2021-06-01,50.0,Clay
Pablo Cuevas,2021-07-01,46.7,Clay
Pablo Cuevas,2021-08-01,45.0,Clay
Pablo Cuevas,2022-02-01,37.5,Clay
Pablo Cuevas,2022-03-01,35.0,Clay
Pablo Cuevas,2022-04-01,35.0,Clay
Pablo Cuevas,2022-05-01,32.5,Clay
Paolo Lorenzi,2015-07-01,25.0,Clay
Paolo Lorenzi,2015-08-01,25.0,Clay
Paolo Lorenzi,2015-09-01,28.3,Clay
Paolo Lorenzi,2015-10-01,27.5,Clay
Paolo Lorenzi,2016-01-01,25.0,Clay
Paolo Lorenzi,2016-02-01,41.5,Clay
Paolo Lorenzi,2016-03-01,52.5,Clay
Paolo Lorenzi,2016-04-01,56.9,Clay
Paolo Lorenzi,2016-05-01,52.5,Clay
Paolo Lorenzi,2016-06-01,43.3,Clay
Paolo Lorenzi,2016-07-01,45.0,Clay
Paolo Lorenzi,2016-08-01,50.0,Clay
Paolo Lorenzi,2016-09-01,50.0,Clay
Paolo Lorenzi,2016-10-01,55.6,Clay
Paolo Lorenzi,2017-01-01,48.0,Clay
Paolo Lorenzi,2017-02-01,48.0,Clay
Paolo Lorenzi,2017-03-01,46.7,Clay
Paolo Lorenzi,2017-04-01,45.0,Clay
Paolo Lorenzi,2017-05-01,42.5,Clay
Paolo Lorenzi,2017-06-01,40.0,Clay
Paolo Lorenzi,2017-07-01,47.2,Clay
Paolo Lorenzi,2017-08-01,45.6,Clay
Paolo Lorenzi,2017-09-01,50.0,Clay
Paolo Lorenzi,2017-10-01,39.0,Clay
Paolo Lorenzi,2018-01-01,32.0,Clay
Paolo Lorenzi,2018-02-01,30.0,Clay
Paolo Lorenzi,2018-04-01,25.0,Clay
Paolo Lorenzi,2018-05-01,20.0,Clay
Paolo Lorenzi,2018-06-01,20.0,Clay
Paolo Lorenzi,2018-07-01,25.0,Clay
Paolo Lorenzi,2018-08-01,30.0,Clay
Paolo Lorenzi,2018-12-01,25.0,Clay
Paolo Lorenzi,2019-02-01,30.0,Clay
Paolo Lorenzi,2019-04-01,30.0,Clay
Paolo Lorenzi,2019-07-01,28.7,Clay
Paolo Lorenzi,2019-08-01,35.0,Clay
Paolo Lorenzi,2020-02-01,36.3,Clay
Paolo Lorenzi,2020-08-01,35.0,Clay
Paolo Lorenzi,2021-03-01,35.0,Clay
Paolo Lorenzi,2021-07-01,30.0,Clay
Pavel Kotov,2023-04-01,35.0,Clay
Pavel Kotov,2023-06-01,43.3,Clay
Pavel Kotov,2023-07-01,45.0,Clay
Pavel Kotov,2023-08-01,45.0,Clay
Pavel Kotov,2023-09-01,45.0,Clay
Pavel Kotov,2023-10-01,50.0,Clay
Pavel Kotov,2023-11-01,53.8,Clay
Pavel Kotov,2024-01-01,58.0,Clay
Pavel Kotov,2024-02-01,60.0,Clay
Pavel Kotov,2024-03-01,55.0,Clay
Pavel Kotov,2024-04-01,55.6,Clay
Pavel Kotov,2024-05-01,50.6,Clay
Pavel Kotov,2024-07-01,53.0,Clay
Pavel Kotov,2024-08-01,50.0,Clay
Pavel Kotov,2024-09-01,45.0,Clay
Pavel Kotov,2024-10-01,40.0,Clay
Pavel Kotov,2024-11-01,35.0,Clay
Pavel Kotov,2025-01-01,30.0,Clay
Pavel Kotov,2025-03-01,30.0,Clay
Pedro Cachin,2023-01-01,40.0,Clay
Pedro Cachin,2023-02-01,34.2,Clay
Pedro Cachin,2023-03-01,30.0,Clay
Pedro Cachin,2023-04-01,30.0,Clay
Pedro Cachin,2023-05-01,41.0,Clay
Pedro Cachin,2023-06-01,40.0,Clay
Pedro Cachin,2023-07-01,52.2,Clay
Pedro Cachin,2023-08-01,55.0,Clay
Pedro Cachin,2023-10-01,50.0,Clay
Pedro Cachin,2024-01-01,42.5,Clay
Pedro Cachin,2024-02-01,37.5,Clay
Pedro Cachin,2024-03-01,30.0,Clay
Pedro Cachin,2024-04-01,29.0,Clay
Pedro Cachin,2024-05-01,16.7,Clay
Pedro Cachin,2024-07-01,10.0,Clay
Pedro Martinez,2020-09-01,45.0,Clay
Pedro Martinez,2021-02-01,50.0,Clay
Pedro Martinez,2021-03-01,50.0,Clay
Pedro Martinez,2021-04-01,45.0,Clay
Pedro Martinez,2021-05-01,40.0,Clay
Pedro Martinez,2021-06-01,45.0,Clay
Pedro Martinez,2021-07-01,45.0,Clay
Pedro Martinez,2021-08-01,55.0,Clay
Pedro Martinez,2021-09-01,50.0,Clay
Pedro Martinez,2021-10-01,55.8,Clay
Pedro Martinez,2021-11-01,52.5,Clay
Pedro Martinez,2022-01-01,53.3,Clay
Pedro Martinez,2022-02-01,51.2,Clay
Pedro Martinez,2022-03-01,60.0,Clay
Pedro Martinez,2022-04-01,61.7,Clay
Pedro Martinez,2022-05-01,52.5,Clay
Pedro Martinez,2022-06-01,46.3,Clay
Pedro Martinez,2022-07-01,41.7,Clay
Pedro Martinez,2022-08-01,31.7,Clay
Pedro Martinez,2022-09-01,25.0,Clay
Pedro Martinez,2022-10-01,33.8,Clay
Pedro Martinez,2023-01-01,41.3,Clay
Pedro Martinez,2023-02-01,35.0,Clay
Pedro Martinez,2023-03-01,30.0,Clay
Pedro Martinez,2023-04-01,30.0,Clay
Pedro Martinez,2023-05-01,30.0,Clay
Pedro Martinez,2024-01-01,27.5,Clay
Pedro Martinez,2024-02-01,32.5,Clay
Pedro Martinez,2024-04-01,46.3,Clay
Pedro Martinez,2024-05-01,52.5,Clay
Pedro Martinez,2024-06-01,55.0,Clay
Pedro Martinez,2024-07-01,51.9,Clay
Pedro Martinez,2024-08-01,40.0,Clay
Pedro Martinez,2024-09-01,35.0,Clay
Pedro Martinez,2024-10-01,34.0,Clay
Pedro Martinez,2024-11-01,35.0,Clay
Pedro Martinez,2024-12-01,32.5,Clay
Pedro Martinez,2025-01-01,26.7,Clay
Pedro Martinez,2025-02-01,40.5,Clay
Pedro Martinez,2025-03-01,43.8,Clay
Pedro Martinez,2025-04-01,48.0,Clay
Pedro Martinez,2025-05-01,42.5,Clay
Pedro Martinez,2025-06-01,31.0,Clay
Pedro Martinez,2025-07-01,30.0,Clay
Pedro Martinez,2025-08-01,34.0,Clay
Pedro Martinez,2025-09-01,35.0,Clay
Pedro Martinez,2025-10-01,30.0,Clay
Pedro Martinez,2025-11-01,30.0,Clay
Peter Gojowczyk,2017-09-01,60.0,Hard
Peter Gojowczyk,2017-10-01,62.5,Hard
Peter Gojowczyk,2018-01-01,63.7,Hard
Peter Gojowczyk,2018-02-01,60.0,Hard
Peter Gojowczyk,2018-03-01,57.5,Hard
Peter Gojowczyk,2018-04-01,52.5,Hard
Peter Gojowczyk,2018-05-01,50.5,Hard
Peter Gojowczyk,2018-07-01,42.5,Hard
Peter Gojowczyk,2018-08-01,38.3,Hard
Peter Gojowczyk,2018-09-01,45.0,Hard
Peter Gojowczyk,2018-10-01,42.9,Hard
Peter Gojowczyk,2018-12-01,30.0,Hard
Peter Gojowczyk,2019-01-01,35.0,Hard
Peter Gojowczyk,2019-02-01,37.0,Hard
Peter Gojowczyk,2019-03-01,38.3,Hard
Peter Gojowczyk,2019-04-01,40.0,Hard
Peter Gojowczyk,2019-05-01,32.5,Hard
Peter Gojowczyk,2019-06-01,28.7,Hard
Peter Gojowczyk,2019-07-01,36.7,Hard
Peter Gojowczyk,2019-08-01,40.0,Hard
Peter Gojowczyk,2019-09-01,35.0,Hard
Peter Gojowczyk,2019-10-01,30.0,Hard
Peter Gojowczyk,2020-01-01,32.5,Hard
Peter Gojowczyk,2020-02-01,30.0,Hard
Peter Gojowczyk,2020-08-01,30.0,Hard
Peter Gojowczyk,2021-02-01,40.0,Hard
Peter Gojowczyk,2021-05-01,40.0,Hard
Peter Gojowczyk,2021-06-01,42.5,Hard
Peter Gojowczyk,2021-07-01,38.3,Hard
Peter Gojowczyk,2021-08-01,50.0,Hard
Peter Gojowczyk,2021-09-01,60.0,Hard
Peter Gojowczyk,2021-11-01,52.5,Hard
Peter Gojowczyk,2022-01-01,48.3,Hard
Peter Gojowczyk,2022-02-01,43.0,Hard
Peter Gojowczyk,2022-04-01,40.0,Hard
Peter Gojowczyk,2022-05-01,40.0,Hard
Peter Gojowczyk,2022-06-01,35.0,Hard
Peter Gojowczyk,2022-07-01,31.7,Hard
Peter Gojowczyk,2022-08-01,22.5,Hard
Philipp Kohlschreiber,2015-04-01,52.5,Clay
Philipp Kohlschreiber,2015-05-01,58.3,Clay
Philipp Kohlschreiber,2015-06-01,60.0,Clay
Philipp Kohlschreiber,2015-07-01,56.3,Clay
Philipp Kohlschreiber,2015-08-01,56.7,Clay
Philipp Kohlschreiber,2015-09-01,65.8,Clay
Philipp Kohlschreiber,2015-10-01,74.0,Clay
Philipp Kohlschreiber,2016-01-01,70.0,Clay
Philipp Kohlschreiber,2016-02-01,66.0,Clay
Philipp Kohlschreiber,2016-03-01,63.7,Clay
Philipp Kohlschreiber,2016-04-01,69.0,Clay
Philipp Kohlschreiber,2016-05-01,68.8,Clay
Philipp Kohlschreiber,2016-06-01,68.3,Clay
Philipp Kohlschreiber,2016-07-01,63.7,Clay
Philipp Kohlschreiber,2016-08-01,55.0,Clay
Philipp Kohlschreiber,2016-10-01,48.1,Clay
Philipp Kohlschreiber,2017-01-01,43.8,Clay
Philipp Kohlschreiber,2017-02-01,49.2,Clay
Philipp Kohlschreiber,2017-03-01,52.5,Clay
Philipp Kohlschreiber,2017-04-01,58.0,Clay
Philipp Kohlschreiber,2017-05-01,51.3,Clay
Philipp Kohlschreiber,2017-06-01,52.0,Clay
Philipp Kohlschreiber,2017-07-01,53.0,Clay
Philipp Kohlschreiber,2017-08-01,67.5,Clay
Philipp Kohlschreiber,2017-09-01,72.5,Clay
Philipp Kohlschreiber,2017-10-01,71.0,Clay
Philipp Kohlschreiber,2018-01-01,67.5,Clay
Philipp Kohlschreiber,2018-02-01,60.0,Clay
Philipp Kohlschreiber,2018-03-01,53.8,Clay
Philipp Kohlschreiber,2018-04-01,47.3,Clay
Philipp Kohlschreiber,2018-05-01,60.0,Clay
Philipp Kohlschreiber,2018-06-01,53.3,Clay
Philipp Kohlschreiber,2018-07-01,59.0,Clay
Philipp Kohlschreiber,2018-08-01,50.0,Clay
Philipp Kohlschreiber,2018-10-01,47.5,Clay
Philipp Kohlschreiber,2018-12-01,45.0,Clay
Philipp Kohlschreiber,2019-01-01,50.8,Clay
Philipp Kohlschreiber,2019-02-01,56.0,Clay
Philipp Kohlschreiber,2019-03-01,52.5,Clay
Philipp Kohlschreiber,2019-04-01,56.4,Clay
Philipp Kohlschreiber,2019-05-01,55.7,Clay
Philipp Kohlschreiber,2019-06-01,55.0,Clay
Philipp Kohlschreiber,2019-07-01,46.3,Clay
Philipp Kohlschreiber,2019-08-01,40.0,Clay
Philipp Kohlschreiber,2019-10-01,41.7,Clay
Philipp Kohlschreiber,2019-11-01,40.0,Clay
Philipp Kohlschreiber,2020-01-01,40.0,Clay
Philipp Kohlschreiber,2020-02-01,35.0,Clay
Philipp Kohlschreiber,2020-03-01,30.0,Clay
Philipp Kohlschreiber,2020-08-01,30.0,Clay
Philipp Kohlschreiber,2020-09-01,30.0,Clay
Philipp Kohlschreiber,2021-04-01,30.0,Clay
Philipp Kohlschreiber,2021-05-01,33.3,Clay
Philipp Kohlschreiber,2021-06-01,37.5,Clay
Philipp Kohlschreiber,2021-07-01,33.3,Clay
Philipp Kohlschreiber,2021-08-01,35.0,Clay
Philipp Kohlschreiber,2021-09-01,35.0,Clay
Philipp Kohlschreiber,2021-10-01,35.0,Clay
Philipp Kohlschreiber,2022-01-01,40.0,Clay
Philipp Kohlschreiber,2022-03-01,40.0,Clay
Philipp Kohlschreiber,2022-04-01,40.0,Clay
Pierre Hugues Herbert,2016-04-01,55.0,Grass
Pierre Hugues Herbert,2016-05-01,50.0,Grass
Pierre Hugues Herbert,2016-06-01,43.8,Grass
Pierre Hugues Herbert,2016-08-01,35.0,Grass
Pierre Hugues Herbert,2016-09-01,40.0,Grass
Pierre Hugues Herbert,2016-10-01,35.0,Grass
Pierre Hugues Herbert,2017-01-01,32.5,Grass
Pierre Hugues Herbert,2017-02-01,31.4,Grass
Pierre Hugues Herbert,2017-03-01,40.0,Grass
Pierre Hugues Herbert,2017-04-01,37.5,Grass
Pierre Hugues Herbert,2017-05-01,37.5,Grass
Pierre Hugues Herbert,2017-06-01,35.0,Grass
Pierre Hugues Herbert,2017-07-01,42.5,Grass
Pierre Hugues Herbert,2017-08-01,41.7,Grass
Pierre Hugues Herbert,2017-09-01,35.0,Grass
Pierre Hugues Herbert,2017-10-01,28.7,Grass
Pierre Hugues Herbert,2018-01-01,32.5,Grass
Pierre Hugues Herbert,2018-02-01,34.4,Grass
Pierre Hugues Herbert,2018-03-01,48.3,Grass
Pierre Hugues Herbert,2018-04-01,55.0,Grass
Pierre Hugues Herbert,2018-05-01,55.0,Grass
Pierre Hugues Herbert,2018-06-01,60.0,Grass
Pierre Hugues Herbert,2018-07-01,60.0,Grass
Pierre Hugues Herbert,2018-08-01,56.0,Grass
Pierre Hugues Herbert,2018-09-01,54.2,Grass
Pierre Hugues Herbert,2018-10-01,51.3,Grass
Pierre Hugues Herbert,2018-12-01,50.0,Grass
Pierre Hugues Herbert,2019-01-01,51.7,Grass
Pierre Hugues Herbert,2019-02-01,60.8,Grass
Pierre Hugues Herbert,2019-03-01,52.5,Grass
Pierre Hugues Herbert,2019-04-01,55.6,Grass
Pierre Hugues Herbert,2019-05-01,54.0,Grass
Pierre Hugues Herbert,2019-06-01,55.0,Grass
Pierre Hugues Herbert,2019-07-01,51.7,Grass
Pierre Hugues Herbert,2019-08-01,40.0,Grass
Pierre Hugues Herbert,2019-09-01,40.0,Grass
Pierre Hugues Herbert,2019-10-01,35.0,Grass
Pierre Hugues Herbert,2020-01-01,37.0,Grass
Pierre Hugues Herbert,2020-02-01,36.4,Grass
Pierre Hugues Herbert,2020-09-01,43.3,Grass
Pierre Hugues Herbert,2020-10-01,45.0,Grass
Pierre Hugues Herbert,2020-11-01,50.0,Grass
Pierre Hugues Herbert,2021-01-01,45.0,Grass
Pierre Hugues Herbert,2021-02-01,43.3,Grass
Pierre Hugues Herbert,2021-03-01,46.4,Grass
Pierre Hugues Herbert,2021-04-01,50.0,Grass
Pierre Hugues Herbert,2021-05-01,46.7,Grass
Pierre Hugues Herbert,2021-06-01,40.0,Grass
Pierre Hugues Herbert,2021-08-01,43.3,Grass
Pierre Hugues Herbert,2021-11-01,40.0,Grass
Pierre Hugues Herbert,2022-01-01,42.5,Grass
Pierre Hugues Herbert,2022-02-01,37.5,Grass
Pierre Hugues Herbert,2022-04-01,30.0,Grass
Pierre Hugues Herbert,2023-11-01,36.3,Grass
Pierre Hugues Herbert,2024-05-01,35.0,Grass
Pierre Hugues Herbert,2024-06-01,30.0,Grass
Pierre Hugues Herbert,2024-11-01,35.0,Grass
Pierre Hugues Herbert,2025-02-01,40.0,Grass
Pierre Hugues Herbert,2025-03-01,42.5,Grass
Pierre Hugues Herbert,2025-05-01,45.0,Grass
Pierre Hugues Herbert,2025-06-01,47.5,Grass
Pierre Hugues Herbert,2025-07-01,41.7,Grass
Quentin Halys,2018-01-01,25.0,Clay
Quentin Halys,2018-02-01,25.0,Clay
Quentin Halys,2018-07-01,27.5,Clay
Quentin Halys,2018-09-01,25.0,Clay
Quentin Halys,2019-05-01,25.0,Clay
Quentin Halys,2020-01-01,20.0,Clay
Quentin Halys,2020-09-01,20.0,Clay
Quentin Halys,2021-02-01,17.5,Clay
Quentin Halys,2021-08-01,15.0,Clay
Quentin Halys,2022-01-01,20.0,Clay
Quentin Halys,2022-05-01,20.0,Clay
Quentin Halys,2022-06-01,21.7,Clay
Quentin Halys,2022-07-01,21.7,Clay
Quentin Halys,2022-08-01,20.0,Clay
Quentin Halys,2022-10-01,15.0,Clay
Quentin Halys,2023-01-01,25.8,Clay
Quentin Halys,2023-02-01,32.5,Clay
Quentin Halys,2023-03-01,34.0,Clay
Quentin Halys,2023-04-01,49.3,Clay
Quentin Halys,2023-05-01,45.0,Clay
Quentin Halys,2023-07-01,48.3,Clay
Quentin Halys,2023-08-01,45.0,Clay
Quentin Halys,2023-10-01,50.0,Clay
Quentin Halys,2024-01-01,47.5,Clay
Quentin Halys,2024-02-01,45.0,Clay
Quentin Halys,2024-07-01,48.1,Clay
Quentin Halys,2024-08-01,50.0,Clay
Quentin Halys,2024-10-01,50.0,Clay
Quentin Halys,2024-11-01,53.3,Clay
Quentin Halys,2025-01-01,53.3,Clay
Quentin Halys,2025-02-01,47.5,Clay
Quentin Halys,2025-03-01,43.8,Clay
Quentin Halys,2025-04-01,40.0,Clay
Quentin Halys,2025-05-01,44.2,Clay
Quentin Halys,2025-06-01,47.5,Clay
Quentin Halys,2025-07-01,36.7,Clay
Quentin Halys,2025-08-01,30.0,Clay
Quentin Halys,2025-09-01,30.0,Clay
Quentin Halys,2025-10-01,30.0,Clay
Quentin Halys,2025-11-01,25.0,Clay
Radu Albot,2016-09-01,25.0,Hard
Radu Albot,2016-10-01,25.0,Hard
Radu Albot,2017-01-01,25.0,Hard
Radu Albot,2017-02-01,26.3,Hard
Radu Albot,2017-03-01,22.5,Hard
Radu Albot,2017-04-01,23.3,Hard
Radu Albot,2017-05-01,20.0,Hard
Radu Albot,2017-06-01,23.3,Hard
Radu Albot,2017-07-01,31.7,Hard
Radu Albot,2017-08-01,38.3,Hard
Radu Albot,2017-09-01,40.0,Hard
Radu Albot,2018-01-01,38.3,Hard
Radu Albot,2018-02-01,40.0,Hard
Radu Albot,2018-03-01,35.0,Hard
Radu Albot,2018-04-01,32.5,Hard
Radu Albot,2018-05-01,28.7,Hard
Radu Albot,2018-07-01,37.1,Hard
Radu Albot,2018-08-01,35.0,Hard
Radu Albot,2018-09-01,41.0,Hard
Radu Albot,2018-10-01,40.0,Hard
Radu Albot,2018-12-01,40.0,Hard
Radu Albot,2019-01-01,40.0,Hard
Radu Albot,2019-02-01,49.1,Hard
Radu Albot,2019-03-01,64.0,Hard
Radu Albot,2019-04-01,70.0,Hard
Radu Albot,2019-05-01,64.4,Hard
Radu Albot,2019-06-01,55.0,Hard
Radu Albot,2019-07-01,49.3,Hard
Radu Albot,2019-08-01,54.0,Hard
Radu Albot,2019-09-01,45.0,Hard
Radu Albot,2019-10-01,42.9,Hard
Radu Albot,2020-01-01,40.0,Hard
Radu Albot,2020-02-01,28.3,Hard
Radu Albot,2020-08-01,25.0,Hard
Radu Albot,2020-09-01,23.3,Hard
Radu Albot,2020-10-01,32.0,Hard
Radu Albot,2020-11-01,35.0,Hard
Radu Albot,2021-01-01,35.0,Hard
Radu Albot,2021-02-01,48.1,Hard
Radu Albot,2021-03-01,52.5,Hard
Radu Albot,2021-05-01,45.0,Hard
Radu Albot,2021-06-01,40.0,Hard
Radu Albot,2021-07-01,35.0,Hard
Radu Albot,2021-08-01,30.0,Hard
Radu Albot,2022-01-01,33.0,Hard
Radu Albot,2022-02-01,27.5,Hard
Radu Albot,2022-06-01,30.0,Hard
Radu Albot,2022-07-01,30.0,Hard
Radu Albot,2022-08-01,38.3,Hard
Radu Albot,2022-09-01,43.3,Hard
Radu Albot,2022-10-01,45.0,Hard
Radu Albot,2023-01-01,45.0,Hard
Radu Albot,2023-02-01,45.0,Hard
Radu Albot,2023-03-01,40.0,Hard
Radu Albot,2023-04-01,43.3,Hard
Radu Albot,2023-05-01,47.5,Hard
Radu Albot,2023-07-01,41.7,Hard
Radu Albot,2023-08-01,35.0,Hard
Radu Albot,2024-02-01,42.0,Hard
Radu Albot,2024-04-01,37.5,Hard
Radu Albot,2024-07-01,37.5,Hard
Radu Albot,2024-08-01,35.0,Hard
Radu Albot,2025-03-01,35.0,Hard
Rafael Nadal,2015-03-01,75.0,Clay
Rafael Nadal,2015-04-01,79.2,Clay
Rafael Nadal,2015-05-01,72.7,Clay
Rafael Nadal,2015-06-01,75.0,Clay
Rafael Nadal,2015-07-01,76.0,Clay
Rafael Nadal,2015-08-01,77.5,Clay
Rafael Nadal,2015-09-01,75.0,Clay
Rafael Nadal,2015-10-01,76.4,Clay
Rafael Nadal,2015-11-01,78.6,Clay
Rafael Nadal,2016-01-01,75.0,Clay
Rafael Nadal,2016-02-01,70.7,Clay
Rafael Nadal,2016-03-01,70.8,Clay
Rafael Nadal,2016-04-01,75.0,Clay
Rafael Nadal,2016-05-01,84.0,Clay
Rafael Nadal,2016-08-01,76.3,Clay
Rafael Nadal,2016-10-01,65.0,Clay
Rafael Nadal,2017-01-01,65.5,Clay
Rafael Nadal,2017-02-01,73.0,Clay
Rafael Nadal,2017-03-01,77.8,Clay
Rafael Nadal,2017-04-01,82.5,Clay
Rafael Nadal,2017-05-01,93.3,Clay
Rafael Nadal,2017-07-01,93.8,Clay
Rafael Nadal,2017-08-01,83.8,Clay
Rafael Nadal,2017-09-01,82.5,Clay
Rafael Nadal,2017-10-01,84.6,Clay
Rafael Nadal,2017-11-01,80.0,Clay
Rafael Nadal,2018-01-01,79.0,Clay
Rafael Nadal,2018-04-01,80.8,Clay
Rafael Nadal,2018-05-01,92.3,Clay
Rafael Nadal,2018-07-01,94.2,Clay
Rafael Nadal,2018-08-01,94.1,Clay
Rafael Nadal,2019-01-01,89.3,Clay
Rafael Nadal,2019-02-01,85.0,Clay
Rafael Nadal,2019-03-01,84.0,Clay
Rafael Nadal,2019-04-01,78.1,Clay
Rafael Nadal,2019-05-01,79.7,Clay
Rafael Nadal,2019-07-01,91.7,Clay
Rafael Nadal,2019-08-01,94.6,Clay
Rafael Nadal,2019-09-01,95.0,Clay
Rafael Nadal,2019-10-01,93.8,Clay
Rafael Nadal,2019-11-01,88.8,Clay
Rafael Nadal,2020-01-01,83.2,Clay
Rafael Nadal,2020-02-01,84.0,Clay
Rafael Nadal,2020-09-01,83.0,Clay
Rafael Nadal,2020-11-01,87.5,Clay
Rafael Nadal,2021-02-01,80.0,Clay
Rafael Nadal,2021-04-01,76.3,Clay
Rafael Nadal,2021-05-01,81.8,Clay
Rafael Nadal,2021-08-01,87.5,Clay
Rafael Nadal,2022-01-01,87.3,Clay
Rafael Nadal,2022-02-01,90.0,Clay
Rafael Nadal,2022-03-01,95.8,Clay
Rafael Nadal,2022-05-01,87.5,Clay
Rafael Nadal,2022-06-01,84.2,Clay
Rafael Nadal,2022-08-01,79.0,Clay
Rafael Nadal,2022-10-01,75.0,Clay
Rafael Nadal,2022-11-01,71.7,Clay
Rafael Nadal,2023-01-01,60.0,Clay
Rafael Nadal,2024-01-01,53.3,Clay
Rafael Nadal,2024-04-01,49.2,Clay
Rafael Nadal,2024-05-01,46.7,Clay
Rafael Nadal,2024-07-01,58.6,Clay
Rafael Nadal,2024-11-01,60.0,Clay
Reilly Opelka,2018-02-01,38.3,Hard
Reilly Opelka,2018-03-01,35.0,Hard
Reilly Opelka,2019-01-01,32.5,Hard
Reilly Opelka,2019-02-01,42.9,Hard
Reilly Opelka,2019-03-01,56.3,Hard
Reilly Opelka,2019-04-01,56.3,Hard
Reilly Opelka,2019-05-01,55.0,Hard
Reilly Opelka,2019-06-01,50.0,Hard
Reilly Opelka,2019-07-01,46.7,Hard
Reilly Opelka,2019-08-01,47.5,Hard
Reilly Opelka,2019-09-01,53.8,Hard
Reilly Opelka,2019-10-01,60.7,Hard
Reilly Opelka,2019-11-01,52.5,Hard
Reilly Opelka,2020-01-01,47.5,Hard
Reilly Opelka,2020-02-01,51.4,Hard
Reilly Opelka,2020-03-01,55.0,Hard
Reilly Opelka,2020-08-01,62.0,Hard
Reilly Opelka,2020-09-01,55.0,Hard
Reilly Opelka,2020-10-01,58.8,Hard
Reilly Opelka,2021-02-01,65.0,Hard
Reilly Opelka,2021-03-01,52.5,Hard
Reilly Opelka,2021-05-01,41.0,Hard
Reilly Opelka,2021-06-01,40.0,Hard
Reilly Opelka,2021-07-01,40.0,Hard
Reilly Opelka,2021-08-01,55.0,Hard
Reilly Opelka,2021-09-01,55.0,Hard
Reilly Opelka,2021-10-01,58.8,Hard
Reilly Opelka,2021-11-01,56.7,Hard
Reilly Opelka,2022-01-01,47.9,Hard
Reilly Opelka,2022-02-01,54.4,Hard
Reilly Opelka,2022-03-01,66.3,Hard
Reilly Opelka,2022-04-01,74.0,Hard
Reilly Opelka,2022-05-01,66.7,Hard
Reilly Opelka,2022-06-01,50.0,Hard
Reilly Opelka,2022-08-01,47.5,Hard
Reilly Opelka,2024-07-01,48.1,Hard
Reilly Opelka,2024-08-01,43.3,Hard
Reilly Opelka,2024-09-01,43.3,Hard
Reilly Opelka,2024-10-01,45.0,Hard
Reilly Opelka,2024-12-01,53.0,Hard
Reilly Opelka,2025-01-01,52.5,Hard
Reilly Opelka,2025-02-01,52.0,Hard
Reilly Opelka,2025-03-01,56.3,Hard
Reilly Opelka,2025-04-01,55.0,Hard
Reilly Opelka,2025-05-01,53.3,Hard
Reilly Opelka,2025-06-01,51.0,Hard
Reilly Opelka,2025-07-01,53.0,Hard
Reilly Opelka,2025-08-01,57.5,Hard
Reilly Opelka,2025-09-01,55.0,Hard
Reilly Opelka,2025-10-01,46.7,Hard
Reilly Opelka,2025-11-01,40.0,Hard
Ricardas Berankis,2015-07-01,36.7,Hard
Ricardas Berankis,2015-08-01,37.5,Hard
Ricardas Berankis,2015-09-01,40.0,Hard
Ricardas Berankis,2015-10-01,42.5,Hard
Ricardas Berankis,2016-01-01,50.0,Hard
Ricardas Berankis,2016-02-01,50.0,Hard
Ricardas Berankis,2016-03-01,47.5,Hard
Ricardas Berankis,2016-05-01,47.5,Hard
Ricardas Berankis,2016-06-01,40.0,Hard
Ricardas Berankis,2016-08-01,41.7,Hard
Ricardas Berankis,2016-09-01,40.0,Hard
Ricardas Berankis,2016-10-01,40.0,Hard
Ricardas Berankis,2017-05-01,35.0,Hard
Ricardas Berankis,2017-07-01,30.0,Hard
Ricardas Berankis,2017-08-01,25.0,Hard
Ricardas Berankis,2017-09-01,28.3,Hard
Ricardas Berankis,2017-10-01,40.0,Hard
Ricardas Berankis,2018-01-01,43.3,Hard
Ricardas Berankis,2018-02-01,46.3,Hard
Ricardas Berankis,2018-03-01,45.0,Hard
Ricardas Berankis,2018-04-01,52.5,Hard
Ricardas Berankis,2018-05-01,50.0,Hard
Ricardas Berankis,2018-06-01,50.0,Hard
Ricardas Berankis,2018-07-01,40.0,Hard
Ricardas Berankis,2018-08-01,30.0,Hard
Ricardas Berankis,2018-09-01,35.0,Hard
Ricardas Berankis,2018-10-01,38.3,Hard
Ricardas Berankis,2018-12-01,40.0,Hard
Ricardas Berankis,2019-02-01,46.7,Hard
Ricardas Berankis,2019-03-01,40.0,Hard
Ricardas Berankis,2019-04-01,45.0,Hard
Ricardas Berankis,2019-05-01,45.0,Hard
Ricardas Berankis,2019-07-01,50.0,Hard
Ricardas Berankis,2019-08-01,55.0,Hard
Ricardas Berankis,2019-09-01,51.7,Hard
Ricardas Berankis,2019-10-01,43.8,Hard
Ricardas Berankis,2020-01-01,38.3,Hard
Ricardas Berankis,2020-02-01,40.0,Hard
Ricardas Berankis,2020-08-01,40.0,Hard
Ricardas Berankis,2020-09-01,42.5,Hard
Ricardas Berankis,2021-02-01,49.0,Hard
Ricardas Berankis,2021-03-01,55.0,Hard
Ricardas Berankis,2021-04-01,52.0,Hard
Ricardas Berankis,2021-05-01,51.2,Hard
Ricardas Berankis,2021-06-01,45.0,Hard
Ricardas Berankis,2021-07-01,40.0,Hard
Ricardas Berankis,2021-08-01,38.0,Hard
Ricardas Berankis,2021-09-01,35.0,Hard
Ricardas Berankis,2021-10-01,40.0,Hard
Ricardas Berankis,2022-01-01,41.0,Hard
Ricardas Berankis,2022-02-01,48.3,Hard
Ricardas Berankis,2022-03-01,50.0,Hard
Ricardas Berankis,2022-05-01,50.0,Hard
Ricardas Berankis,2022-06-01,52.5,Hard
Ricardas Berankis,2022-07-01,50.0,Hard
Ricardas Berankis,2022-08-01,48.3,Hard
Ricardas Berankis,2022-09-01,51.7,Hard
Ricardas Berankis,2023-02-01,55.0,Hard
Ricardas Berankis,2023-06-01,50.0,Hard
Ricardas Berankis,2023-09-01,50.0,Hard
Ricardas Berankis,2024-02-01,55.0,Hard
Richard Gasquet,2015-05-01,75.6,Grass
Richard Gasquet,2015-06-01,71.9,Grass
Richard Gasquet,2015-08-01,72.7,Grass
Richard Gasquet,2015-10-01,70.5,Grass
Richard Gasquet,2015-11-01,68.3,Grass
Richard Gasquet,2016-02-01,71.7,Grass
Richard Gasquet,2016-03-01,75.0,Grass
Richard Gasquet,2016-04-01,72.5,Grass
Richard Gasquet,2016-05-01,70.9,Grass
Richard Gasquet,2016-06-01,66.0,Grass
Richard Gasquet,2016-08-01,65.0,Grass
Richard Gasquet,2016-09-01,62.5,Grass
Richard Gasquet,2016-10-01,59.0,Grass
Richard Gasquet,2017-01-01,60.0,Grass
Richard Gasquet,2017-02-01,67.7,Grass
Richard Gasquet,2017-04-01,65.0,Grass
Richard Gasquet,2017-05-01,64.0,Grass
Richard Gasquet,2017-06-01,65.6,Grass
Richard Gasquet,2017-07-01,60.0,Grass
Richard Gasquet,2017-08-01,59.0,Grass
Richard Gasquet,2017-09-01,55.0,Grass
Richard Gasquet,2017-10-01,56.3,Grass
Richard Gasquet,2018-01-01,56.0,Grass
Richard Gasquet,2018-02-01,66.3,Grass
Richard Gasquet,2018-03-01,55.0,Grass
Richard Gasquet,2018-04-01,61.7,Grass
Richard Gasquet,2018-05-01,55.8,Grass
Richard Gasquet,2018-06-01,59.0,Grass
Richard Gasquet,2018-07-01,60.0,Grass
Richard Gasquet,2018-08-01,58.8,Grass
Richard Gasquet,2018-09-01,58.3,Grass
Richard Gasquet,2018-10-01,57.3,Grass
Richard Gasquet,2019-05-01,54.3,Grass
Richard Gasquet,2019-06-01,56.7,Grass
Richard Gasquet,2019-07-01,50.0,Grass
Richard Gasquet,2019-08-01,55.0,Grass
Richard Gasquet,2019-09-01,51.7,Grass
Richard Gasquet,2019-10-01,46.3,Grass
Richard Gasquet,2020-02-01,50.0,Grass
Richard Gasquet,2020-08-01,45.0,Grass
Richard Gasquet,2020-09-01,40.0,Grass
Richard Gasquet,2020-10-01,37.5,Grass
Richard Gasquet,2020-11-01,45.8,Grass
Richard Gasquet,2021-02-01,45.0,Grass
Richard Gasquet,2021-03-01,46.3,Grass
Richard Gasquet,2021-04-01,41.7,Grass
Richard Gasquet,2021-05-01,47.8,Grass
Richard Gasquet,2021-06-01,47.5,Grass
Richard Gasquet,2021-07-01,50.0,Grass
Richard Gasquet,2021-08-01,54.0,Grass
Richard Gasquet,2021-10-01,50.0,Grass
Richard Gasquet,2021-11-01,45.0,Grass
Richard Gasquet,2022-01-01,44.0,Grass
Richard Gasquet,2022-02-01,45.0,Grass
Richard Gasquet,2022-03-01,42.5,Grass
Richard Gasquet,2022-04-01,40.0,Grass
Richard Gasquet,2022-05-01,52.5,Grass
Richard Gasquet,2022-06-01,55.0,Grass
Richard Gasquet,2022-07-01,55.0,Grass
Richard Gasquet,2022-08-01,61.4,Grass
Richard Gasquet,2022-09-01,63.3,Grass
Richard Gasquet,2022-10-01,60.0,Grass
Richard Gasquet,2023-01-01,62.9,Grass
Richard Gasquet,2023-02-01,59.0,Grass
Richard Gasquet,2023-03-01,58.8,Grass
Richard Gasquet,2023-04-01,50.8,Grass
Richard Gasquet,2023-05-01,40.0,Grass
Richard Gasquet,2023-06-01,37.0,Grass
Richard Gasquet,2023-07-01,30.0,Grass
Richard Gasquet,2023-08-01,29.0,Grass
Richard Gasquet,2023-10-01,26.7,Grass
Richard Gasquet,2024-01-01,20.0,Grass
Richard Gasquet,2024-02-01,21.7,Grass
Richard Gasquet,2024-04-01,20.0,Grass
Richard Gasquet,2024-05-01,23.3,Grass
Richard Gasquet,2024-06-01,25.0,Grass
Richard Gasquet,2024-07-01,20.0,Grass
Richard Gasquet,2024-10-01,15.0,Grass
Richard Gasquet,2024-11-01,20.0,Grass
Richard Gasquet,2025-01-01,25.0,Grass
Richard Gasquet,2025-02-01,25.0,Grass
Richard Gasquet,2025-03-01,30.0,Grass
Richard Gasquet,2025-04-01,32.5,Grass
Richard Gasquet,2025-05-01,32.5,Grass
Roberto Bautista Agut,2015-04-01,52.9,Grass
Roberto Bautista Agut,2015-05-01,55.7,Grass
Roberto Bautista Agut,2015-06-01,53.3,Grass
Roberto Bautista Agut,2015-07-01,58.0,Grass
Roberto Bautista Agut,2015-08-01,53.8,Grass
Roberto Bautista Agut,2015-09-01,65.0,Grass
Roberto Bautista Agut,2015-10-01,66.5,Grass
Roberto Bautista Agut,2015-11-01,70.0,Grass
Roberto Bautista Agut,2016-01-01,71.8,Grass
Roberto Bautista Agut,2016-02-01,81.0,Grass
Roberto Bautista Agut,2016-03-01,80.0,Grass
Roberto Bautista Agut,2016-04-01,71.3,Grass
Roberto Bautista Agut,2016-05-01,63.9,Grass
Roberto Bautista Agut,2016-06-01,62.5,Grass
Roberto Bautista Agut,2016-07-01,65.0,Grass
Roberto Bautista Agut,2016-08-01,70.8,Grass
Roberto Bautista Agut,2016-09-01,71.7,Grass
Roberto Bautista Agut,2016-10-01,68.6,Grass
Roberto Bautista Agut,2017-01-01,65.0,Grass
Roberto Bautista Agut,2017-02-01,70.7,Grass
Roberto Bautista Agut,2017-03-01,70.0,Grass
Roberto Bautista Agut,2017-04-01,70.0,Grass
Roberto Bautista Agut,2017-05-01,60.0,Grass
Roberto Bautista Agut,2017-06-01,61.7,Grass
Roberto Bautista Agut,2017-07-01,65.0,Grass
Roberto Bautista Agut,2017-08-01,71.2,Grass
Roberto Bautista Agut,2017-09-01,73.3,Grass
Roberto Bautista Agut,2017-10-01,70.6,Grass
Roberto Bautista Agut,2018-01-01,64.3,Grass
Roberto Bautista Agut,2018-02-01,59.3,Grass
Roberto Bautista Agut,2018-03-01,65.0,Grass
Roberto Bautista Agut,2018-04-01,65.6,Grass
Roberto Bautista Agut,2018-05-01,64.0,Grass
Roberto Bautista Agut,2018-06-01,63.7,Grass
Roberto Bautista Agut,2018-07-01,65.0,Grass
Roberto Bautista Agut,2018-08-01,60.0,Grass
Roberto Bautista Agut,2018-09-01,61.0,Grass
Roberto Bautista Agut,2018-10-01,60.6,Grass
Roberto Bautista Agut,2018-12-01,61.0,Grass
Roberto Bautista Agut,2019-01-01,73.0,Grass
Roberto Bautista Agut,2019-02-01,73.8,Grass
Roberto Bautista Agut,2019-03-01,71.0,Grass
Roberto Bautista Agut,2019-04-01,70.0,Grass
Roberto Bautista Agut,2019-05-01,55.6,Grass
Roberto Bautista Agut,2019-06-01,58.3,Grass
Roberto Bautista Agut,2019-07-01,62.5,Grass
Roberto Bautista Agut,2019-08-01,70.6,Grass
Roberto Bautista Agut,2019-09-01,68.8,Grass
Roberto Bautista Agut,2019-10-01,60.0,Grass
Roberto Bautista Agut,2019-11-01,55.0,Grass
Roberto Bautista Agut,2020-01-01,62.8,Grass
Roberto Bautista Agut,2020-02-01,68.3,Grass
Roberto Bautista Agut,2020-08-01,72.9,Grass
Roberto Bautista Agut,2020-09-01,70.8,Grass
Roberto Bautista Agut,2020-10-01,63.3,Grass
Roberto Bautista Agut,2021-02-01,60.6,Grass
Roberto Bautista Agut,2021-03-01,59.2,Grass
Roberto Bautista Agut,2021-04-01,68.0,Grass
Roberto Bautista Agut,2021-05-01,65.7,Grass
Roberto Bautista Agut,2021-06-01,59.3,Grass
Roberto Bautista Agut,2021-07-01,52.5,Grass
Roberto Bautista Agut,2021-08-01,51.4,Grass
Roberto Bautista Agut,2021-10-01,49.0,Grass
Roberto Bautista Agut,2021-11-01,45.0,Grass
Roberto Bautista Agut,2022-01-01,53.0,Grass
Roberto Bautista Agut,2022-02-01,62.5,Grass
Roberto Bautista Agut,2022-03-01,72.5,Grass
Roberto Bautista Agut,2022-05-01,67.5,Grass
Roberto Bautista Agut,2022-06-01,68.0,Grass
Roberto Bautista Agut,2022-07-01,60.8,Grass
Roberto Bautista Agut,2022-08-01,67.1,Grass
Roberto Bautista Agut,2022-09-01,70.0,Grass
Roberto Bautista Agut,2022-10-01,67.0,Grass
Roberto Bautista Agut,2022-11-01,55.0,Grass
Roberto Bautista Agut,2023-01-01,57.5,Grass
Roberto Bautista Agut,2023-02-01,52.5,Grass
Roberto Bautista Agut,2023-03-01,47.5,Grass
Roberto Bautista Agut,2023-04-01,45.7,Grass
Roberto Bautista Agut,2023-05-01,40.0,Grass
Roberto Bautista Agut,2023-06-01,40.0,Grass
Roberto Bautista Agut,2023-07-01,40.0,Grass
Roberto Bautista Agut,2023-10-01,37.5,Grass
Roberto Bautista Agut,2023-11-01,42.5,Grass
Roberto Bautista Agut,2024-01-01,43.0,Grass
Roberto Bautista Agut,2024-02-01,41.7,Grass
Roberto Bautista Agut,2024-03-01,37.5,Grass
Roberto Bautista Agut,2024-04-01,42.8,Grass
Roberto Bautista Agut,2024-05-01,45.0,Grass
Roberto Bautista Agut,2024-06-01,46.0,Grass
Roberto Bautista Agut,2024-07-01,55.0,Grass
Roberto Bautista Agut,2024-08-01,51.7,Grass
Roberto Bautista Agut,2024-09-01,55.0,Grass
Roberto Bautista Agut,2024-10-01,60.6,Grass
Roberto Bautista Agut,2024-11-01,60.0,Grass
Roberto Bautista Agut,2025-01-01,52.5,Grass
Roberto Bautista Agut,2025-02-01,51.2,Grass
Roberto Bautista Agut,2025-03-01,45.0,Grass
Roberto Bautista Agut,2025-04-01,41.0,Grass
Roberto Bautista Agut,2025-05-01,33.3,Grass
Roberto Bautista Agut,2025-06-01,46.1,Grass
Roberto Bautista Agut,2025-07-01,45.0,Grass
Roberto Bautista Agut,2025-08-01,51.7,Grass
Roberto Carballes Baena,2017-02-01,45.0,Clay
Roberto Carballes Baena,2018-01-01,40.0,Clay
Roberto Carballes Baena,2018-02-01,49.4,Clay
Roberto Carballes Baena,2018-04-01,55.7,Clay
Roberto Carballes Baena,2018-05-01,51.2,Clay
Roberto Carballes Baena,2018-06-01,50.0,Clay
Roberto Carballes Baena,2018-07-01,38.0,Clay
Roberto Carballes Baena,2018-08-01,39.0,Clay
Roberto Carballes Baena,2018-12-01,35.0,Clay
Roberto Carballes Baena,2019-01-01,35.0,Clay
Roberto Carballes Baena,2019-02-01,38.3,Clay
Roberto Carballes Baena,2019-03-01,48.8,Clay
Roberto Carballes Baena,2019-04-01,50.0,Clay
Roberto Carballes Baena,2019-05-01,50.0,Clay
Roberto Carballes Baena,2019-06-01,51.7,Clay
Roberto Carballes Baena,2019-07-01,51.1,Clay
Roberto Carballes Baena,2019-08-01,51.7,Clay
Roberto Carballes Baena,2019-09-01,47.5,Clay
Roberto Carballes Baena,2019-10-01,47.5,Clay
Roberto Carballes Baena,2020-01-01,45.0,Clay
Roberto Carballes Baena,2020-02-01,47.0,Clay
Roberto Carballes Baena,2020-08-01,45.0,Clay
Roberto Carballes Baena,2020-09-01,45.0,Clay
Roberto Carballes Baena,2020-10-01,45.0,Clay
Roberto Carballes Baena,2020-11-01,40.0,Clay
Roberto Carballes Baena,2021-02-01,42.0,Clay
Roberto Carballes Baena,2021-03-01,43.8,Clay
Roberto Carballes Baena,2021-04-01,41.7,Clay
Roberto Carballes Baena,2021-05-01,37.0,Clay
Roberto Carballes Baena,2021-06-01,30.0,Clay
Roberto Carballes Baena,2021-07-01,38.0,Clay
Roberto Carballes Baena,2021-08-01,40.0,Clay
Roberto Carballes Baena,2021-10-01,37.5,Clay
Roberto Carballes Baena,2022-01-01,37.0,Clay
Roberto Carballes Baena,2022-02-01,36.7,Clay
Roberto Carballes Baena,2022-03-01,35.0,Clay
Roberto Carballes Baena,2022-04-01,35.0,Clay
Roberto Carballes Baena,2022-05-01,32.5,Clay
Roberto Carballes Baena,2022-06-01,30.0,Clay
Roberto Carballes Baena,2022-07-01,31.3,Clay
Roberto Carballes Baena,2022-08-01,37.5,Clay
Roberto Carballes Baena,2022-10-01,42.0,Clay
Roberto Carballes Baena,2023-01-01,45.0,Clay
Roberto Carballes Baena,2023-02-01,43.3,Clay
Roberto Carballes Baena,2023-03-01,43.3,Clay
Roberto Carballes Baena,2023-04-01,48.8,Clay
Roberto Carballes Baena,2023-05-01,56.4,Clay
Roberto Carballes Baena,2023-06-01,58.3,Clay
Roberto Carballes Baena,2023-07-01,53.6,Clay
Roberto Carballes Baena,2023-08-01,47.5,Clay
Roberto Carballes Baena,2023-09-01,45.0,Clay
Roberto Carballes Baena,2023-10-01,37.5,Clay
Roberto Carballes Baena,2023-11-01,35.0,Clay
Roberto Carballes Baena,2024-01-01,36.3,Clay
Roberto Carballes Baena,2024-02-01,34.0,Clay
Roberto Carballes Baena,2024-03-01,32.5,Clay
Roberto Carballes Baena,2024-04-01,45.5,Clay
Roberto Carballes Baena,2024-05-01,55.8,Clay
Roberto Carballes Baena,2024-06-01,60.0,Clay
Roberto Carballes Baena,2024-07-01,55.0,Clay
Roberto Carballes Baena,2024-08-01,47.5,Clay
Roberto Carballes Baena,2024-09-01,48.8,Clay
Roberto Carballes Baena,2024-10-01,49.2,Clay
Roberto Carballes Baena,2024-11-01,45.0,Clay
Roberto Carballes Baena,2024-12-01,45.0,Clay
Roberto Carballes Baena,2025-01-01,46.7,Clay
Roberto Carballes Baena,2025-02-01,45.0,Clay
Roberto Carballes Baena,2025-03-01,40.7,Clay
Roberto Carballes Baena,2025-04-01,45.0,Clay
Roberto Carballes Baena,2025-05-01,45.0,Clay
Roberto Carballes Baena,2025-06-01,40.0,Clay
Roberto Carballes Baena,2025-07-01,37.0,Clay
Roberto Carballes Baena,2025-08-01,35.0,Clay
Robin Haase,2015-06-01,42.5,Grass
Robin Haase,2015-07-01,48.8,Grass
Robin Haase,2015-08-01,48.0,Grass
Robin Haase,2015-10-01,51.2,Grass
Robin Haase,2016-01-01,49.0,Grass
Robin Haase,2016-02-01,42.9,Grass
Robin Haase,2016-03-01,45.0,Grass
Robin Haase,2016-04-01,43.8,Grass
Robin Haase,2016-05-01,40.0,Grass
Robin Haase,2016-06-01,36.7,Grass
Robin Haase,2016-07-01,42.1,Grass
Robin Haase,2016-08-01,40.0,Grass
Robin Haase,2016-10-01,38.8,Grass
Robin Haase,2017-01-01,37.0,Grass
Robin Haase,2017-02-01,41.1,Grass
Robin Haase,2017-03-01,41.7,Grass
Robin Haase,2017-04-01,51.7,Grass
Robin Haase,2017-05-01,51.7,Grass
Robin Haase,2017-06-01,49.2,Grass
Robin Haase,2017-07-01,47.5,Grass
Robin Haase,2017-08-01,51.4,Grass
Robin Haase,2017-09-01,52.5,Grass
Robin Haase,2017-10-01,46.9,Grass
Robin Haase,2018-01-01,48.1,Grass
Robin Haase,2018-02-01,48.1,Grass
Robin Haase,2018-03-01,52.5,Grass
Robin Haase,2018-04-01,43.3,Grass
Robin Haase,2018-05-01,37.0,Grass
Robin Haase,2018-06-01,39.2,Grass
Robin Haase,2018-07-01,43.1,Grass
Robin Haase,2018-08-01,54.4,Grass
Robin Haase,2018-09-01,55.0,Grass
Robin Haase,2018-10-01,46.0,Grass
Robin Haase,2018-12-01,35.0,Grass
Robin Haase,2019-01-01,33.3,Grass
Robin Haase,2019-02-01,36.7,Grass
Robin Haase,2019-03-01,32.0,Grass
Robin Haase,2019-04-01,42.5,Grass
Robin Haase,2019-05-01,45.0,Grass
Robin Haase,2019-06-01,48.3,Grass
Robin Haase,2019-07-01,42.5,Grass
Robin Haase,2019-08-01,42.5,Grass
Robin Haase,2019-11-01,45.0,Grass
Robin Haase,2020-02-01,40.0,Grass
Robin Haase,2020-03-01,42.5,Grass
Robin Haase,2021-02-01,41.7,Grass
Robin Haase,2021-03-01,40.0,Grass
Robin Haase,2021-09-01,40.0,Grass
Robin Haase,2022-03-01,45.0,Grass
Robin Haase,2022-06-01,45.0,Grass
Robin Haase,2023-01-01,45.0,Grass
Robin Haase,2024-07-01,45.0,Grass
Roger Federer,2015-04-01,85.0,Grass
Roger Federer,2015-05-01,80.9,Grass
Roger Federer,2015-06-01,82.5,Grass
Roger Federer,2015-08-01,90.8,Grass
Roger Federer,2015-09-01,90.0,Grass
Roger Federer,2015-10-01,87.5,Grass
Roger Federer,2015-11-01,85.0,Grass
Roger Federer,2016-01-01,81.5,Grass
Roger Federer,2016-04-01,78.3,Grass
Roger Federer,2016-05-01,75.0,Grass
Roger Federer,2016-06-01,73.1,Grass
Roger Federer,2017-01-01,77.1,Grass
Roger Federer,2017-02-01,82.5,Grass
Roger Federer,2017-03-01,89.2,Grass
Roger Federer,2017-06-01,90.0,Grass
Roger Federer,2017-07-01,94.3,Grass
Roger Federer,2017-08-01,93.0,Grass
Roger Federer,2017-09-01,90.0,Grass
Roger Federer,2017-10-01,90.0,Grass
Roger Federer,2017-11-01,91.3,Grass
Roger Federer,2018-01-01,92.9,Grass
Roger Federer,2018-02-01,95.0,Grass
Roger Federer,2018-03-01,92.9,Grass
Roger Federer,2018-06-01,89.4,Grass
Roger Federer,2018-07-01,84.0,Grass
Roger Federer,2018-08-01,81.7,Grass
Roger Federer,2018-09-01,80.0,Grass
Roger Federer,2018-10-01,81.5,Grass
Roger Federer,2018-11-01,78.8,Grass
Roger Federer,2019-01-01,78.8,Grass
Roger Federer,2019-02-01,78.0,Grass
Roger Federer,2019-03-01,82.5,Grass
Roger Federer,2019-05-01,86.7,Grass
Roger Federer,2019-06-01,84.0,Grass
Roger Federer,2019-07-01,85.7,Grass
Roger Federer,2019-08-01,84.3,Grass
Roger Federer,2019-09-01,85.0,Grass
Roger Federer,2019-10-01,81.3,Grass
Roger Federer,2019-11-01,77.5,Grass
Roger Federer,2020-01-01,80.0,Grass
Roger Federer,2021-03-01,77.5,Grass
Roger Federer,2021-05-01,72.0,Grass
Roger Federer,2021-06-01,67.9,Grass
Roman Safiullin,2022-04-01,45.0,Hard
Roman Safiullin,2022-09-01,52.5,Hard
Roman Safiullin,2022-10-01,50.0,Hard
Roman Safiullin,2023-01-01,51.7,Hard
Roman Safiullin,2023-02-01,50.0,Hard
Roman Safiullin,2023-03-01,42.5,Hard
Roman Safiullin,2023-04-01,45.0,Hard
Roman Safiullin,2023-05-01,45.0,Hard
Roman Safiullin,2023-06-01,41.7,Hard
Roman Safiullin,2023-07-01,44.0,Hard
Roman Safiullin,2023-08-01,47.5,Hard
Roman Safiullin,2023-09-01,59.0,Hard
Roman Safiullin,2023-10-01,60.0,Hard
Roman Safiullin,2024-01-01,61.0,Hard
Roman Safiullin,2024-02-01,55.0,Hard
Roman Safiullin,2024-03-01,47.5,Hard
Roman Safiullin,2024-04-01,42.5,Hard
Roman Safiullin,2024-05-01,37.5,Hard
Roman Safiullin,2024-06-01,30.0,Hard
Roman Safiullin,2024-07-01,30.0,Hard
Roman Safiullin,2024-08-01,35.0,Hard
Roman Safiullin,2024-09-01,37.5,Hard
Roman Safiullin,2024-10-01,51.0,Hard
Roman Safiullin,2024-11-01,50.0,Hard
Roman Safiullin,2024-12-01,50.0,Hard
Roman Safiullin,2025-01-01,42.5,Hard
Roman Safiullin,2025-02-01,40.0,Hard
Roman Safiullin,2025-03-01,41.0,Hard
Roman Safiullin,2025-04-01,40.0,Hard
Roman Safiullin,2025-05-01,35.0,Hard
Roman Safiullin,2025-06-01,27.5,Hard
Roman Safiullin,2025-07-01,27.5,Hard
Roman Safiullin,2025-08-01,32.0,Hard
Ryan Harrison,2016-03-01,40.0,Hard
Ryan Harrison,2016-07-01,37.1,Hard
Ryan Harrison,2016-08-01,43.3,Hard
Ryan Harrison,2016-09-01,50.0,Hard
Ryan Harrison,2016-10-01,51.7,Hard
Ryan Harrison,2017-01-01,52.5,Hard
Ryan Harrison,2017-02-01,60.0,Hard
Ryan Harrison,2017-03-01,57.5,Hard
Ryan Harrison,2017-04-01,52.5,Hard
Ryan Harrison,2017-05-01,52.8,Hard
Ryan Harrison,2017-06-01,45.0,Hard
Ryan Harrison,2017-07-01,40.7,Hard
Ryan Harrison,2017-08-01,41.3,Hard
Ryan Harrison,2017-10-01,41.9,Hard
Ryan Harrison,2018-01-01,52.5,Hard
Ryan Harrison,2018-02-01,56.7,Hard
Ryan Harrison,2018-03-01,52.5,Hard
Ryan Harrison,2018-04-01,55.0,Hard
Ryan Harrison,2018-05-01,51.7,Hard
Ryan Harrison,2018-06-01,37.5,Hard
Ryan Harrison,2018-07-01,40.0,Hard
Ryan Harrison,2018-08-01,47.9,Hard
Ryan Harrison,2018-10-01,45.0,Hard
Ryan Harrison,2018-12-01,45.0,Hard
Ryan Harrison,2019-01-01,48.3,Hard
Ryan Harrison,2019-02-01,50.0,Hard
Ryan Harrison,2019-03-01,45.0,Hard
Ryan Harrison,2019-04-01,42.5,Hard
Ryan Harrison,2020-02-01,40.0,Hard
Ryan Harrison,2021-01-01,35.0,Hard
Sam Querrey,2015-05-01,48.3,Grass
Sam Querrey,2015-06-01,53.8,Grass
Sam Querrey,2015-07-01,57.5,Grass
Sam Querrey,2015-08-01,51.2,Grass
Sam Querrey,2015-10-01,48.8,Grass
Sam Querrey,2016-01-01,40.0,Grass
Sam Querrey,2016-02-01,48.3,Grass
Sam Querrey,2016-03-01,61.7,Grass
Sam Querrey,2016-04-01,66.7,Grass
Sam Querrey,2016-05-01,67.5,Grass
Sam Querrey,2016-06-01,54.2,Grass
Sam Querrey,2016-07-01,56.0,Grass
Sam Querrey,2016-08-01,55.0,Grass
Sam Querrey,2016-10-01,45.0,Grass
Sam Querrey,2017-01-01,46.3,Grass
Sam Querrey,2017-02-01,44.5,Grass
Sam Querrey,2017-03-01,55.0,Grass
Sam Querrey,2017-04-01,58.3,Grass
Sam Querrey,2017-05-01,63.6,Grass
Sam Querrey,2017-06-01,60.0,Grass
Sam Querrey,2017-07-01,61.5,Grass
Sam Querrey,2017-08-01,74.0,Grass
Sam Querrey,2017-09-01,72.5,Grass
Sam Querrey,2017-10-01,62.5,Grass
Sam Querrey,2018-01-01,48.3,Grass
Sam Querrey,2018-02-01,47.9,Grass
Sam Querrey,2018-03-01,48.3,Grass
Sam Querrey,2018-04-01,50.0,Grass
Sam Querrey,2018-05-01,51.2,Grass
Sam Querrey,2018-06-01,53.3,Grass
Sam Querrey,2018-07-01,52.0,Grass
Sam Querrey,2018-08-01,49.2,Grass
Sam Querrey,2018-09-01,51.3,Grass
Sam Querrey,2018-10-01,52.5,Grass
Sam Querrey,2019-01-01,48.3,Grass
Sam Querrey,2019-02-01,52.5,Grass
Sam Querrey,2019-03-01,55.0,Grass
Sam Querrey,2019-04-01,55.0,Grass
Sam Querrey,2019-06-01,60.0,Grass
Sam Querrey,2019-07-01,68.0,Grass
Sam Querrey,2019-08-01,67.0,Grass
Sam Querrey,2019-09-01,68.3,Grass
Sam Querrey,2019-10-01,60.0,Grass
Sam Querrey,2020-01-01,51.0,Grass
Sam Querrey,2020-08-01,45.0,Grass
Sam Querrey,2020-09-01,40.0,Grass
Sam Querrey,2021-01-01,42.5,Grass
Sam Querrey,2021-02-01,40.0,Grass
Sam Querrey,2021-03-01,35.0,Grass
Sam Querrey,2021-05-01,30.0,Grass
Sam Querrey,2021-06-01,39.6,Grass
Sam Querrey,2021-07-01,43.3,Grass
Sam Querrey,2021-08-01,40.0,Grass
Sam Querrey,2021-10-01,40.0,Grass
Sam Querrey,2022-01-01,40.0,Grass
Sam Querrey,2022-02-01,37.5,Grass
Sam Querrey,2022-03-01,32.5,Grass
Sam Querrey,2022-04-01,35.0,Grass
Sam Querrey,2022-06-01,29.0,Grass
Sam Querrey,2022-07-01,20.0,Grass
Sam Querrey,2022-08-01,20.0,Grass
Santiago Giraldo,2015-04-01,50.0,Clay
Santiago Giraldo,2015-05-01,49.4,Clay
Santiago Giraldo,2015-06-01,48.3,Clay
Santiago Giraldo,2015-07-01,48.8,Clay
Santiago Giraldo,2015-08-01,51.0,Clay
Santiago Giraldo,2015-09-01,46.7,Clay
Santiago Giraldo,2015-10-01,40.0,Clay
Santiago Giraldo,2016-01-01,40.0,Clay
Santiago Giraldo,2016-02-01,40.0,Clay
Santiago Giraldo,2016-03-01,36.7,Clay
Santiago Giraldo,2016-04-01,33.3,Clay
Santiago Giraldo,2016-05-01,30.0,Clay
Santiago Giraldo,2016-06-01,30.0,Clay
Santiago Giraldo,2016-07-01,35.0,Clay
Santiago Giraldo,2016-08-01,40.0,Clay
Santiago Giraldo,2017-01-01,35.0,Clay
Santiago Giraldo,2017-02-01,33.3,Clay
Santiago Giraldo,2017-03-01,30.0,Clay
Santiago Giraldo,2017-04-01,35.0,Clay
Santiago Giraldo,2017-05-01,35.0,Clay
Santiago Giraldo,2017-07-01,33.3,Clay
Santiago Giraldo,2017-08-01,40.0,Clay
Santiago Giraldo,2017-09-01,40.0,Clay
Santiago Giraldo,2018-04-01,35.0,Clay
Santiago Giraldo,2018-05-01,35.0,Clay
Santiago Giraldo,2018-09-01,35.0,Clay
Santiago Giraldo,2019-02-01,40.0,Clay
Santiago Giraldo,2019-04-01,40.0,Clay
Santiago Giraldo,2019-08-01,40.0,Clay
Santiago Giraldo,2019-11-01,40.0,Clay
Santiago Giraldo,2020-03-01,35.0,Clay
Sebastian Baez,2022-02-01,53.8,Clay
Sebastian Baez,2022-03-01,51.7,Clay
Sebastian Baez,2022-04-01,54.3,Clay
Sebastian Baez,2022-05-01,62.1,Clay
Sebastian Baez,2022-06-01,57.5,Clay
Sebastian Baez,2022-07-01,66.4,Clay
Sebastian Baez,2022-08-01,48.8,Clay
Sebastian Baez,2022-09-01,36.7,Clay
Sebastian Baez,2022-10-01,30.0,Clay
Sebastian Baez,2023-01-01,20.0,Clay
Sebastian Baez,2023-02-01,30.0,Clay
Sebastian Baez,2023-03-01,48.3,Clay
Sebastian Baez,2023-04-01,55.0,Clay
Sebastian Baez,2023-05-01,50.8,Clay
Sebastian Baez,2023-06-01,47.5,Clay
Sebastian Baez,2023-07-01,42.5,Clay
Sebastian Baez,2023-08-01,63.7,Clay
Sebastian Baez,2023-09-01,70.0,Clay
Sebastian Baez,2023-10-01,71.7,Clay
Sebastian Baez,2023-11-01,65.0,Clay
Sebastian Baez,2024-01-01,55.0,Clay
Sebastian Baez,2024-02-01,56.3,Clay
Sebastian Baez,2024-03-01,80.0,Clay
Sebastian Baez,2024-04-01,70.0,Clay
Sebastian Baez,2024-05-01,66.9,Clay
Sebastian Baez,2024-06-01,52.5,Clay
Sebastian Baez,2024-07-01,49.0,Clay
Sebastian Baez,2024-08-01,50.0,Clay
Sebastian Baez,2024-09-01,45.0,Clay
Sebastian Baez,2024-10-01,40.0,Clay
Sebastian Baez,2024-11-01,40.0,Clay
Sebastian Baez,2025-01-01,32.5,Clay
Sebastian Baez,2025-02-01,37.7,Clay
Sebastian Baez,2025-03-01,52.5,Clay
Sebastian Baez,2025-04-01,62.5,Clay
Sebastian Baez,2025-05-01,55.0,Clay
Sebastian Baez,2025-06-01,45.0,Clay
Sebastian Baez,2025-07-01,40.0,Clay
Sebastian Baez,2025-08-01,34.0,Clay
Sebastian Baez,2025-09-01,30.0,Clay
Sebastian Baez,2025-10-01,25.0,Clay
Sebastian Korda,2021-03-01,65.0,Grass
Sebastian Korda,2021-04-01,65.0,Grass
Sebastian Korda,2021-05-01,63.1,Grass
Sebastian Korda,2021-06-01,66.4,Grass
Sebastian Korda,2021-08-01,64.0,Grass
Sebastian Korda,2021-09-01,65.0,Grass
Sebastian Korda,2021-10-01,58.3,Grass
Sebastian Korda,2021-11-01,56.3,Grass
Sebastian Korda,2022-01-01,56.7,Grass
Sebastian Korda,2022-02-01,60.0,Grass
Sebastian Korda,2022-03-01,65.0,Grass
Sebastian Korda,2022-04-01,63.1,Grass
Sebastian Korda,2022-05-01,58.3,Grass
Sebastian Korda,2022-06-01,56.7,Grass
Sebastian Korda,2022-07-01,50.0,Grass
Sebastian Korda,2022-08-01,53.9,Grass
Sebastian Korda,2022-09-01,56.0,Grass
Sebastian Korda,2022-10-01,65.5,Grass
Sebastian Korda,2023-01-01,72.5,Grass
Sebastian Korda,2023-04-01,70.0,Grass
Sebastian Korda,2023-05-01,65.0,Grass
Sebastian Korda,2023-06-01,63.7,Grass
Sebastian Korda,2023-07-01,60.0,Grass
Sebastian Korda,2023-08-01,52.5,Grass
Sebastian Korda,2023-09-01,53.8,Grass
Sebastian Korda,2023-10-01,63.6,Grass
Sebastian Korda,2024-01-01,61.4,Grass
Sebastian Korda,2024-02-01,59.3,Grass
Sebastian Korda,2024-03-01,51.2,Grass
Sebastian Korda,2024-04-01,54.0,Grass
Sebastian Korda,2024-05-01,52.0,Grass
Sebastian Korda,2024-06-01,58.3,Grass
Sebastian Korda,2024-07-01,66.7,Grass
Sebastian Korda,2024-08-01,76.9,Grass
Sebastian Korda,2025-01-01,71.7,Grass
Sebastian Korda,2025-02-01,70.0,Grass
Sebastian Korda,2025-03-01,64.0,Grass
Sebastian Korda,2025-04-01,52.0,Grass
Sebastian Korda,2025-05-01,53.0,Grass
Sebastian Korda,2025-08-01,54.0,Grass
Sebastian Korda,2025-09-01,56.0,Grass
Sebastian Korda,2025-10-01,55.0,Grass
Sebastian Korda,2025-11-01,55.0,Grass
Sebastian Ofner,2021-07-01,43.3,Clay
Sebastian Ofner,2022-05-01,40.0,Clay
Sebastian Ofner,2022-07-01,37.5,Clay
Sebastian Ofner,2023-04-01,30.0,Clay
Sebastian Ofner,2023-05-01,38.8,Clay
Sebastian Ofner,2023-07-01,43.3,Clay
Sebastian Ofner,2023-08-01,41.7,Clay
Sebastian Ofner,2023-09-01,44.0,Clay
Sebastian Ofner,2023-10-01,47.0,Clay
Sebastian Ofner,2023-11-01,46.7,Clay
Sebastian Ofner,2024-01-01,53.6,Clay
Sebastian Ofner,2024-02-01,50.8,Clay
Sebastian Ofner,2024-03-01,45.0,Clay
Sebastian Ofner,2024-04-01,41.7,Clay
Sebastian Ofner,2024-05-01,34.2,Clay
Sebastian Ofner,2024-06-01,41.4,Clay
Sebastian Ofner,2024-07-01,43.0,Clay
Sebastian Ofner,2024-08-01,40.0,Clay
Sebastian Ofner,2025-04-01,45.0,Clay
Sebastian Ofner,2025-05-01,50.0,Clay
Sebastian Ofner,2025-06-01,47.5,Clay
Sebastian Ofner,2025-07-01,48.3,Clay
Sebastian Ofner,2025-08-01,43.3,Clay
Sebastian Ofner,2025-10-01,37.5,Clay
Sergiy Stakhovsky,2015-03-01,55.0,Hard
Sergiy Stakhovsky,2015-04-01,55.0,Hard
Sergiy Stakhovsky,2015-05-01,53.3,Hard
Sergiy Stakhovsky,2015-06-01,42.5,Hard
Sergiy Stakhovsky,2015-07-01,35.0,Hard
Sergiy Stakhovsky,2015-08-01,30.7,Hard
Sergiy Stakhovsky,2015-09-01,35.0,Hard
Sergiy Stakhovsky,2015-10-01,33.3,Hard
Sergiy Stakhovsky,2016-01-01,30.0,Hard
Sergiy Stakhovsky,2016-02-01,28.7,Hard
Sergiy Stakhovsky,2016-03-01,30.0,Hard
Sergiy Stakhovsky,2016-06-01,35.8,Hard
Sergiy Stakhovsky,2016-07-01,40.0,Hard
Sergiy Stakhovsky,2016-08-01,37.5,Hard
Sergiy Stakhovsky,2016-09-01,40.0,Hard
Sergiy Stakhovsky,2017-02-01,42.5,Hard
Sergiy Stakhovsky,2017-04-01,41.7,Hard
Sergiy Stakhovsky,2017-05-01,40.0,Hard
Sergiy Stakhovsky,2017-07-01,40.0,Hard
Sergiy Stakhovsky,2017-09-01,40.0,Hard
Sergiy Stakhovsky,2017-10-01,37.5,Hard
Sergiy Stakhovsky,2018-02-01,38.3,Hard
Sergiy Stakhovsky,2018-05-01,40.0,Hard
Sergiy Stakhovsky,2018-07-01,41.7,Hard
Sergiy Stakhovsky,2018-10-01,40.0,Hard
Sergiy Stakhovsky,2018-12-01,35.0,Hard
Sergiy Stakhovsky,2019-02-01,41.7,Hard
Sergiy Stakhovsky,2019-04-01,40.0,Hard
Sergiy Stakhovsky,2019-05-01,35.0,Hard
Sergiy Stakhovsky,2019-06-01,37.5,Hard
Sergiy Stakhovsky,2019-07-01,35.0,Hard
Sergiy Stakhovsky,2019-09-01,37.5,Hard
Sergiy Stakhovsky,2020-02-01,40.0,Hard
Sergiy Stakhovsky,2020-03-01,37.5,Hard
Sergiy Stakhovsky,2021-02-01,38.3,Hard
Sergiy Stakhovsky,2021-03-01,37.5,Hard
Sergiy Stakhovsky,2021-11-01,40.0,Hard
Simone Bolelli,2015-04-01,50.0,Clay
Simone Bolelli,2015-05-01,48.6,Clay
Simone Bolelli,2015-06-01,52.5,Clay
Simone Bolelli,2015-07-01,55.0,Clay
Simone Bolelli,2015-08-01,56.3,Clay
Simone Bolelli,2015-09-01,55.0,Clay
Simone Bolelli,2015-10-01,50.0,Clay
Simone Bolelli,2016-01-01,41.3,Clay
Simone Bolelli,2016-02-01,37.5,Clay
Simone Bolelli,2016-03-01,30.0,Clay
Simone Bolelli,2016-04-01,32.5,Clay
Simone Bolelli,2016-05-01,30.0,Clay
Simone Bolelli,2017-05-01,32.5,Clay
Simone Bolelli,2017-07-01,30.0,Clay
Simone Bolelli,2017-09-01,25.0,Clay
Simone Bolelli,2017-10-01,25.0,Clay
Simone Bolelli,2018-04-01,28.3,Clay
Simone Bolelli,2018-05-01,30.0,Clay
Simone Bolelli,2018-07-01,37.0,Clay
Simone Bolelli,2018-12-01,45.0,Clay
Simone Bolelli,2019-02-01,40.0,Clay
Simone Bolelli,2019-05-01,40.0,Clay
Stan Wawrinka,2015-03-01,80.0,Hard
Stan Wawrinka,2015-04-01,77.5,Hard
Stan Wawrinka,2015-05-01,68.0,Hard
Stan Wawrinka,2015-06-01,75.0,Hard
Stan Wawrinka,2015-08-01,76.0,Hard
Stan Wawrinka,2015-09-01,73.3,Hard
Stan Wawrinka,2015-10-01,76.7,Hard
Stan Wawrinka,2015-11-01,75.0,Hard
Stan Wawrinka,2016-01-01,73.1,Hard
Stan Wawrinka,2016-02-01,72.1,Hard
Stan Wawrinka,2016-03-01,80.0,Hard
Stan Wawrinka,2016-04-01,78.3,Hard
Stan Wawrinka,2016-05-01,70.8,Hard
Stan Wawrinka,2016-06-01,65.0,Hard
Stan Wawrinka,2016-07-01,70.0,Hard
Stan Wawrinka,2016-08-01,74.4,Hard
Stan Wawrinka,2016-09-01,75.0,Hard
Stan Wawrinka,2016-10-01,76.7,Hard
Stan Wawrinka,2016-11-01,71.7,Hard
Stan Wawrinka,2017-01-01,65.6,Hard
Stan Wawrinka,2017-02-01,55.0,Hard
Stan Wawrinka,2017-03-01,65.6,Hard
Stan Wawrinka,2017-04-01,72.5,Hard
Stan Wawrinka,2017-05-01,69.6,Hard
Stan Wawrinka,2017-06-01,70.0,Hard
Stan Wawrinka,2017-07-01,65.0,Hard
Stan Wawrinka,2018-01-01,65.0,Hard
Stan Wawrinka,2018-02-01,67.0,Hard
Stan Wawrinka,2018-05-01,56.3,Hard
Stan Wawrinka,2018-06-01,45.0,Hard
Stan Wawrinka,2018-07-01,35.0,Hard
Stan Wawrinka,2018-08-01,43.0,Hard
Stan Wawrinka,2018-09-01,57.5,Hard
Stan Wawrinka,2018-10-01,60.0,Hard
Stan Wawrinka,2018-12-01,63.3,Hard
Stan Wawrinka,2019-01-01,62.5,Hard
Stan Wawrinka,2019-02-01,61.1,Hard
Stan Wawrinka,2019-03-01,58.8,Hard
Stan Wawrinka,2019-04-01,60.0,Hard
Stan Wawrinka,2019-05-01,60.5,Hard
Stan Wawrinka,2019-06-01,57.5,Hard
Stan Wawrinka,2019-07-01,57.5,Hard
Stan Wawrinka,2019-08-01,58.3,Hard
Stan Wawrinka,2019-10-01,66.1,Hard
Stan Wawrinka,2020-01-01,70.0,Hard
Stan Wawrinka,2020-02-01,70.0,Hard
Stan Wawrinka,2020-09-01,65.0,Hard
Stan Wawrinka,2020-10-01,63.7,Hard
Stan Wawrinka,2020-11-01,65.0,Hard
Stan Wawrinka,2021-02-01,62.0,Hard
Stan Wawrinka,2021-03-01,52.5,Hard
Stan Wawrinka,2022-04-01,50.0,Hard
Stan Wawrinka,2022-05-01,52.5,Hard
Stan Wawrinka,2022-06-01,46.7,Hard
Stan Wawrinka,2022-07-01,45.0,Hard
Stan Wawrinka,2022-08-01,35.0,Hard
Stan Wawrinka,2022-09-01,35.0,Hard
Stan Wawrinka,2022-10-01,35.0,Hard
Stan Wawrinka,2023-01-01,35.0,Hard
Stan Wawrinka,2023-02-01,43.8,Hard
Stan Wawrinka,2023-03-01,52.5,Hard
Stan Wawrinka,2023-04-01,55.0,Hard
Stan Wawrinka,2023-05-01,57.5,Hard
Stan Wawrinka,2023-07-01,58.0,Hard
Stan Wawrinka,2023-08-01,62.5,Hard
Stan Wawrinka,2023-09-01,61.7,Hard
Stan Wawrinka,2023-10-01,56.0,Hard
Stan Wawrinka,2023-11-01,52.5,Hard
Stan Wawrinka,2024-01-01,45.0,Hard
Stan Wawrinka,2024-02-01,41.7,Hard
Stan Wawrinka,2024-03-01,35.0,Hard
Stan Wawrinka,2024-04-01,31.3,Hard
Stan Wawrinka,2024-05-01,30.0,Hard
Stan Wawrinka,2024-07-01,30.0,Hard
Stan Wawrinka,2024-08-01,30.0,Hard
Stan Wawrinka,2024-09-01,30.0,Hard
Stan Wawrinka,2024-10-01,36.9,Hard
Stan Wawrinka,2024-11-01,40.0,Hard
Stan Wawrinka,2025-01-01,40.0,Hard
Stan Wawrinka,2025-02-01,35.0,Hard
Stan Wawrinka,2025-03-01,35.0,Hard
Stan Wawrinka,2025-04-01,32.5,Hard
Stan Wawrinka,2025-05-01,30.0,Hard
Stan Wawrinka,2025-07-01,31.7,Hard
Stan Wawrinka,2025-10-01,28.3,Hard
Stan Wawrinka,2025-11-01,25.0,Hard
Stefanos Tsitsipas,2018-02-01,35.0,Clay
Stefanos Tsitsipas,2018-03-01,45.0,Clay
Stefanos Tsitsipas,2018-04-01,52.1,Clay
Stefanos Tsitsipas,2018-05-01,61.0,Clay
Stefanos Tsitsipas,2018-06-01,64.0,Clay
Stefanos Tsitsipas,2018-07-01,63.1,Clay
Stefanos Tsitsipas,2018-08-01,68.3,Clay
Stefanos Tsitsipas,2018-09-01,62.5,Clay
Stefanos Tsitsipas,2018-10-01,62.1,Clay
Stefanos Tsitsipas,2018-11-01,67.0,Clay
Stefanos Tsitsipas,2019-01-01,79.4,Clay
Stefanos Tsitsipas,2019-02-01,76.3,Clay
Stefanos Tsitsipas,2019-03-01,72.5,Clay
Stefanos Tsitsipas,2019-04-01,68.8,Clay
Stefanos Tsitsipas,2019-05-01,74.2,Clay
Stefanos Tsitsipas,2019-06-01,76.3,Clay
Stefanos Tsitsipas,2019-07-01,69.0,Clay
Stefanos Tsitsipas,2019-08-01,56.7,Clay
Stefanos Tsitsipas,2019-09-01,52.9,Clay
Stefanos Tsitsipas,2019-10-01,60.9,Clay
Stefanos Tsitsipas,2019-11-01,73.0,Clay
Stefanos Tsitsipas,2020-01-01,67.5,Clay
Stefanos Tsitsipas,2020-02-01,68.6,Clay
Stefanos Tsitsipas,2020-03-01,75.0,Clay
Stefanos Tsitsipas,2020-08-01,80.0,Clay
Stefanos Tsitsipas,2020-09-01,77.1,Clay
Stefanos Tsitsipas,2020-10-01,72.5,Clay
Stefanos Tsitsipas,2020-11-01,63.7,Clay
Stefanos Tsitsipas,2021-02-01,68.1,Clay
Stefanos Tsitsipas,2021-03-01,72.0,Clay
Stefanos Tsitsipas,2021-04-01,78.5,Clay
Stefanos Tsitsipas,2021-05-01,81.9,Clay
Stefanos Tsitsipas,2021-06-01,75.0,Clay
Stefanos Tsitsipas,2021-07-01,74.0,Clay
Stefanos Tsitsipas,2021-08-01,73.2,Clay
Stefanos Tsitsipas,2021-09-01,65.0,Clay
Stefanos Tsitsipas,2021-10-01,70.8,Clay
Stefanos Tsitsipas,2021-11-01,65.0,Clay
Stefanos Tsitsipas,2022-01-01,63.7,Clay
Stefanos Tsitsipas,2022-02-01,66.4,Clay
Stefanos Tsitsipas,2022-03-01,73.0,Clay
Stefanos Tsitsipas,2022-04-01,72.5,Clay
Stefanos Tsitsipas,2022-05-01,78.5,Clay
Stefanos Tsitsipas,2022-06-01,74.1,Clay
Stefanos Tsitsipas,2022-08-01,70.0,Clay
Stefanos Tsitsipas,2022-09-01,67.5,Clay
Stefanos Tsitsipas,2022-10-01,71.3,Clay
Stefanos Tsitsipas,2022-11-01,66.7,Clay
Stefanos Tsitsipas,2023-01-01,72.3,Clay
Stefanos Tsitsipas,2023-02-01,75.0,Clay
Stefanos Tsitsipas,2023-03-01,70.0,Clay
Stefanos Tsitsipas,2023-04-01,72.9,Clay
Stefanos Tsitsipas,2023-05-01,74.0,Clay
Stefanos Tsitsipas,2023-06-01,71.3,Clay
Stefanos Tsitsipas,2023-07-01,68.1,Clay
Stefanos Tsitsipas,2023-08-01,64.0,Clay
Stefanos Tsitsipas,2023-09-01,56.7,Clay
Stefanos Tsitsipas,2023-10-01,60.4,Clay
Stefanos Tsitsipas,2023-11-01,55.0,Clay
Stefanos Tsitsipas,2024-01-01,58.3,Clay
Stefanos Tsitsipas,2024-02-01,64.3,Clay
Stefanos Tsitsipas,2024-03-01,61.3,Clay
Stefanos Tsitsipas,2024-04-01,72.5,Clay
Stefanos Tsitsipas,2024-05-01,77.2,Clay
Stefanos Tsitsipas,2024-06-01,77.5,Clay
Stefanos Tsitsipas,2024-07-01,68.9,Clay
Stefanos Tsitsipas,2024-08-01,62.5,Clay
Stefanos Tsitsipas,2024-09-01,57.5,Clay
Stefanos Tsitsipas,2024-10-01,56.3,Clay
Stefanos Tsitsipas,2024-12-01,55.0,Clay
Stefanos Tsitsipas,2025-01-01,55.0,Clay
Stefanos Tsitsipas,2025-02-01,60.0,Clay
Stefanos Tsitsipas,2025-03-01,68.0,Clay
Stefanos Tsitsipas,2025-04-01,66.9,Clay
Stefanos Tsitsipas,2025-05-01,68.8,Clay
Stefanos Tsitsipas,2025-06-01,60.0,Clay
Stefanos Tsitsipas,2025-07-01,50.0,Clay
Stefanos Tsitsipas,2025-08-01,48.0,Clay
Stefanos Tsitsipas,2025-09-01,45.0,Clay
Stephane Robert,2016-06-01,35.0,Clay
Stephane Robert,2016-07-01,47.5,Clay
Stephane Robert,2016-08-01,47.5,Clay
Stephane Robert,2016-09-01,45.0,Clay
Stephane Robert,2016-10-01,41.9,Clay
Stephane Robert,2017-01-01,35.0,Clay
Stephane Robert,2017-02-01,25.0,Clay
Stephane Robert,2017-03-01,25.0,Clay
Stephane Robert,2017-05-01,20.0,Clay
Stephane Robert,2017-06-01,20.0,Clay
Stephane Robert,2018-07-01,25.0,Clay
Stephane Robert,2018-10-01,20.0,Clay
Stephane Robert,2020-01-01,15.0,Clay
Steve Darcis,2015-08-01,50.0,Hard
Steve Darcis,2015-09-01,45.0,Hard
Steve Darcis,2015-10-01,45.0,Hard
Steve Darcis,2016-01-01,40.0,Hard
Steve Darcis,2016-02-01,35.0,Hard
Steve Darcis,2016-05-01,40.0,Hard
Steve Darcis,2016-08-01,45.0,Hard
Steve Darcis,2016-09-01,50.0,Hard
Steve Darcis,2016-10-01,47.5,Hard
Steve Darcis,2017-01-01,46.0,Hard
Steve Darcis,2017-02-01,59.0,Hard
Steve Darcis,2017-04-01,63.3,Hard
Steve Darcis,2017-05-01,61.3,Hard
Steve Darcis,2017-06-01,52.5,Hard
Steve Darcis,2017-07-01,47.5,Hard
Steve Darcis,2017-08-01,40.0,Hard
Steve Darcis,2017-09-01,37.5,Hard
Steve Darcis,2017-10-01,41.0,Hard
Steve Darcis,2017-11-01,35.0,Hard
Steve Darcis,2018-12-01,45.0,Hard
Steve Darcis,2019-01-01,45.0,Hard
Steve Darcis,2019-02-01,40.0,Hard
Steve Darcis,2019-06-01,40.0,Hard
Steve Darcis,2019-07-01,41.3,Hard
Steve Darcis,2019-08-01,35.0,Hard
Steve Darcis,2019-09-01,30.0,Hard
Steve Darcis,2019-10-01,25.0,Hard
Steve Darcis,2019-11-01,27.5,Hard
Steve Darcis,2020-01-01,31.7,Hard
Steve Johnson,2015-03-01,60.0,Grass
Steve Johnson,2015-04-01,56.7,Grass
Steve Johnson,2015-05-01,51.3,Grass
Steve Johnson,2015-06-01,47.0,Grass
Steve Johnson,2015-07-01,41.3,Grass
Steve Johnson,2015-08-01,55.9,Grass
Steve Johnson,2015-09-01,55.0,Grass
Steve Johnson,2015-10-01,59.2,Grass
Steve Johnson,2016-01-01,56.0,Grass
Steve Johnson,2016-02-01,56.3,Grass
Steve Johnson,2016-03-01,55.0,Grass
Steve Johnson,2016-04-01,45.0,Grass
Steve Johnson,2016-05-01,37.0,Grass
Steve Johnson,2016-06-01,44.6,Grass
Steve Johnson,2016-07-01,66.4,Grass
Steve Johnson,2016-08-01,71.3,Grass
Steve Johnson,2016-10-01,55.0,Grass
Steve Johnson,2017-01-01,49.3,Grass
Steve Johnson,2017-02-01,50.6,Grass
Steve Johnson,2017-03-01,58.3,Grass
Steve Johnson,2017-04-01,63.7,Grass
Steve Johnson,2017-05-01,67.5,Grass
Steve Johnson,2017-06-01,64.0,Grass
Steve Johnson,2017-07-01,61.3,Grass
Steve Johnson,2017-08-01,52.9,Grass
Steve Johnson,2017-10-01,48.8,Grass
Steve Johnson,2018-01-01,42.5,Grass
Steve Johnson,2018-02-01,43.3,Grass
Steve Johnson,2018-03-01,42.5,Grass
Steve Johnson,2018-04-01,48.0,Grass
Steve Johnson,2018-05-01,67.2,Grass
Steve Johnson,2018-06-01,68.3,Grass
Steve Johnson,2018-07-01,67.5,Grass
Steve Johnson,2018-08-01,57.8,Grass
Steve Johnson,2018-09-01,50.0,Grass
Steve Johnson,2018-10-01,47.5,Grass
Steve Johnson,2019-01-01,42.5,Grass
Steve Johnson,2019-02-01,36.7,Grass
Steve Johnson,2019-03-01,35.0,Grass
Steve Johnson,2019-04-01,25.0,Grass
Steve Johnson,2019-05-01,26.7,Grass
Steve Johnson,2019-06-01,36.0,Grass
Steve Johnson,2019-07-01,38.0,Grass
Steve Johnson,2019-08-01,45.0,Grass
Steve Johnson,2019-09-01,45.0,Grass
Steve Johnson,2020-01-01,40.0,Grass
Steve Johnson,2020-02-01,47.5,Grass
Steve Johnson,2020-08-01,47.5,Grass
Steve Johnson,2020-09-01,40.0,Grass
Steve Johnson,2020-10-01,46.3,Grass
Steve Johnson,2021-03-01,37.5,Grass
Steve Johnson,2021-05-01,36.3,Grass
Steve Johnson,2021-06-01,42.5,Grass
Steve Johnson,2021-07-01,40.8,Grass
Steve Johnson,2021-08-01,48.6,Grass
Steve Johnson,2021-10-01,50.0,Grass
Steve Johnson,2022-01-01,50.8,Grass
Steve Johnson,2022-02-01,48.3,Grass
Steve Johnson,2022-03-01,50.0,Grass
Steve Johnson,2022-04-01,47.5,Grass
Steve Johnson,2022-05-01,45.0,Grass
Steve Johnson,2022-06-01,50.0,Grass
Steve Johnson,2022-07-01,53.8,Grass
Steve Johnson,2022-08-01,57.1,Grass
Steve Johnson,2022-09-01,51.7,Grass
Steve Johnson,2022-10-01,50.0,Grass
Steve Johnson,2023-02-01,45.0,Grass
Steve Johnson,2023-04-01,42.5,Grass
Steve Johnson,2023-07-01,42.5,Grass
Steve Johnson,2023-08-01,35.0,Grass
Steve Johnson,2024-02-01,35.0,Grass
Tallon Griekspoor,2021-08-01,30.0,Grass
Tallon Griekspoor,2021-09-01,35.0,Grass
Tallon Griekspoor,2022-01-01,39.2,Grass
Tallon Griekspoor,2022-02-01,45.0,Grass
Tallon Griekspoor,2022-03-01,43.3,Grass
Tallon Griekspoor,2022-04-01,40.0,Grass
Tallon Griekspoor,2022-05-01,41.7,Grass
Tallon Griekspoor,2022-06-01,40.6,Grass
Tallon Griekspoor,2022-07-01,45.0,Grass
Tallon Griekspoor,2022-08-01,50.0,Grass
Tallon Griekspoor,2022-09-01,51.2,Grass
Tallon Griekspoor,2022-10-01,42.5,Grass
Tallon Griekspoor,2022-11-01,35.0,Grass
Tallon Griekspoor,2023-01-01,45.0,Grass
Tallon Griekspoor,2023-02-01,59.4,Grass
Tallon Griekspoor,2023-03-01,70.0,Grass
Tallon Griekspoor,2023-04-01,65.0,Grass
Tallon Griekspoor,2023-05-01,51.2,Grass
Tallon Griekspoor,2023-06-01,53.1,Grass
Tallon Griekspoor,2023-07-01,60.0,Grass
Tallon Griekspoor,2023-08-01,64.0,Grass
Tallon Griekspoor,2023-09-01,61.0,Grass
Tallon Griekspoor,2023-10-01,49.4,Grass
Tallon Griekspoor,2023-11-01,45.0,Grass
Tallon Griekspoor,2024-01-01,47.0,Grass
Tallon Griekspoor,2024-02-01,56.3,Grass
Tallon Griekspoor,2024-03-01,57.5,Grass
Tallon Griekspoor,2024-04-01,58.3,Grass
Tallon Griekspoor,2024-05-01,55.7,Grass
Tallon Griekspoor,2024-06-01,56.0,Grass
Tallon Griekspoor,2024-07-01,54.0,Grass
Tallon Griekspoor,2024-08-01,50.0,Grass
Tallon Griekspoor,2024-09-01,46.0,Grass
Tallon Griekspoor,2024-10-01,47.5,Grass
Tallon Griekspoor,2024-11-01,51.7,Grass
Tallon Griekspoor,2025-01-01,50.0,Grass
Tallon Griekspoor,2025-02-01,52.5,Grass
Tallon Griekspoor,2025-03-01,61.7,Grass
Tallon Griekspoor,2025-04-01,66.7,Grass
Tallon Griekspoor,2025-05-01,66.7,Grass
Tallon Griekspoor,2025-06-01,66.0,Grass
Tallon Griekspoor,2025-07-01,61.7,Grass
Tallon Griekspoor,2025-08-01,55.0,Grass
Tallon Griekspoor,2025-09-01,47.5,Grass
Tallon Griekspoor,2025-10-01,46.3,Grass
Taylor Fritz,2016-06-01,46.3,Grass
Taylor Fritz,2016-07-01,40.0,Grass
Taylor Fritz,2016-08-01,36.4,Grass
Taylor Fritz,2016-10-01,32.5,Grass
Taylor Fritz,2017-01-01,30.0,Grass
Taylor Fritz,2017-02-01,36.0,Grass
Taylor Fritz,2017-03-01,39.0,Grass
Taylor Fritz,2017-07-01,37.5,Grass
Taylor Fritz,2017-08-01,47.5,Grass
Taylor Fritz,2017-09-01,53.3,Grass
Taylor Fritz,2018-02-01,55.0,Grass
Taylor Fritz,2018-03-01,62.0,Grass
Taylor Fritz,2018-04-01,66.3,Grass
Taylor Fritz,2018-05-01,63.7,Grass
Taylor Fritz,2018-06-01,57.5,Grass
Taylor Fritz,2018-07-01,53.3,Grass
Taylor Fritz,2018-08-01,50.0,Grass
Taylor Fritz,2018-09-01,51.2,Grass
Taylor Fritz,2018-10-01,51.4,Grass
Taylor Fritz,2018-11-01,53.3,Grass
Taylor Fritz,2018-12-01,50.0,Grass
Taylor Fritz,2019-01-01,51.7,Grass
Taylor Fritz,2019-02-01,45.0,Grass
Taylor Fritz,2019-03-01,40.0,Grass
Taylor Fritz,2019-04-01,42.1,Grass
Taylor Fritz,2019-05-01,44.5,Grass
Taylor Fritz,2019-06-01,54.4,Grass
Taylor Fritz,2019-07-01,69.1,Grass
Taylor Fritz,2019-08-01,66.7,Grass
Taylor Fritz,2019-09-01,62.5,Grass
Taylor Fritz,2019-10-01,47.1,Grass
Taylor Fritz,2019-11-01,40.0,Grass
Taylor Fritz,2020-01-01,35.7,Grass
Taylor Fritz,2020-02-01,45.0,Grass
Taylor Fritz,2020-03-01,55.0,Grass
Taylor Fritz,2020-08-01,57.0,Grass
Taylor Fritz,2020-09-01,56.0,Grass
Taylor Fritz,2020-10-01,53.8,Grass
Taylor Fritz,2020-11-01,50.0,Grass
Taylor Fritz,2021-02-01,47.0,Grass
Taylor Fritz,2021-03-01,50.0,Grass
Taylor Fritz,2021-04-01,57.5,Grass
Taylor Fritz,2021-05-01,57.0,Grass
Taylor Fritz,2021-06-01,56.7,Grass
Taylor Fritz,2021-07-01,56.4,Grass
Taylor Fritz,2021-08-01,50.0,Grass
Taylor Fritz,2021-09-01,52.5,Grass
Taylor Fritz,2021-10-01,59.0,Grass
Taylor Fritz,2021-11-01,65.0,Grass
Taylor Fritz,2022-01-01,72.9,Grass
Taylor Fritz,2022-02-01,68.8,Grass
Taylor Fritz,2022-03-01,71.5,Grass
Taylor Fritz,2022-04-01,75.0,Grass
Taylor Fritz,2022-05-01,75.0,Grass
Taylor Fritz,2022-06-01,69.5,Grass
Taylor Fritz,2022-08-01,68.5,Grass
Taylor Fritz,2022-09-01,67.5,Grass
Taylor Fritz,2022-10-01,66.1,Grass
Taylor Fritz,2022-11-01,63.0,Grass
Taylor Fritz,2023-01-01,70.7,Grass
Taylor Fritz,2023-02-01,70.9,Grass
Taylor Fritz,2023-03-01,78.8,Grass
Taylor Fritz,2023-04-01,77.5,Grass
Taylor Fritz,2023-05-01,67.1,Grass
Taylor Fritz,2023-06-01,61.0,Grass
Taylor Fritz,2023-07-01,60.0,Grass
Taylor Fritz,2023-08-01,69.5,Grass
Taylor Fritz,2023-10-01,70.0,Grass
Taylor Fritz,2024-01-01,63.6,Grass
Taylor Fritz,2024-02-01,65.8,Grass
Taylor Fritz,2024-03-01,68.8,Grass
Taylor Fritz,2024-04-01,69.5,Grass
Taylor Fritz,2024-05-01,66.1,Grass
Taylor Fritz,2024-06-01,72.1,Grass
Taylor Fritz,2024-07-01,75.6,Grass
Taylor Fritz,2024-08-01,75.5,Grass
Taylor Fritz,2024-09-01,70.0,Grass
Taylor Fritz,2024-10-01,65.0,Grass
Taylor Fritz,2024-11-01,65.8,Grass
Taylor Fritz,2024-12-01,62.0,Grass
Taylor Fritz,2025-01-01,68.3,Grass
Taylor Fritz,2025-02-01,65.0,Grass
Taylor Fritz,2025-03-01,68.8,Grass
Taylor Fritz,2025-04-01,71.7,Grass
Taylor Fritz,2025-05-01,61.3,Grass
Taylor Fritz,2025-06-01,67.7,Grass
Taylor Fritz,2025-07-01,80.6,Grass
Taylor Fritz,2025-08-01,80.0,Grass
Taylor Fritz,2025-09-01,75.0,Grass
Taylor Fritz,2025-10-01,71.7,Grass
Taylor Fritz,2025-11-01,63.3,Grass
Tennys Sandgren,2018-03-01,40.0,Hard
Tennys Sandgren,2018-04-01,50.6,Hard
Tennys Sandgren,2018-05-01,47.0,Hard
Tennys Sandgren,2018-07-01,40.0,Hard
Tennys Sandgren,2018-08-01,41.3,Hard
Tennys Sandgren,2018-09-01,40.0,Hard
Tennys Sandgren,2018-10-01,38.8,Hard
Tennys Sandgren,2018-12-01,30.0,Hard
Tennys Sandgren,2019-01-01,45.8,Hard
Tennys Sandgren,2019-02-01,45.0,Hard
Tennys Sandgren,2019-03-01,42.5,Hard
Tennys Sandgren,2019-04-01,40.0,Hard
Tennys Sandgren,2019-05-01,35.0,Hard
Tennys Sandgren,2019-06-01,35.0,Hard
Tennys Sandgren,2019-07-01,42.8,Hard
Tennys Sandgren,2019-08-01,36.0,Hard
Tennys Sandgren,2019-09-01,40.0,Hard
Tennys Sandgren,2020-01-01,49.4,Hard
Tennys Sandgren,2020-02-01,50.0,Hard
Tennys Sandgren,2020-08-01,50.0,Hard
Tennys Sandgren,2020-09-01,47.5,Hard
Tennys Sandgren,2020-10-01,40.0,Hard
Tennys Sandgren,2020-11-01,40.0,Hard
Tennys Sandgren,2021-02-01,38.3,Hard
Tennys Sandgren,2021-03-01,28.3,Hard
Tennys Sandgren,2021-04-01,25.0,Hard
Tennys Sandgren,2021-05-01,23.8,Hard
Tennys Sandgren,2021-06-01,26.3,Hard
Tennys Sandgren,2021-07-01,30.0,Hard
Tennys Sandgren,2021-08-01,32.5,Hard
Tennys Sandgren,2021-10-01,35.0,Hard
Tennys Sandgren,2022-02-01,30.0,Hard
Tennys Sandgren,2022-03-01,30.0,Hard
Tennys Sandgren,2024-02-01,25.0,Hard
Teymuraz Gabashvili,2015-05-01,40.0,Clay
Teymuraz Gabashvili,2015-06-01,40.0,Clay
Teymuraz Gabashvili,2015-08-01,52.1,Clay
Teymuraz Gabashvili,2015-09-01,52.5,Clay
Teymuraz Gabashvili,2015-10-01,53.3,Clay
Teymuraz Gabashvili,2015-11-01,50.0,Clay
Teymuraz Gabashvili,2016-01-01,50.7,Clay
Teymuraz Gabashvili,2016-02-01,46.3,Clay
Teymuraz Gabashvili,2016-03-01,48.8,Clay
Teymuraz Gabashvili,2016-04-01,41.0,Clay
Teymuraz Gabashvili,2016-05-01,31.7,Clay
Teymuraz Gabashvili,2016-06-01,32.5,Clay
Teymuraz Gabashvili,2016-07-01,33.3,Clay
Teymuraz Gabashvili,2016-08-01,30.0,Clay
Teymuraz Gabashvili,2017-02-01,30.0,Clay
Teymuraz Gabashvili,2017-05-01,30.0,Clay
Teymuraz Gabashvili,2017-10-01,25.0,Clay
Thomaz Bellucci,2015-04-01,40.0,Clay
Thomaz Bellucci,2015-05-01,52.9,Clay
Thomaz Bellucci,2015-06-01,62.5,Clay
Thomaz Bellucci,2015-07-01,65.7,Clay
Thomaz Bellucci,2015-08-01,58.6,Clay
Thomaz Bellucci,2015-09-01,60.0,Clay
Thomaz Bellucci,2015-10-01,51.3,Clay
Thomaz Bellucci,2015-11-01,45.0,Clay
Thomaz Bellucci,2016-01-01,40.0,Clay
Thomaz Bellucci,2016-02-01,41.7,Clay
Thomaz Bellucci,2016-03-01,32.5,Clay
Thomaz Bellucci,2016-04-01,27.5,Clay
Thomaz Bellucci,2016-05-01,35.7,Clay
Thomaz Bellucci,2016-06-01,33.3,Clay
Thomaz Bellucci,2016-07-01,33.3,Clay
Thomaz Bellucci,2016-08-01,47.0,Clay
Thomaz Bellucci,2016-09-01,48.3,Clay
Thomaz Bellucci,2016-10-01,53.3,Clay
Thomaz Bellucci,2017-01-01,52.5,Clay
Thomaz Bellucci,2017-02-01,51.7,Clay
Thomaz Bellucci,2017-03-01,43.3,Clay
Thomaz Bellucci,2017-04-01,54.4,Clay
Thomaz Bellucci,2017-05-01,50.7,Clay
Thomaz Bellucci,2017-06-01,45.0,Clay
Thomaz Bellucci,2017-07-01,43.3,Clay
Thomaz Bellucci,2017-08-01,35.0,Clay
Thomaz Bellucci,2018-02-01,27.0,Clay
Thomaz Bellucci,2018-05-01,20.0,Clay
Thomaz Bellucci,2021-01-01,20.0,Clay
Thomaz Bellucci,2023-02-01,20.0,Clay
Tomas Berdych,2015-02-01,80.0,Hard
Tomas Berdych,2015-03-01,79.4,Hard
Tomas Berdych,2015-04-01,79.0,Hard
Tomas Berdych,2015-05-01,76.8,Hard
Tomas Berdych,2015-06-01,71.4,Hard
Tomas Berdych,2015-08-01,66.3,Hard
Tomas Berdych,2015-09-01,68.0,Hard
Tomas Berdych,2015-10-01,69.4,Hard
Tomas Berdych,2015-11-01,71.7,Hard
Tomas Berdych,2016-01-01,67.2,Hard
Tomas Berdych,2016-02-01,65.8,Hard
Tomas Berdych,2016-03-01,67.2,Hard
Tomas Berdych,2016-04-01,65.0,Hard
Tomas Berdych,2016-05-01,63.5,Hard
Tomas Berdych,2016-06-01,65.7,Hard
Tomas Berdych,2016-07-01,68.3,Hard
Tomas Berdych,2016-08-01,67.5,Hard
Tomas Berdych,2016-09-01,70.0,Hard
Tomas Berdych,2016-10-01,65.8,Hard
Tomas Berdych,2017-01-01,63.6,Hard
Tomas Berdych,2017-02-01,65.0,Hard
Tomas Berdych,2017-03-01,65.0,Hard
Tomas Berdych,2017-04-01,68.3,Hard
Tomas Berdych,2017-05-01,66.7,Hard
Tomas Berdych,2017-06-01,66.0,Hard
Tomas Berdych,2017-07-01,68.9,Hard
Tomas Berdych,2017-08-01,63.3,Hard
Tomas Berdych,2017-09-01,60.0,Hard
Tomas Berdych,2017-10-01,60.0,Hard
Tomas Berdych,2018-01-01,60.0,Hard
Tomas Berdych,2018-02-01,57.5,Hard
Tomas Berdych,2018-03-01,56.3,Hard
Tomas Berdych,2018-04-01,55.0,Hard
Tomas Berdych,2018-05-01,51.7,Hard
Tomas Berdych,2018-06-01,50.0,Hard
Tomas Berdych,2018-12-01,47.0,Hard
Tomas Berdych,2019-01-01,50.0,Hard
Tomas Berdych,2019-02-01,58.1,Hard
Tomas Berdych,2019-03-01,60.0,Hard
Tomas Berdych,2019-07-01,60.0,Hard
Tomas Berdych,2019-08-01,60.0,Hard
Tomas Machac,2023-01-01,40.0,Hard
Tomas Machac,2023-02-01,45.0,Hard
Tomas Machac,2023-04-01,46.7,Hard
Tomas Machac,2023-07-01,45.0,Hard
Tomas Machac,2023-09-01,45.0,Hard
Tomas Machac,2023-10-01,45.0,Hard
Tomas Machac,2023-11-01,50.0,Hard
Tomas Machac,2024-01-01,53.0,Hard
Tomas Machac,2024-02-01,61.3,Hard
Tomas Machac,2024-03-01,61.4,Hard
Tomas Machac,2024-04-01,62.5,Hard
Tomas Machac,2024-05-01,64.4,Hard
Tomas Machac,2024-06-01,65.0,Hard
Tomas Machac,2024-07-01,61.0,Hard
Tomas Machac,2024-08-01,52.5,Hard
Tomas Machac,2024-09-01,46.7,Hard
Tomas Machac,2024-10-01,56.8,Hard
Tomas Machac,2024-12-01,57.5,Hard
Tomas Machac,2025-01-01,62.5,Hard
Tomas Machac,2025-02-01,63.7,Hard
Tomas Machac,2025-03-01,67.5,Hard
Tomas Machac,2025-04-01,70.0,Hard
Tomas Machac,2025-05-01,63.7,Hard
Tomas Machac,2025-06-01,58.0,Hard
Tomas Machac,2025-07-01,50.0,Hard
Tomas Machac,2025-08-01,46.0,Hard
Tomas Machac,2025-09-01,40.0,Hard
Tomas Machac,2025-10-01,41.3,Hard
Tomas Martin Etcheverry,2022-09-01,20.0,Clay
Tomas Martin Etcheverry,2023-01-01,20.0,Clay
Tomas Martin Etcheverry,2023-02-01,31.0,Clay
Tomas Martin Etcheverry,2023-03-01,48.3,Clay
Tomas Martin Etcheverry,2023-04-01,58.3,Clay
Tomas Martin Etcheverry,2023-05-01,62.9,Clay
Tomas Martin Etcheverry,2023-06-01,60.0,Clay
Tomas Martin Etcheverry,2023-07-01,57.1,Clay
Tomas Martin Etcheverry,2023-08-01,47.5,Clay
Tomas Martin Etcheverry,2023-09-01,50.0,Clay
Tomas Martin Etcheverry,2023-10-01,45.0,Clay
Tomas Martin Etcheverry,2024-01-01,46.0,Clay
Tomas Martin Etcheverry,2024-02-01,45.8,Clay
Tomas Martin Etcheverry,2024-03-01,40.0,Clay
Tomas Martin Etcheverry,2024-04-01,50.5,Clay
Tomas Martin Etcheverry,2024-05-01,59.5,Clay
Tomas Martin Etcheverry,2024-06-01,57.5,Clay
Tomas Martin Etcheverry,2024-07-01,55.8,Clay
Tomas Martin Etcheverry,2024-08-01,51.9,Clay
Tomas Martin Etcheverry,2024-09-01,48.3,Clay
Tomas Martin Etcheverry,2024-10-01,50.7,Clay
Tomas Martin Etcheverry,2024-11-01,50.0,Clay
Tomas Martin Etcheverry,2024-12-01,47.5,Clay
Tomas Martin Etcheverry,2025-01-01,50.8,Clay
Tomas Martin Etcheverry,2025-02-01,45.8,Clay
Tomas Martin Etcheverry,2025-03-01,43.3,Clay
Tomas Martin Etcheverry,2025-04-01,42.0,Clay
Tomas Martin Etcheverry,2025-05-01,40.0,Clay
Tomas Martin Etcheverry,2025-06-01,39.2,Clay
Tomas Martin Etcheverry,2025-07-01,38.0,Clay
Tomas Martin Etcheverry,2025-08-01,43.8,Clay
Tomas Martin Etcheverry,2025-09-01,45.0,Clay
Tomas Martin Etcheverry,2025-10-01,50.8,Clay
Tomas Martin Etcheverry,2025-11-01,56.7,Clay
Tommy Paul,2018-08-01,45.0,Grass
Tommy Paul,2019-05-01,45.0,Grass
Tommy Paul,2019-06-01,45.0,Grass
Tommy Paul,2019-07-01,50.0,Grass
Tommy Paul,2019-08-01,50.0,Grass
Tommy Paul,2020-01-01,50.7,Grass
Tommy Paul,2020-02-01,50.0,Grass
Tommy Paul,2020-03-01,55.0,Grass
Tommy Paul,2020-08-01,55.0,Grass
Tommy Paul,2020-09-01,55.0,Grass
Tommy Paul,2020-10-01,49.2,Grass
Tommy Paul,2020-11-01,50.0,Grass
Tommy Paul,2021-01-01,50.0,Grass
Tommy Paul,2021-02-01,47.5,Grass
Tommy Paul,2021-03-01,50.0,Grass
Tommy Paul,2021-04-01,45.0,Grass
Tommy Paul,2021-05-01,45.5,Grass
Tommy Paul,2021-07-01,45.0,Grass
Tommy Paul,2021-08-01,42.5,Grass
Tommy Paul,2021-09-01,40.0,Grass
Tommy Paul,2021-10-01,48.1,Grass
Tommy Paul,2021-11-01,51.4,Grass
Tommy Paul,2022-01-01,68.1,Grass
Tommy Paul,2022-02-01,70.8,Grass
Tommy Paul,2022-03-01,71.4,Grass
Tommy Paul,2022-04-01,63.3,Grass
Tommy Paul,2022-05-01,55.0,Grass
Tommy Paul,2022-06-01,47.7,Grass
Tommy Paul,2022-07-01,50.0,Grass
Tommy Paul,2022-08-01,60.5,Grass
Tommy Paul,2022-09-01,65.0,Grass
Tommy Paul,2022-10-01,62.0,Grass
Tommy Paul,2023-01-01,63.7,Grass
Tommy Paul,2023-02-01,69.4,Grass
Tommy Paul,2023-03-01,74.2,Grass
Tommy Paul,2023-04-01,67.5,Grass
Tommy Paul,2023-05-01,58.0,Grass
Tommy Paul,2023-06-01,51.4,Grass
Tommy Paul,2023-07-01,49.3,Grass
Tommy Paul,2023-08-01,64.2,Grass
Tommy Paul,2023-09-01,60.0,Grass
Tommy Paul,2023-10-01,59.0,Grass
Tommy Paul,2024-01-01,53.0,Grass
Tommy Paul,2024-02-01,63.9,Grass
Tommy Paul,2024-03-01,70.0,Grass
Tommy Paul,2024-04-01,70.0,Grass
Tommy Paul,2024-05-01,70.6,Grass
Tommy Paul,2024-06-01,67.1,Grass
Tommy Paul,2024-07-01,77.8,Grass
Tommy Paul,2024-08-01,75.7,Grass
Tommy Paul,2024-09-01,72.5,Grass
Tommy Paul,2024-10-01,66.1,Grass
Tommy Paul,2025-01-01,65.6,Grass
Tommy Paul,2025-02-01,70.8,Grass
Tommy Paul,2025-03-01,67.5,Grass
Tommy Paul,2025-04-01,68.3,Grass
Tommy Paul,2025-05-01,68.5,Grass
Tommy Paul,2025-06-01,66.7,Grass
Tommy Paul,2025-08-01,67.0,Grass
Tommy Robredo,2015-06-01,50.0,Clay
Tommy Robredo,2015-07-01,55.0,Clay
Tommy Robredo,2015-08-01,55.6,Clay
Tommy Robredo,2015-09-01,63.3,Clay
Tommy Robredo,2015-10-01,57.5,Clay
Tommy Robredo,2016-01-01,55.0,Clay
Tommy Robredo,2016-02-01,50.0,Clay
Tommy Robredo,2016-09-01,45.0,Clay
Tommy Robredo,2016-10-01,40.0,Clay
Tommy Robredo,2017-02-01,43.3,Clay
Tommy Robredo,2017-03-01,33.3,Clay
Tommy Robredo,2017-04-01,32.0,Clay
Tommy Robredo,2017-05-01,30.0,Clay
Tommy Robredo,2018-04-01,30.0,Clay
Tommy Robredo,2018-08-01,30.0,Clay
Tommy Robredo,2019-07-01,30.0,Clay
Tommy Robredo,2022-04-01,25.0,Clay
Ugo Humbert,2019-05-01,32.5,Hard
Ugo Humbert,2019-06-01,30.0,Hard
Ugo Humbert,2019-07-01,42.2,Hard
Ugo Humbert,2019-08-01,45.0,Hard
Ugo Humbert,2019-09-01,45.0,Hard
Ugo Humbert,2019-10-01,53.0,Hard
Ugo Humbert,2019-11-01,53.3,Hard
Ugo Humbert,2020-01-01,53.3,Hard
Ugo Humbert,2020-02-01,56.7,Hard
Ugo Humbert,2020-08-01,56.7,Hard
Ugo Humbert,2020-09-01,58.6,Hard
Ugo Humbert,2020-10-01,57.9,Hard
Ugo Humbert,2020-11-01,67.5,Hard
Ugo Humbert,2021-02-01,66.7,Hard
Ugo Humbert,2021-03-01,65.8,Hard
Ugo Humbert,2021-04-01,58.3,Hard
Ugo Humbert,2021-05-01,42.5,Hard
Ugo Humbert,2021-06-01,47.3,Hard
Ugo Humbert,2021-07-01,55.0,Hard
Ugo Humbert,2021-08-01,60.0,Hard
Ugo Humbert,2021-09-01,60.0,Hard
Ugo Humbert,2022-01-01,51.0,Hard
Ugo Humbert,2022-02-01,40.0,Hard
Ugo Humbert,2022-03-01,33.3,Hard
Ugo Humbert,2022-04-01,31.7,Hard
Ugo Humbert,2022-05-01,23.8,Hard
Ugo Humbert,2022-06-01,27.1,Hard
Ugo Humbert,2022-07-01,30.0,Hard
Ugo Humbert,2022-08-01,30.0,Hard
Ugo Humbert,2022-09-01,31.7,Hard
Ugo Humbert,2022-10-01,35.0,Hard
Ugo Humbert,2023-01-01,35.0,Hard
Ugo Humbert,2023-02-01,43.3,Hard
Ugo Humbert,2023-03-01,48.0,Hard
Ugo Humbert,2023-04-01,45.0,Hard
Ugo Humbert,2023-05-01,45.0,Hard
Ugo Humbert,2023-06-01,45.0,Hard
Ugo Humbert,2023-07-01,42.7,Hard
Ugo Humbert,2023-08-01,52.0,Hard
Ugo Humbert,2023-09-01,57.5,Hard
Ugo Humbert,2023-10-01,62.5,Hard
Ugo Humbert,2023-11-01,68.8,Hard
Ugo Humbert,2024-01-01,74.0,Hard
Ugo Humbert,2024-02-01,75.0,Hard
Ugo Humbert,2024-03-01,75.0,Hard
Ugo Humbert,2024-04-01,72.1,Hard
Ugo Humbert,2024-05-01,60.0,Hard
Ugo Humbert,2024-06-01,58.0,Hard
Ugo Humbert,2024-07-01,48.6,Hard
Ugo Humbert,2024-08-01,42.0,Hard
Ugo Humbert,2024-09-01,50.0,Hard
Ugo Humbert,2024-10-01,59.0,Hard
Ugo Humbert,2024-12-01,67.5,Hard
Ugo Humbert,2025-01-01,71.2,Hard
Ugo Humbert,2025-02-01,73.6,Hard
Ugo Humbert,2025-03-01,75.0,Hard
Ugo Humbert,2025-04-01,62.5,Hard
Ugo Humbert,2025-05-01,56.7,Hard
Ugo Humbert,2025-06-01,50.0,Hard
Ugo Humbert,2025-08-01,38.3,Hard
Ugo Humbert,2025-09-01,35.0,Hard
Ugo Humbert,2025-10-01,47.5,Hard
Valentin Vacherot,2025-10-01,67.0,
Vasek Pospisil,2015-06-01,46.4,Hard
Vasek Pospisil,2015-07-01,50.0,Hard
Vasek Pospisil,2015-08-01,50.0,Hard
Vasek Pospisil,2015-09-01,53.0,Hard
Vasek Pospisil,2015-10-01,55.0,Hard
Vasek Pospisil,2016-01-01,52.5,Hard
Vasek Pospisil,2016-02-01,47.5,Hard
Vasek Pospisil,2016-03-01,43.0,Hard
Vasek Pospisil,2016-04-01,40.0,Hard
Vasek Pospisil,2016-05-01,35.0,Hard
Vasek Pospisil,2016-06-01,23.0,Hard
Vasek Pospisil,2016-07-01,23.3,Hard
Vasek Pospisil,2016-08-01,23.8,Hard
Vasek Pospisil,2016-09-01,25.0,Hard
Vasek Pospisil,2016-10-01,30.0,Hard
Vasek Pospisil,2017-01-01,30.0,Hard
Vasek Pospisil,2017-02-01,37.5,Hard
Vasek Pospisil,2017-03-01,48.3,Hard
Vasek Pospisil,2017-06-01,54.2,Hard
Vasek Pospisil,2017-07-01,56.3,Hard
Vasek Pospisil,2017-08-01,47.5,Hard
Vasek Pospisil,2017-09-01,40.0,Hard
Vasek Pospisil,2017-10-01,40.0,Hard
Vasek Pospisil,2018-01-01,35.0,Hard
Vasek Pospisil,2018-02-01,30.0,Hard
Vasek Pospisil,2018-03-01,26.3,Hard
Vasek Pospisil,2018-05-01,20.0,Hard
Vasek Pospisil,2018-06-01,20.0,Hard
Vasek Pospisil,2018-07-01,22.0,Hard
Vasek Pospisil,2018-08-01,23.3,Hard
Vasek Pospisil,2018-09-01,30.0,Hard
Vasek Pospisil,2018-10-01,35.0,Hard
Vasek Pospisil,2019-07-01,35.0,Hard
Vasek Pospisil,2019-08-01,33.3,Hard
Vasek Pospisil,2019-09-01,35.0,Hard
Vasek Pospisil,2019-10-01,38.3,Hard
Vasek Pospisil,2019-11-01,45.0,Hard
Vasek Pospisil,2020-01-01,46.7,Hard
Vasek Pospisil,2020-02-01,58.0,Hard
Vasek Pospisil,2020-08-01,66.3,Hard
Vasek Pospisil,2020-09-01,60.0,Hard
Vasek Pospisil,2020-10-01,56.7,Hard
Vasek Pospisil,2020-11-01,63.0,Hard
Vasek Pospisil,2021-02-01,55.0,Hard
Vasek Pospisil,2021-03-01,55.0,Hard
Vasek Pospisil,2021-06-01,46.7,Hard
Vasek Pospisil,2021-07-01,45.0,Hard
Vasek Pospisil,2021-08-01,45.0,Hard
Vasek Pospisil,2021-09-01,36.7,Hard
Vasek Pospisil,2021-10-01,37.5,Hard
Vasek Pospisil,2021-11-01,35.0,Hard
Vasek Pospisil,2022-02-01,41.7,Hard
Vasek Pospisil,2022-08-01,35.0,Hard
Vasek Pospisil,2022-09-01,40.0,Hard
Vasek Pospisil,2023-01-01,40.0,Hard
Vasek Pospisil,2023-08-01,40.0,Hard
Vasek Pospisil,2023-09-01,40.0,Hard
Vasek Pospisil,2024-02-01,45.0,Hard
Vasek Pospisil,2024-08-01,40.0,Hard
Vasek Pospisil,2025-07-01,40.0,Hard
Victor Estrella,2015-04-01,60.0,Clay
Victor Estrella,2015-05-01,57.5,Clay
Victor Estrella,2015-06-01,45.0,Clay
Victor Estrella,2015-07-01,45.0,Clay
Victor Estrella,2015-08-01,46.7,Clay
Victor Estrella,2015-09-01,46.3,Clay
Victor Estrella,2015-10-01,41.7,Clay
Victor Estrella,2016-01-01,40.0,Clay
Victor Estrella,2016-02-01,51.4,Clay
Victor Estrella,2016-03-01,50.0,Clay
Victor Estrella,2016-04-01,48.0,Clay
Victor Estrella,2016-05-01,50.0,Clay
Victor Estrella,2016-06-01,53.3,Clay
Victor Estrella,2016-07-01,45.0,Clay
Victor Estrella,2016-08-01,31.7,Clay
Victor Estrella,2017-01-01,35.0,Clay
Victor Estrella,2017-02-01,45.0,Clay
Victor Estrella,2017-04-01,40.0,Clay
Victor Estrella,2017-05-01,41.7,Clay
Victor Estrella,2017-06-01,40.0,Clay
Victor Estrella,2017-07-01,40.0,Clay
Victor Estrella,2018-01-01,40.0,Clay
Victor Estrella,2018-02-01,34.0,Clay
Victor Estrella,2018-03-01,17.5,Clay
Victor Estrella,2018-07-01,15.0,Clay
Viktor Troicki,2015-03-01,72.5,Grass
Viktor Troicki,2015-04-01,61.3,Grass
Viktor Troicki,2015-05-01,52.5,Grass
Viktor Troicki,2015-06-01,56.1,Grass
Viktor Troicki,2015-07-01,65.0,Grass
Viktor Troicki,2015-08-01,53.6,Grass
Viktor Troicki,2015-09-01,45.0,Grass
Viktor Troicki,2015-10-01,41.7,Grass
Viktor Troicki,2015-11-01,38.3,Grass
Viktor Troicki,2016-01-01,50.0,Grass
Viktor Troicki,2016-02-01,66.9,Grass
Viktor Troicki,2016-03-01,66.0,Grass
Viktor Troicki,2016-04-01,58.3,Grass
Viktor Troicki,2016-05-01,48.6,Grass
Viktor Troicki,2016-06-01,41.3,Grass
Viktor Troicki,2016-07-01,40.0,Grass
Viktor Troicki,2016-08-01,40.0,Grass
Viktor Troicki,2016-09-01,47.1,Grass
Viktor Troicki,2016-10-01,56.5,Grass
Viktor Troicki,2017-01-01,56.9,Grass
Viktor Troicki,2017-02-01,58.3,Grass
Viktor Troicki,2017-03-01,53.3,Grass
Viktor Troicki,2017-04-01,52.5,Grass
Viktor Troicki,2017-05-01,55.0,Grass
Viktor Troicki,2017-06-01,45.0,Grass
Viktor Troicki,2017-07-01,45.0,Grass
Viktor Troicki,2017-08-01,41.7,Grass
Viktor Troicki,2017-09-01,41.3,Grass
Viktor Troicki,2017-10-01,39.4,Grass
Viktor Troicki,2018-01-01,42.5,Grass
Viktor Troicki,2018-02-01,43.3,Grass
Viktor Troicki,2018-03-01,40.0,Grass
Viktor Troicki,2018-04-01,33.3,Grass
Viktor Troicki,2018-06-01,30.0,Grass
Viktor Troicki,2018-08-01,25.0,Grass
Viktor Troicki,2018-09-01,30.0,Grass
Viktor Troicki,2019-01-01,35.0,Grass
Viktor Troicki,2019-02-01,35.0,Grass
Viktor Troicki,2019-06-01,36.7,Grass
Viktor Troicki,2019-07-01,35.0,Grass
Viktor Troicki,2020-02-01,35.0,Grass
Viktor Troicki,2020-10-01,35.0,Grass
Viktor Troicki,2020-11-01,35.0,Grass
Viktor Troicki,2021-02-01,35.0,Grass
Viktor Troicki,2021-04-01,30.0,Grass
Viktor Troicki,2021-06-01,35.0,Grass
Yannick Hanfmann,2019-05-01,40.0,Clay
Yannick Hanfmann,2019-07-01,35.0,Clay
Yannick Hanfmann,2020-09-01,39.3,Clay
Yannick Hanfmann,2020-10-01,38.3,Clay
Yannick Hanfmann,2021-02-01,41.3,Clay
Yannick Hanfmann,2021-03-01,43.3,Clay
Yannick Hanfmann,2021-04-01,53.0,Clay
Yannick Hanfmann,2021-05-01,45.0,Clay
Yannick Hanfmann,2021-06-01,42.5,Clay
Yannick Hanfmann,2021-07-01,42.5,Clay
Yannick Hanfmann,2021-08-01,45.0,Clay
Yannick Hanfmann,2022-01-01,45.0,Clay
Yannick Hanfmann,2022-02-01,46.7,Clay
Yannick Hanfmann,2022-04-01,40.0,Clay
Yannick Hanfmann,2022-07-01,46.7,Clay
Yannick Hanfmann,2022-08-01,50.0,Clay
Yannick Hanfmann,2023-01-01,50.0,Clay
Yannick Hanfmann,2023-02-01,45.0,Clay
Yannick Hanfmann,2023-04-01,53.9,Clay
Yannick Hanfmann,2023-05-01,61.4,Clay
Yannick Hanfmann,2023-06-01,67.5,Clay
Yannick Hanfmann,2023-07-01,60.8,Clay
Yannick Hanfmann,2023-08-01,50.0,Clay
Yannick Hanfmann,2023-09-01,42.5,Clay
Yannick Hanfmann,2023-10-01,43.3,Clay
Yannick Hanfmann,2023-11-01,35.0,Clay
Yannick Hanfmann,2024-01-01,33.8,Clay
Yannick Hanfmann,2024-02-01,37.1,Clay
Yannick Hanfmann,2024-03-01,41.0,Clay
Yannick Hanfmann,2024-04-01,38.8,Clay
Yannick Hanfmann,2024-05-01,42.0,Clay
Yannick Hanfmann,2024-06-01,40.0,Clay
Yannick Hanfmann,2024-07-01,40.7,Clay
Yannick Hanfmann,2024-09-01,52.5,Clay
Yannick Hanfmann,2024-12-01,55.0,Clay
Yannick Hanfmann,2025-01-01,51.7,Clay
Yannick Hanfmann,2025-02-01,55.0,Clay
Yannick Hanfmann,2025-03-01,55.0,Clay
Yannick Hanfmann,2025-04-01,57.5,Clay
Yannick Hanfmann,2025-05-01,55.0,Clay
Yannick Hanfmann,2025-06-01,47.5,Clay
Yannick Hanfmann,2025-07-01,46.7,Clay
Yannick Hanfmann,2025-09-01,45.0,Clay
Yannick Hanfmann,2025-10-01,44.0,Clay
Yannick Hanfmann,2025-11-01,52.5,Clay
Yen Hsun Lu,2015-06-01,42.5,Hard
Yen Hsun Lu,2015-07-01,47.5,Hard
Yen Hsun Lu,2015-08-01,45.0,Hard
Yen Hsun Lu,2015-10-01,51.2,Hard
Yen Hsun Lu,2016-05-01,45.0,Hard
Yen Hsun Lu,2016-06-01,45.0,Hard
Yen Hsun Lu,2016-07-01,45.0,Hard
Yen Hsun Lu,2016-08-01,47.5,Hard
Yen Hsun Lu,2016-09-01,47.5,Hard
Yen Hsun Lu,2016-10-01,45.0,Hard
Yen Hsun Lu,2017-01-01,45.0,Hard
Yen Hsun Lu,2017-02-01,41.3,Hard
Yen Hsun Lu,2017-03-01,38.3,Hard
Yen Hsun Lu,2017-05-01,35.0,Hard
Yen Hsun Lu,2017-07-01,30.0,Hard
Yen Hsun Lu,2017-08-01,31.3,Hard
Yen Hsun Lu,2017-09-01,36.7,Hard
Yen Hsun Lu,2017-10-01,37.5,Hard
Yen Hsun Lu,2020-01-01,35.0,Hard
Yen Hsun Lu,2020-02-01,35.0,Hard
Yen Hsun Lu,2021-02-01,32.5,Hard
Yen Hsun Lu,2021-03-01,35.0,Hard
Yen Hsun Lu,2021-05-01,35.0,Hard
Yen Hsun Lu,2021-06-01,30.0,Hard
Yen Hsun Lu,2021-07-01,30.0,Hard
Yoshihito Nishioka,2016-07-01,40.0,Hard
Yoshihito Nishioka,2016-08-01,42.5,Hard
Yoshihito Nishioka,2016-09-01,48.3,Hard
Yoshihito Nishioka,2016-10-01,50.0,Hard
Yoshihito Nishioka,2017-01-01,45.0,Hard
Yoshihito Nishioka,2017-02-01,41.1,Hard
Yoshihito Nishioka,2017-03-01,46.7,Hard
Yoshihito Nishioka,2018-01-01,50.0,Hard
Yoshihito Nishioka,2018-02-01,50.0,Hard
Yoshihito Nishioka,2018-03-01,48.3,Hard
Yoshihito Nishioka,2018-04-01,50.0,Hard
Yoshihito Nishioka,2018-05-01,45.0,Hard
Yoshihito Nishioka,2018-07-01,46.3,Hard
Yoshihito Nishioka,2018-08-01,40.0,Hard
Yoshihito Nishioka,2018-09-01,43.3,Hard
Yoshihito Nishioka,2018-10-01,45.0,Hard
Yoshihito Nishioka,2018-12-01,45.0,Hard
Yoshihito Nishioka,2019-01-01,53.0,Hard
Yoshihito Nishioka,2019-02-01,55.0,Hard
Yoshihito Nishioka,2019-03-01,60.0,Hard
Yoshihito Nishioka,2019-04-01,53.3,Hard
Yoshihito Nishioka,2019-05-01,43.8,Hard
Yoshihito Nishioka,2019-07-01,41.3,Hard
Yoshihito Nishioka,2019-08-01,50.0,Hard
Yoshihito Nishioka,2019-09-01,45.0,Hard
Yoshihito Nishioka,2019-10-01,50.0,Hard
Yoshihito Nishioka,2019-11-01,52.5,Hard
Yoshihito Nishioka,2020-01-01,56.7,Hard
Yoshihito Nishioka,2020-02-01,57.5,Hard
Yoshihito Nishioka,2020-08-01,55.0,Hard
Yoshihito Nishioka,2020-09-01,52.5,Hard
Yoshihito Nishioka,2020-10-01,51.7,Hard
Yoshihito Nishioka,2020-11-01,50.0,Hard
Yoshihito Nishioka,2021-02-01,40.8,Hard
Yoshihito Nishioka,2021-03-01,35.0,Hard
Yoshihito Nishioka,2021-05-01,39.1,Hard
Yoshihito Nishioka,2021-06-01,43.3,Hard
Yoshihito Nishioka,2021-07-01,37.5,Hard
Yoshihito Nishioka,2021-08-01,35.0,Hard
Yoshihito Nishioka,2021-10-01,33.8,Hard
Yoshihito Nishioka,2022-01-01,23.3,Hard
Yoshihito Nishioka,2022-02-01,20.0,Hard
Yoshihito Nishioka,2022-03-01,28.3,Hard
Yoshihito Nishioka,2022-04-01,30.0,Hard
Yoshihito Nishioka,2022-05-01,30.0,Hard
Yoshihito Nishioka,2022-06-01,30.0,Hard
Yoshihito Nishioka,2022-08-01,46.1,Hard
Yoshihito Nishioka,2022-09-01,60.0,Hard
Yoshihito Nishioka,2022-10-01,64.3,Hard
Yoshihito Nishioka,2023-01-01,65.6,Hard
Yoshihito Nishioka,2023-02-01,65.0,Hard
Yoshihito Nishioka,2023-03-01,52.5,Hard
Yoshihito Nishioka,2023-04-01,51.2,Hard
Yoshihito Nishioka,2023-05-01,52.0,Hard
Yoshihito Nishioka,2023-07-01,43.3,Hard
Yoshihito Nishioka,2023-08-01,33.8,Hard
Yoshihito Nishioka,2023-09-01,44.3,Hard
Yoshihito Nishioka,2023-10-01,46.0,Hard
Yoshihito Nishioka,2024-01-01,40.0,Hard
Yoshihito Nishioka,2024-02-01,52.2,Hard
Yoshihito Nishioka,2024-03-01,45.0,Hard
Yoshihito Nishioka,2024-04-01,40.0,Hard
Yoshihito Nishioka,2024-05-01,40.0,Hard
Yoshihito Nishioka,2024-06-01,43.3,Hard
Yoshihito Nishioka,2024-07-01,46.9,Hard
Yoshihito Nishioka,2024-08-01,55.0,Hard
Yoshihito Nishioka,2024-09-01,62.5,Hard
Yoshihito Nishioka,2024-10-01,60.0,Hard
Yoshihito Nishioka,2024-12-01,60.0,Hard
Yoshihito Nishioka,2025-01-01,56.0,Hard
Yoshihito Nishioka,2025-02-01,55.0,Hard
Yoshihito Nishioka,2025-03-01,55.0,Hard
Yoshihito Nishioka,2025-05-01,47.5,Hard
Yoshihito Nishioka,2025-06-01,40.0,Hard
Yoshihito Nishioka,2025-07-01,40.0,Hard
Yoshihito Nishioka,2025-08-01,35.0,Hard
Yoshihito Nishioka,2025-09-01,30.0,Hard
Yoshihito Nishioka,2025-10-01,28.3,Hard
Yuichi Sugita,2016-08-01,40.0,Grass
Yuichi Sugita,2016-10-01,38.3,Grass
Yuichi Sugita,2017-04-01,42.5,Grass
Yuichi Sugita,2017-05-01,42.5,Grass
Yuichi Sugita,2017-06-01,42.9,Grass
Yuichi Sugita,2017-07-01,52.5,Grass
Yuichi Sugita,2017-08-01,53.8,Grass
Yuichi Sugita,2017-09-01,65.8,Grass
Yuichi Sugita,2017-10-01,63.3,Grass
Yuichi Sugita,2018-01-01,53.3,Grass
Yuichi Sugita,2018-02-01,47.9,Grass
Yuichi Sugita,2018-03-01,37.5,Grass
Yuichi Sugita,2018-04-01,30.0,Grass
Yuichi Sugita,2018-05-01,21.7,Grass
Yuichi Sugita,2018-06-01,28.6,Grass
Yuichi Sugita,2018-07-01,30.0,Grass
Yuichi Sugita,2018-08-01,21.7,Grass
Yuichi Sugita,2018-09-01,20.0,Grass
Yuichi Sugita,2018-10-01,20.0,Grass
Yuichi Sugita,2019-07-01,20.0,Grass
Yuichi Sugita,2019-09-01,20.0,Grass
Yuichi Sugita,2019-10-01,31.3,Grass
Yuichi Sugita,2019-11-01,30.0,Grass
Yuichi Sugita,2020-01-01,32.5,Grass
Yuichi Sugita,2020-02-01,31.7,Grass
Yuichi Sugita,2020-08-01,30.0,Grass
Yuichi Sugita,2020-09-01,30.0,Grass
Yuichi Sugita,2020-10-01,35.0,Grass
Yuichi Sugita,2020-11-01,35.0,Grass
Yuichi Sugita,2021-02-01,40.0,Grass
Yuichi Sugita,2021-06-01,40.0,Grass
Yuichi Sugita,2021-07-01,40.0,Grass
Yuichi Sugita,2021-08-01,30.0,Grass
Zhizhen Zhang,2022-10-01,44.0,Clay
Zhizhen Zhang,2023-01-01,35.0,Clay
Zhizhen Zhang,2023-03-01,35.0,Clay
Zhizhen Zhang,2023-04-01,41.7,Clay
Zhizhen Zhang,2023-05-01,51.3,Clay
Zhizhen Zhang,2023-06-01,50.0,Clay
Zhizhen Zhang,2023-07-01,51.9,Clay
Zhizhen Zhang,2023-08-01,50.0,Clay
Zhizhen Zhang,2023-10-01,55.0,Clay
Zhizhen Zhang,2024-01-01,55.0,Clay
Zhizhen Zhang,2024-02-01,53.9,Clay
Zhizhen Zhang,2024-03-01,45.0,Clay
Zhizhen Zhang,2024-04-01,41.3,Clay
Zhizhen Zhang,2024-05-01,46.3,Clay
Zhizhen Zhang,2024-06-01,50.8,Clay
Zhizhen Zhang,2024-07-01,57.5,Clay
Zhizhen Zhang,2024-08-01,55.0,Clay
Zhizhen Zhang,2024-09-01,54.2,Clay
Zhizhen Zhang,2024-10-01,43.8,Clay
Zhizhen Zhang,2024-12-01,41.7,Clay
Zhizhen Zhang,2025-01-01,33.3,Clay
Zhizhen Zhang,2025-02-01,35.8,Clay
Zhizhen Zhang,2025-03-01,25.0,Clay
Zhizhen Zhang,2025-09-01,25.0,Clay
Zhizhen Zhang,2025-10-01,25.0,Clay
Zizou Bergs,2023-03-01,20.0,Hard
Zizou Bergs,2023-04-01,20.0,Hard
Zizou Bergs,2023-07-01,20.0,Hard
Zizou Bergs,2023-09-01,20.0,Hard
Zizou Bergs,2024-01-01,20.0,Hard
Zizou Bergs,2024-02-01,26.7,Hard
Zizou Bergs,2024-04-01,30.0,Hard
Zizou Bergs,2024-05-01,36.3,Hard
Zizou Bergs,2024-06-01,40.0,Hard
Zizou Bergs,2024-07-01,40.0,Hard
Zizou Bergs,2024-08-01,42.0,Hard
Zizou Bergs,2024-09-01,43.8,Hard
Zizou Bergs,2024-10-01,47.1,Hard
Zizou Bergs,2024-11-01,53.3,Hard
Zizou Bergs,2024-12-01,57.5,Hard
Zizou Bergs,2025-01-01,59.2,Hard
Zizou Bergs,2025-02-01,66.5,Hard
Zizou Bergs,2025-03-01,66.0,Hard
Zizou Bergs,2025-04-01,62.5,Hard
Zizou Bergs,2025-05-01,57.5,Hard
Zizou Bergs,2025-06-01,52.5,Hard
Zizou Bergs,2025-07-01,42.5,Hard
Zizou Bergs,2025-08-01,42.0,Hard
Zizou Bergs,2025-09-01,42.0,Hard
Zizou Bergs,2025-10-01,46.3,Hard
Zizou Bergs,2025-11-01,55.0,Hard
